A,B,C,D,E,F,G,H,I,J,K,L,M,N,O
0.5926077,0.056409538,0.16145542,-0.010476634,0.07404837,0.09762035,-0.015843779,0.1913598,0.00885424,-0.46408826,-0.12775394,-0.12604709,-0.08419596,-0.2654205,0.15191698
-0.49663797,-0.106588215,-0.05872342,0.09357418,0.10847466,-0.036975615,0.100901574,0.016264059,-0.10561955,0.33179498,-0.115167744,-0.037255667,-0.045005716,0.15750924,-0.11977163
0.2642179,0.100067616,0.0007265657,-0.08496271,0.19861628,-0.01762934,-0.13615908,-0.031017885,0.10427338,-0.25981635,-0.07005519,-0.08541672,-0.020173892,-0.034507558,-0.02554918
-0.40008074,0.078231245,0.0066108406,0.098424464,-0.07408859,-0.013410091,0.1113233,0.09177771,0.016374424,0.30992097,-0.09925632,0.0500578,-0.11667794,0.17694618,-0.27697197
0.3009665,0.09153618,-0.034813493,0.12999895,-0.017418161,-0.104357064,-0.12968841,0.12495242,0.14000553,-0.16990423,-0.104397744,0.02371025,0.01064837,-0.057685256,0.18204284
-0.15773173,-0.122515604,-0.13229403,-0.14984569,0.118940234,0.052936897,0.13072506,0.081018806,-0.056699686,0.2514512,-0.03458675,0.1102103,-0.1216213,0.03621787,0.28676248
0.17726399,0.111492306,-0.011964984,0.10960865,-0.19031641,0.09905283,-0.012386188,-0.12496613,0.06758742,-0.10307509,-0.104029246,-0.06049476,0.122869104,0.039666772,0.020266175
0.0012945533,0.10820663,0.235492,-0.013370022,0.011658341,0.011591852,0.04331419,-0.01273185,0.13437748,0.15105964,0.08317719,0.10582113,0.14407164,-0.18510462,0.07576924
0.17894414,-0.10788553,0.0070471168,0.09232019,0.048835233,-0.059273675,0.020992845,0.24808359,0.14926255,-0.30197927,0.2637303,0.030782491,0.11535367,0.10179444,0.21511413
-0.38246396,0.013775319,0.03139727,-0.09525617,0.23630019,-0.10690646,-0.12761647,-0.16315317,0.019584954,0.40629086,0.039932974,-0.030721523,0.02872914,0.15749224,-0.0030849278
0.28365088,-0.07542308,-0.18020296,-0.05761487,-0.008560307,-0.06784773,0.10881868,-0.09075381,-0.13676839,-0.03665857,-0.11972958,-0.108223975,-0.008093685,0.21737902,-0.09943025
-0.08415808,0.12329748,-0.048548087,-0.089762256,-0.012361623,-0.045892827,-0.07769709,-0.1950025,0.0035562366,0.55350745,-0.10229713,0.09650239,-0.14082631,-0.022883914,-0.18986659
0.48515362,0.07885195,-0.16813289,-0.1453146,-0.20254543,-0.06370527,0.09044029,0.0038017184,-0.07955457,-0.10863067,-0.04543297,0.14193094,-0.108107746,-0.13142768,-0.00849241
-0.25852668,-0.06644116,-0.055905163,0.12427133,-0.19364527,-0.04192411,-0.094199866,-0.019682348,0.070653096,0.17926398,-0.20338029,-0.13876098,0.044918418,-0.1158319,-0.07109893
0.25137675,-0.03964918,0.029339202,0.14704224,0.23411599,0.02897276,-0.13870597,-0.20170005,-0.10294383,-0.595026,-0.09771553,-0.063370034,-0.09685439,-0.05630195,-0.14319168
-0.61788577,-0.009609431,0.05589117,0.02034904,0.022116013,0.051563486,0.14850023,-0.0011709705,0.019910365,0.34509102,-0.09176201,-0.02592779,0.09940149,0.27263024,0.0111390725
0.27906543,-0.02516704,0.18184698,0.01412718,-0.041422345,0.079494566,0.13029501,0.10137883,0.02904287,-0.29848254,-0.016260624,-0.04227432,0.1059182,0.13539615,0.06722989
-0.30926746,0.08701369,0.1345911,0.024903044,0.08764765,0.04982017,0.014024138,-0.10000407,-0.09347735,0.27550787,0.20543043,-0.053034514,0.13590813,0.08745264,-0.056842268
0.28402933,0.11721113,0.055659547,0.035628676,0.14427628,0.036777183,-0.07686784,0.03720925,-0.03516233,-0.07194401,0.007603273,-0.003608808,0.06376818,0.21040165,-0.11701105
0.009924144,-0.07356659,0.11672604,-0.12281702,0.1514667,-0.04056053,0.008653164,0.17144729,-0.14703654,0.56345075,0.14728507,-0.05643697,0.09804042,0.19341215,-0.0105693415
0.42753726,-0.012396932,0.17682207,-0.0036646873,-0.14053598,-0.12807557,0.019803658,-0.20707923,0.07080735,0.4212333,-0.006579593,0.05157125,0.06639777,0.064853854,-0.27402297
0.4706542,0.10279101,-0.1423532,-0.06193448,0.10358812,-0.014844418,-0.009228498,0.008441612,0.067433015,0.38952297,-0.028833032,-0.066021435,0.05641979,-0.16016528,0.035768747
0.4301087,-0.14148605,0.102347925,0.090088055,0.08386435,-0.13186944,0.047347218,0.095039845,-0.031842344,0.44770595,0.19563243,-0.0964274,0.06550036,0.15378332,-0.18257213
0.39104855,0.01707913,0.065133944,-0.122684605,0.086482346,0.03581591,0.086547464,-0.010716826,0.028360397,0.5178238,0.19650407,0.05668643,-0.014446661,0.12883738,-0.13057896
0.61457574,-0.11365259,0.0728993,0.015526593,-0.16665366,-0.027664036,0.06421217,-0.10842165,0.07494874,0.46677876,-0.11667071,0.05014132,-0.026767373,-0.042973936,-0.054319315
0.41935605,-0.13165416,-0.11531777,0.076856986,0.11616567,0.107161045,-0.095081255,-0.2561816,0.068410516,0.4600767,-0.08997476,-0.060984373,-0.049292654,-0.056837976,0.056581303
0.33458313,-0.09930336,0.19852334,0.14181724,0.020602658,-0.1299105,-0.09927121,0.013573691,0.03092514,0.4185722,0.048366144,0.0442677,0.14569667,0.22434887,-0.121108234
0.4732728,0.1256626,0.049836844,0.10450357,0.28575274,0.09276837,-0.09997521,-0.15084042,0.14452115,0.48609388,0.037966475,0.10392943,0.003779322,0.014080748,0.32170653
0.6343647,0.055740476,0.12376274,0.060663894,0.02141413,0.024576426,0.03441155,0.12812251,-0.06015966,0.7626245,0.05024545,-0.12632468,0.11905345,0.1754303,0.13118678
0.7105958,-0.14917725,0.2405667,-0.044528924,0.02992417,-0.07137539,-0.0069015175,0.08893466,-0.059171557,0.9670614,-0.0008378476,-0.06382973,0.07917033,-0.033622116,-0.13981776
0.97897077,-0.1126558,-0.09483192,0.12381253,-0.09311001,-0.13987583,-0.0134513825,-0.14239423,-0.13654569,0.6970223,0.0018381998,0.122277975,0.05151488,-0.10058232,-0.228818
0.7746108,-0.014451116,-0.15031023,-0.059751987,0.106752574,-0.11508876,-0.11845788,-0.19039732,-0.12046316,0.8901411,0.1285217,-0.07049849,0.023951605,-0.14326973,0.13119714
0.94369376,0.03914103,-0.050610572,-0.110502206,-0.16233428,0.12899029,-0.080774516,-0.15831774,-0.07504667,0.5894178,-0.041797765,0.011921197,-0.09318797,0.045641333,-0.2621449
0.7171659,-0.1277358,0.08921793,0.13393682,-0.0036095306,0.047440425,0.13854074,0.050310135,-0.14548758,0.9456142,-0.12263101,0.040663093,-0.07992017,-0.21912244,-0.12097966
1.0902041,-0.009417176,0.08025505,0.12859005,0.00029879808,0.09706043,-0.026112095,-0.13031694,0.0786884,0.43077385,-0.12755404,0.13148415,-0.059038766,0.13190672,0.319846
0.4616959,-0.1442643,0.0803571,0.037671596,0.073193006,-0.10526146,-0.13062069,0.10226315,0.14233151,1.1436901,-0.061437197,0.06331058,-0.012956247,-0.13494104,0.18326068
1.0601071,-0.06278451,0.017696679,0.1453104,0.08918516,-0.09930208,0.04956405,-0.10178025,-0.045843154,0.33171728,0.023959637,-0.037978165,-0.06841255,-0.013862759,0.10469113
0.18564369,0.078487486,-0.2705944,-0.06006042,0.24129446,-0.081170335,-0.01990676,-0.046208903,-0.0051722676,1.21083,-0.049193434,-0.052698217,-0.10143942,-0.0571962,0.06521024
1.2517554,0.006847501,-0.18349071,-0.110119164,-0.020573743,-0.08048619,-0.00449875,0.01238355,0.057047337,0.2656135,-0.06076461,0.11007112,0.10490981,0.09291454,-0.17409073
0.20131692,-0.06378662,-0.052559257,0.073754236,-0.028261662,-0.057285696,-0.019642472,0.15084013,-0.05214926,1.2217785,0.23949707,-0.057780705,0.12085512,-0.11420453,-0.05630257
1.2320874,0.1490506,0.12508734,-0.0007172376,0.14263484,0.030403882,-0.115541324,0.068624474,0.062727034,0.2075282,0.20721588,-0.12222724,0.12956825,0.02187346,0.13251826
0.3223013,0.14540663,0.047579683,-0.013126761,-0.06794012,-0.12698574,-0.0050513893,0.19066879,0.035097852,1.4647273,0.08721779,-0.13295393,-0.07030417,0.2526324,0.016027242
1.4796858,-0.10894161,-0.101038024,0.049975917,0.09692967,0.017686516,-0.037652224,0.27940956,0.06368974,0.42900315,-0.0019908994,0.052979857,-0.04431837,-0.16120589,0.0021419376
0.28121722,-0.056438655,0.09060321,-0.14341974,0.17899679,-0.1463792,-0.121916905,-0.18014151,-0.12139519,1.4407469,0.011540748,0.09846443,-0.05291698,0.18882214,0.095960945
1.4264925,0.06885122,-0.15966569,0.054894164,-0.25967753,0.0070325136,0.03028664,-0.07321258,-0.14672428,0.5102345,-0.09257925,-0.11643465,0.096165046,0.15113954,-0.0031248182
0.54476035,0.033769652,0.0892797,-0.04722371,-0.0141565725,-0.1112853,-0.00043790042,0.08008093,-0.06767702,1.3836354,-0.0025638044,0.11868617,0.117414445,-0.17754662,-0.100718655
1.5165572,0.012771815,0.028810084,0.13180071,-0.059108652,-0.12050617,0.073303625,0.04201965,0.054225698,0.2250719,0.18374859,0.04380761,-0.060424253,0.09886456,0.10453472
0.2281712,0.046023205,-0.25785178,0.09754914,0.13219652,0.08848201,0.08132346,-0.107077874,0.10166466,1.5198956,-0.08401807,-0.004700005,0.0077156126,0.04527267,0.24142638
1.3921113,0.09636101,-0.0074325353,-0.08501056,-0.034948453,-0.053480677,-0.12843606,0.11982696,-0.08570672,0.4443166,-0.07090466,0.0633748,0.012420356,0.22820665,-0.030846462
0.41421694,0.1449106,-0.13319662,-0.06291148,-0.15695268,0.008831814,0.091301456,0.020172842,0.008259267,1.6184033,-0.056803346,-0.008298963,0.08779618,0.003778845,-0.13702154
1.7181158,-0.007283628,0.047366418,0.09599303,-0.1124365,-0.1438292,0.1036329,0.25196692,0.042660505,0.20551771,0.0084374845,0.14979702,0.112095535,-0.2697771,-0.18361756
0.21816978,0.02016215,0.030686751,-0.14609942,0.01361312,0.029547915,0.0546346,0.035628334,0.12901995,1.2445147,0.12787005,-0.11310792,-0.14392823,-0.04171224,0.1038578
1.1484458,0.1384866,-0.05244179,-0.07149015,-0.17973703,0.12108299,-0.12239006,0.11588909,0.11061701,0.17449364,-0.03887707,-0.085603476,0.020971328,-0.0264583,-0.3230579
0.09686205,-0.13676463,0.05069332,0.005969286,-0.20933558,-0.095733695,-0.13596362,0.24738333,0.1321049,1.0188713,0.028275236,0.10683051,0.02555415,-0.31459996,-0.23521918
1.0379174,-0.036466204,-0.008178942,-0.018130034,-0.024975434,0.05349885,0.014560118,-0.004920259,0.06177871,-0.2864596,0.0013414323,-0.08064493,0.06711267,-0.26160708,0.10116759
-0.36378387,0.14248958,0.19467625,-0.005324796,-0.13624105,-0.060134754,0.13676685,0.08055759,-0.100883,0.779416,0.1496088,0.09474623,-0.106630996,-0.10039195,-0.1944823
0.8373144,0.058638886,-0.09830387,-0.123640254,0.0031810254,-0.031101465,0.12343922,0.0038139522,0.04419358,-0.5351626,-0.18843551,0.0706162,0.057041243,-0.0086456835,0.1454108
-0.45758003,-0.0138088465,0.11112566,0.08718391,-0.051523983,0.07563123,-0.11796849,-0.034011573,-0.022730201,0.84932655,0.17157604,-0.04947848,0.0658534,0.1291755,0.025231704
0.96746534,-0.010970652,0.19665079,0.014015362,0.13474578,-0.044282965,-0.14523289,-0.102092996,-0.035413153,-0.3167365,-0.036076285,-0.05944766,0.1356763,0.0099865645,0.07643197
-0.28064734,-0.02290596,0.08012026,-0.007287383,0.13777973,0.124925256,-0.13958645,-0.017210066,0.10712558,1.122897,0.15889886,-0.06065646,0.04669501,0.26517573,-0.12297806
1.1169271,0.04416214,0.08614271,-0.13925658,0.005446762,-0.02164936,0.086884394,0.060739145,-0.009562805,0.14042506,0.020034835,0.08788589,-0.0841205,0.21779625,-0.00258255
0.23272474,-0.057135403,-0.1319556,0.109897286,-0.15779896,-0.014036074,0.08191678,0.10455704,-0.095424615,1.2393937,-0.22152649,0.014218941,-0.14820231,-0.012141436,0.044522136
1.3613272,-0.12254272,-0.27869686,-0.061294734,0.07194526,-0.054199703,0.09326622,0.0688906,-0.12010312,-0.084593415,-0.10737078,0.12852028,0.13083363,-0.07973349,0.00516776
0.039621025,-0.10929047,0.18699014,0.049162358,0.020727009,0.0050796717,0.082733825,-0.2356931,0.07927044,1.2077473,-0.002985984,-0.008772716,0.060955256,-0.0679433,0.10729323
1.2995543,-0.10050329,0.046375617,-0.120923646,0.049902827,-0.0041134506,0.08813557,-0.11577014,-0.07041285,-0.0014943257,0.09236202,-0.040351957,0.036581412,0.06611337,0.060114726
0.021723144,-0.07323304,-0.056355685,0.026834503,-0.034260087,0.08017874,0.04894145,-0.17724559,0.12414122,1.2847631,-0.021778256,0.11955768,-0.021069363,-0.09264822,-0.16759826
1.2951556,0.14587331,-0.073406905,0.0016031265,-0.07598841,0.07067321,0.08789246,-0.19326091,-0.14198345,-0.17652246,-0.021271884,-0.09923123,-0.04084386,0.0025033131,0.19368988
-0.23419897,-0.004688084,-0.07145342,-0.0020679533,-0.12007032,-0.0643296,-0.030439481,0.24688748,-0.08342749,1.1334596,-0.12804168,0.088395834,-0.096781634,-0.17185521,-0.046211764
1.0674027,0.11463389,-0.15711798,-0.037609115,0.014402002,-0.1334357,-0.074256815,-0.05058392,-0.036022052,-0.6481914,-0.14300263,-0.0717521,0.011747152,-0.046424493,0.23418576
-0.7660824,-0.04825083,-0.06806782,0.13439164,0.015409023,-0.13491097,-0.08044315,0.16031434,-0.043266803,1.0384337,0.06858106,-0.13942252,0.10646537,0.14022598,-0.025974363
1.1597718,0.0073879063,0.09398112,-0.074030206,0.18098705,-0.14685495,0.14579779,-0.024642222,0.018519849,-0.7345098,0.22815531,-0.11228903,0.06416704,0.13872519,0.0066740066
-0.59418416,-0.042607248,-0.0060820878,0.13076222,-0.060575113,0.0568638,-0.04687559,-0.03747297,0.0041154325,1.3837162,0.041432306,-0.089203745,-0.033019923,0.06982922,-0.31075254
1.3422065,0.013862118,-0.11372777,0.068633884,0.24931943,0.07556988,-0.00439249,0.03388937,0.109384894,-0.47128174,-0.15918306,-0.14234209,-0.10453673,-0.18842213,-0.102590814
-0.60316646,-0.0060380846,0.016657814,-0.008628905,-0.023045257,-0.010087267,-0.07069064,0.106911585,0.0863104,1.3460104,-0.08699255,-0.03252867,0.10536033,0.108534455,-0.08624944
1.3892399,0.13756499,0.14878067,-0.10905412,-0.09801611,0.06487791,-0.052601553,0.032874867,0.05377695,-0.49478698,0.21010265,-0.13540119,-0.06644949,-0.09887544,0.019188285
-0.5380911,-0.09403466,-0.04104118,-0.04762543,-0.047053173,-0.019322157,-0.002360329,0.1265586,-0.11542161,1.2865583,0.009105653,0.11165196,0.033342347,0.040754795,-0.29835626
1.3500105,-0.04382644,0.16043465,0.1087763,-0.18452132,0.00027897954,-0.07175006,-0.07064949,0.13529173,-0.4710218,0.14962633,-0.02070859,0.113907605,0.054758355,-0.05901351
-0.5954074,-0.13534823,0.11210276,-0.14053054,0.16491847,-0.07733111,-0.033493638,-0.040884577,0.053738296,1.1341876,0.123617366,-0.08665649,-0.043760814,-0.13771792,0.17492618
1.2832961,0.05416763,-0.2488158,0.123131394,-0.085124224,0.07615489,-0.0051655173,-0.010888517,-0.12145866,-0.6447453,0.05248826,0.13326573,-0.11141977,0.2747782,-0.3014683
-0.70997345,0.06689291,-0.16989997,-0.042190038,0.2667465,-0.012188941,-0.1471455,0.06224303,0.07503836,1.5642728,-0.09154233,-0.06400885,0.08954805,-0.061155915,0.24483375
1.6018803,-0.023741677,0.09454098,0.015263081,-0.09516075,0.11042917,0.12966147,-0.018496796,-0.13897765,-0.42530882,-0.004769437,0.08154243,0.036278695,0.23973474,-0.1788347
-0.5374245,0.14580622,0.27501974,0.050571606,0.0014378726,0.09477441,0.10644123,-0.09415956,-0.055202924,1.7776375,0.06533086,0.13793242,-0.1061171,0.0066937506,0.1963823
1.6605724,0.11104798,-0.030708343,0.041200295,0.05341959,-0.0872818,0.024247274,0.05932629,0.04058957,-0.5430124,-0.13114442,0.1279785,-0.0070181787,-0.06820387,0.2516501
-0.5086823,-0.052489042,-0.22824788,-0.09427954,0.07814284,-0.05909416,-0.02296719,0.2550428,-0.040809453,1.6163301,-0.0642606,0.008891776,0.081533,0.17880204,0.16949306
1.6826298,0.13986057,0.0022668242,0.056347802,-0.1491827,0.12788248,-0.1367687,0.08563185,-0.10039097,-0.17842884,0.07821359,-0.021030739,-0.0006416738,-0.055961877,-0.008278012
-0.0668744,0.09522331,0.26470187,0.14585045,0.13338958,-0.13961415,-0.05629789,0.22816218,0.0807472,1.5591918,-0.12308225,-0.016178846,0.103922546,-0.24544984,0.0031374395
1.5443207,0.05263251,-0.007527575,0.10225281,0.2241173,-0.13467747,0.022584885,0.12440422,0.030504346,-0.046108425,0.0688628,-0.12261345,-0.086790405,0.063460395,-0.0012328625
0.007530734,0.10283056,-0.3486361,0.1413283,0.119933054,0.12278509,0.045259863,0.011957951,-0.09173783,1.6888381,-0.13790263,0.09481233,0.1455468,0.20761529,0.020030282
1.7452183,-0.012800187,0.16156471,-0.104569465,0.15196799,-0.14287707,-0.0848726,0.13707116,0.055604577,0.4540758,0.2186883,-0.008351088,-0.098135546,0.03080532,0.36962667
0.4492643,0.03129314,-0.11481966,0.13099846,-0.012312859,0.011025414,0.053019464,-0.0014107823,0.09053466,1.8483869,-0.05349137,0.011161387,0.013513342,0.088625506,-0.0042206645
1.7873834,0.08505294,0.05371207,0.001810059,-0.0051833987,0.0597277,0.005353421,0.16093521,-0.1318949,0.5512441,0.031762883,-0.104039386,-0.10285196,-0.14329931,0.028012112
0.6040999,0.094741,-0.02237691,0.14936534,-0.038346954,0.05323024,-0.10714446,0.15848158,0.0077266544,1.7614396,-0.09778428,0.09404966,0.08954893,0.022684991,-0.11903566
1.701302,0.10772988,0.12835962,-0.093115896,0.16377673,0.11844173,0.14004007,0.16728285,-0.13741043,0.46412483,0.22709374,0.103248805,-0.04021593,-0.018939666,0.11555134
0.4171845,-0.09668492,0.19742012,0.0323496,-0.17811453,-0.0890865,0.024677724,0.18909518,0.051694497,1.7366784,-0.114864565,0.14489746,-0.02110821,0.11673779,0.029247865
1.6128792,-0.026347362,0.032805055,-0.1204941,-0.092349574,-0.105040155,0.0036843568,0.04491596,-0.1441121,0.46806142,-0.13598469,-0.04437443,-0.03840024,-0.056752533,0.30015397
0.5737405,0.09932186,-0.05021961,-0.13175315,-0.019860446,-0.12324193,-0.046623662,0.100307085,0.13189265,1.3843703,0.08774995,0.0035734028,-0.12400166,-0.21600948,-0.1581324
1.531072,-0.026778124,-0.38875705,0.005770713,0.012309641,-0.052064665,-0.11761102,0.077548414,0.050630704,0.24831352,-0.087727286,-0.10162331,0.12577859,-0.012857199,-0.09571548
0.28438663,0.057011023,0.09177213,-0.11448406,0.05177404,-0.09597497,-0.12079098,0.034106947,-0.12331226,1.4156592,0.046941377,-0.09556606,-0.1306831,-0.03241185,-0.011363849
1.4257858,0.119111806,-0.114996985,0.018392086,-0.13209367,-0.14269508,0.0773159,-0.056960225,0.09414618,0.34607315,-0.19332567,-0.114303455,0.08816463,-0.064203024,-0.2859609
0.24498923,0.12003279,-0.106237546,-0.08317207,0.008631989,0.02546738,-0.12569831,0.18751453,-0.017198235,1.2338055,0.13981672,-0.14999248,0.019936338,-0.16550969,-0.22961624
1.2222564,-0.054896377,-0.03522458,-0.082393706,-0.13241613,0.14013168,0.094028875,0.1298496,0.02749893,0.2281652,0.022791192,0.0018372089,-0.13821144,-0.07649307,-0.14294843
0.15991268,-0.07811323,-0.023063272,-0.04927724,-0.054002464,0.008568436,-0.1255608,-0.20283887,-0.095552735,1.1592491,-0.26260862,0.030660942,0.05718565,-0.03938265,-0.20529935
1.1591316,-0.07577264,0.08174522,-0.06581655,0.015641503,-0.10897042,-0.050021663,-0.08446714,0.038739905,0.18302958,0.19381133,0.04779148,0.1311352,0.047669828,0.09748285
0.14789453,0.018674552,-0.08786379,0.078598484,0.08265939,0.08340071,-0.0040118545,-0.15245268,0.01833579,1.298558,0.049488947,0.08857222,-0.044497475,-0.060386017,-0.0902678
1.4014238,-0.032958806,0.026422814,0.03669621,0.17828342,-0.119112186,0.06917782,0.076738745,-0.020678341,0.22732067,-0.025902733,-0.07504678,0.034343824,-0.02149485,0.1447251
0.32179546,0.04354188,-0.050249375,0.11954737,0.012204975,0.050373405,0.12525809,-0.18112695,0.14828834,1.6063192,0.06426166,0.10353318,0.030370086,0.21873364,0.030175626
1.5173262,0.14343569,0.073854744,0.03795898,0.09741868,-0.030697063,0.1257962,-0.038167976,-0.06256741,0.48475513,0.037231803,-0.07220117,0.002634734,0.029228002,0.07733165
0.37117368,0.10602301,-0.013012931,-0.0071321875,0.0714695,0.029626891,0.06334458,-0.0029623806,-0.061393566,1.6385372,-0.14052777,0.019324943,-0.097122185,0.18504831,-0.093397796
1.721029,0.10604572,-0.0422804,0.0013696998,-0.079769626,-0.12815064,-0.11620434,-0.013496548,0.14355084,0.72775954,-0.12194493,-0.05880776,0.10378355,0.18224923,0.12090385
0.65309143,0.09762588,-0.13918467,-0.07475158,-0.1433952,-0.037623256,0.038946092,0.16064356,-0.07284969,1.9573401,-0.013480991,0.14560819,-0.061556734,-0.055123776,0.06935988
2.0403974,-0.092967555,-0.24584332,0.04987867,-0.12614504,0.12045488,-0.11061071,-0.008616924,0.0043750703,0.50469124,-0.1853024,0.13295776,-0.035643235,-0.2600325,0.15889117
0.5049015,0.092974395,-0.061673865,0.02543199,0.16510709,-0.10852842,-0.10883298,-0.21139367,-0.14752492,1.756719,0.070677266,0.010481983,0.048404828,-0.09588258,0.14440063
1.8298694,-0.13706908,0.039672002,0.13279343,0.057843193,-0.06386256,0.016097918,-0.05341132,-0.01776667,0.638139,-0.0934291,0.14490068,0.032696918,0.25914007,0.17600638
0.4945973,0.08785705,-0.16673832,0.09254219,0.19224164,-0.02430652,0.06402083,-0.09045631,0.03949295,2.1492388,-0.016246744,-0.08623336,0.14814141,0.07465458,0.3651865
2.1557493,0.030659914,0.096890174,0.10670161,0.10630174,0.017242417,0.09258057,0.20699577,0.0054736137,0.87821627,0.028864898,0.10224414,0.09864797,0.096738726,-0.065574884
0.9425811,-0.07087761,0.17347004,0.128582,-0.009327322,-0.1223046,0.116900235,-0.0017872378,0.036509052,2.3550792,0.02147448,-0.11438304,-0.0015598089,0.16546446,0.15137175
2.5048385,-0.03278169,-0.16715306,-0.01104027,0.2113416,-0.0961021,0.021695659,0.07570833,-0.0060635805,1.1259003,0.031339332,-0.021284789,0.092291996,0.12436646,-0.10420376
1.0743175,0.120516956,-0.14296451,-0.10539099,-0.15360478,-0.058071725,0.12806368,0.0008690357,-0.05505147,2.732407,0.13743871,-0.14993832,-0.07843257,0.06956336,-0.11498613
2.732443,0.06064385,-0.20187588,0.14597037,-0.11435535,0.08287589,-0.060689114,0.22796592,0.05716288,0.888762,0.014242597,-0.11975552,-0.049504176,-0.15157034,-0.28482252
1.0374782,-0.022118285,-0.0043092445,0.09515923,0.012484103,-0.13453396,0.07329728,-0.05177903,-0.073767886,2.3522863,0.06154509,0.14840275,0.10087529,-0.04234361,0.02236186
2.3368921,0.08057408,0.06891523,0.10668641,0.08832596,-0.06071935,-0.0053578615,0.10187562,0.10781881,1.1166013,0.045987166,0.14828059,-0.1304671,0.07108991,0.12326848
1.2480781,0.030120686,-0.29219323,0.13989097,0.23455253,-0.14393859,0.003605947,-0.015410244,-0.12625358,2.4531605,-0.10520354,0.005395904,-0.07408381,0.18557337,0.17663422
2.4069405,0.06390977,-0.35199392,-0.07655588,0.2236919,-0.11290725,0.060742542,0.045806482,-0.05957523,1.6664624,0.03120219,0.017610475,0.06135282,0.09451896,0.19635022
1.5673373,0.14395839,0.017034344,0.073777035,0.06870642,0.060961172,-0.020786017,0.1939953,0.12604207,2.6427667,0.0073109195,-0.0031536818,0.05954349,0.28914547,0.07387145
2.546188,0.05076322,0.15815766,-0.06262558,0.15626244,0.1059666,0.14884868,0.13979807,0.11998659,2.0458946,0.07864171,0.031289384,0.060790464,0.09891559,0.21719249
1.9813786,0.09681101,0.024528459,0.10418606,-0.19714868,0.0074347854,0.08634645,-0.0981814,0.031131297,2.8460228,0.09505245,0.06903201,0.0100982785,0.26656878,0.10736915
2.8498123,0.0743662,0.1347552,-0.09514441,0.03954918,-0.06608409,0.10713512,0.0025268048,0.081788406,1.9572324,0.11034757,0.011658952,-0.09509893,-0.17690748,0.062345132
2.0577984,-0.030188553,-0.04442866,0.06345816,0.0071643367,0.04373105,-0.0839262,0.11237708,0.038384154,2.6970904,-0.2139613,-0.097944945,0.079011604,0.09178875,-0.057319187
2.6607635,-0.05108902,0.09935409,0.03399156,0.027820505,-0.09628507,-0.06399579,-0.08491121,0.08422904,2.1046522,0.20512103,-0.04375028,0.037642106,0.041088484,-0.17428564
2.085998,0.0031665564,-0.17351156,0.14853308,-0.10446361,0.05207829,0.14831126,-0.015482783,-0.10760243,2.6948144,0.16677155,0.036308244,-0.046399124,0.016416542,-0.05499494
2.6880045,-0.064616084,-0.11716165,-0.095714435,0.038935423,-0.018802643,0.14765939,0.070911705,0.019410491,1.8703249,0.029061414,-0.10042112,0.047409564,-0.23092277,0.27676347
1.732214,-0.13545087,-0.098610595,-0.08715032,-0.13239905,0.033075035,0.14107469,-0.09580213,-0.055445448,2.4439204,0.04001093,0.07551254,0.03777203,-0.09365715,-0.21703732
2.3850105,0.014447868,0.13662241,-0.14109613,-0.14006346,-0.14121883,0.038657486,-0.27942538,-0.13000335,1.6386547,0.15389988,0.018873543,0.051722303,-0.23872945,-0.0029508024
1.773859,0.093235716,-0.030106366,-0.051026665,-0.021584287,0.09861489,-0.090883926,0.12668535,0.043948725,2.0931156,0.07544771,0.047588572,-0.069238566,-0.08940771,-0.010578349
2.0585706,-0.05750086,-0.09262929,-0.040393837,-0.1701752,-0.109005176,0.110642076,0.06481154,-0.10147112,1.7757747,0.07515512,-0.14082757,0.05765058,-0.00905548,0.040209927
1.7807176,-0.14586161,-0.05309712,0.031575292,-0.056132592,-0.09217112,0.0531061,0.05831168,0.10678807,1.8391092,0.16846295,0.0014011562,-0.020420656,-0.30765742,-0.25664252
1.7552179,-0.13124633,-0.2334722,0.105291635,-0.076509595,-0.021012306,-0.07132223,-0.011608079,-0.13538471,1.4231843,0.11829944,0.077672035,0.06663187,0.03878758,0.009467363
1.4075599,-0.053931214,0.080727294,0.02236864,0.0053534657,0.051866725,0.030292332,-0.19345284,0.0007800162,1.5914066,0.00064154714,0.038682863,0.021108374,-0.0019590706,0.27042186
1.673822,0.06774551,0.13766882,0.041812673,-0.10333568,-0.08803817,0.13721004,0.049760215,0.010723889,1.4113489,0.104431435,-0.07536859,0.11984041,-0.045242637,0.112758845
1.3949168,0.07689957,0.0110555515,-0.038539536,0.08625233,0.12829709,-0.14979802,-0.08037695,0.053617552,1.5092027,0.21051396,-0.065031305,0.1381571,-0.113610536,-0.098943725
1.4675317,-0.030664824,0.12855275,0.07386167,-0.043654315,-0.0008492172,0.14658508,-0.025437236,-0.015509903,1.3517727,0.044378877,-0.030097872,0.10083982,-0.02162712,-0.0128232315
1.4118929,-0.06224844,-0.043155074,-0.14153323,-0.012415245,-0.14094664,-0.0052939802,-0.020444624,0.10989362,1.4734906,0.065824136,0.04028289,0.13185215,-0.11672839,0.016199723
1.5727,0.118038654,0.108344,0.044714227,-0.114818156,0.120464176,0.039429083,-0.06408228,-0.013277143,1.334192,0.2606859,0.05924411,0.08772996,0.06573418,-0.05697359
1.3046484,-0.071997076,0.2501494,-0.06286045,-0.084736854,0.07588503,0.14763471,0.10286179,0.065092266,1.5261134,0.07663077,0.010789335,0.014299601,-0.25474298,0.0127201155
1.6049513,0.0049666464,0.053779557,0.07728204,-0.12726474,-0.14075129,0.0012658834,-0.10716703,0.043210298,1.068095,0.077612326,0.07705209,0.005683407,-0.12360229,0.06811152
0.9464875,0.011476114,-0.033754826,-0.032446936,0.058350056,0.09792353,0.022952572,-0.017812446,-0.097363584,1.468689,0.1215599,-0.06788907,-0.01022312,-0.09057939,0.14184693
1.4072791,-0.05029866,0.19888668,-0.13688695,0.023908257,-0.060917906,-0.08759762,0.11688982,0.0378813,1.0635095,0.08669931,0.1415416,-0.044871822,0.00815843,0.043074705
1.1456878,-0.09788561,-0.03290222,0.09944077,-0.12963662,-0.13402532,0.14194468,-0.18554686,-0.029429697,1.5735352,0.102955595,-0.038097635,-0.020594269,0.027196035,0.097999096
1.5443578,-0.09778612,-0.09539795,0.13617074,0.06388117,-0.052231036,-0.011679769,-0.16175619,0.08946264,0.9481009,-0.034329027,-0.027999364,-0.07055637,-0.03654653,0.054198727
0.84201133,-0.1355773,-0.027807571,0.121866554,0.21692935,-0.10844463,-0.07317158,-0.15498686,-0.11106672,1.472961,-0.018745601,-0.09689872,-0.10109761,-0.006316252,0.0923259
1.4510416,-0.093211524,-0.3093303,0.11916903,0.11751746,0.022522062,0.1399445,-0.068498135,-0.09604891,1.0018928,-0.14289731,-0.1313791,-0.05458244,0.36299562,-0.016554497
0.9956288,-0.08909324,-0.029443227,-0.06548862,0.24010095,0.044345096,-0.08238811,-0.20631798,-0.11711054,1.9143203,0.079292186,-0.1112833,0.12096611,0.19464318,-0.0016545951
1.9459773,-0.03505846,0.24658892,0.085634485,-0.030675694,0.09960745,-0.099632695,-0.23151785,0.1395869,1.5651013,0.22708347,0.05955921,-0.050136797,0.110014126,-0.2516735
1.5051986,-0.012976766,0.12926954,0.07236779,0.18016616,0.12570453,0.065608546,-0.0652822,0.08419569,1.9176117,-0.19489676,-0.048853867,-0.14349271,-0.04045716,0.11492711
1.8784863,0.055116624,-0.039788708,0.107741356,0.12706415,-0.09536053,-0.011154711,0.020009875,0.02359201,1.7256832,-0.05730173,-0.076391,-0.10602993,0.2577076,0.17052492
1.6608775,0.1311399,-0.29695117,-0.13362092,0.1639177,0.10187703,-0.109126925,-0.048840567,0.11270732,2.2668405,-0.19393146,0.13422865,-0.091700815,0.010971665,-0.060761586
2.1950035,0.0033680499,-0.111211516,0.06164536,-0.17292598,0.02071087,0.012233347,0.09132367,-0.11637571,1.9457972,0.04243333,-0.06031537,-0.013697296,0.22033963,-0.12250957
1.9857337,0.07587789,-0.09777014,-0.074502915,-0.05389516,-0.02257903,-0.13865826,0.07819663,0.09761459,2.1206555,-0.084900275,0.046046555,-0.07624152,-0.26309636,-0.118874304
2.0419407,-0.08257714,-0.076725245,-0.061038338,-0.11382457,-0.11513919,-0.023886517,0.16374455,0.12083769,1.6656489,-0.07524669,0.04734792,-0.0072422028,-0.12198193,0.11091131
1.6397316,-0.10054111,0.010767043,0.10331315,-0.18343417,-0.089640394,0.08028619,-0.0795382,-0.027990676,1.8601915,-0.12033151,0.03457114,0.06201525,0.021572448,-0.03772659
1.8261261,0.06350456,-0.0445399,0.004903555,0.016944975,0.01144594,-0.08911441,-0.04649692,0.13077837,1.4337156,0.092195675,0.12350237,0.035767153,-0.046044245,0.26561657
1.4036307,-0.027177647,0.033253804,-0.045881175,0.010472298,-0.0131555945,-0.108040154,0.17727543,-0.0053460896,1.6506226,-0.027216695,0.1359227,0.11913237,0.110652596,0.095675685
1.5235063,-0.030984879,0.21894999,-0.10899811,0.023838691,-0.13287412,-0.12582392,-0.059541203,-0.12458454,1.5584047,0.05925972,0.050305545,0.02062893,0.059068218,0.046152785
1.6020353,0.057004973,-0.068762764,0.124446005,-0.2224499,-0.05813749,-0.13798994,-0.110679016,-0.13646762,1.6654305,0.038600147,-0.024301782,0.12423921,0.077760674,0.04573024
1.6217403,-0.14286026,0.17708986,-0.11701461,-0.015908316,-0.096383736,-0.1096302,-0.0014782697,-0.13483281,1.5125077,-0.0111000985,0.09497489,0.0520889,-0.28533408,0.17073746
1.422544,-0.14312159,-0.043442145,0.06936145,-0.16109201,-0.038842194,-0.14401186,-0.11332171,-0.031301863,1.3110431,0.0315385,-0.07832889,0.08646096,-0.038686678,0.07879918
1.230278,0.12907246,-0.019453533,0.080689564,-0.05329839,0.055230275,-0.049896978,-0.119907305,0.11934519,1.1053342,0.17020111,-0.05739046,0.08689131,-0.077024296,0.017692104
1.1059299,0.12619412,0.12068087,-0.041784637,-0.020645052,-0.1418522,-0.043988533,-0.013650253,-0.04122489,1.2078533,0.033778295,-0.105562255,0.06819433,0.068934046,-0.11742606
1.0923524,-0.052914873,-0.08380908,-0.122417904,0.033325322,-0.09346281,-0.112899944,0.18257691,-0.01559189,1.0581083,0.081894934,0.13406304,-0.031948313,-0.08224948,-0.01619652
1.1216277,-0.1128121,-0.20204207,-0.035979457,-0.15559995,-0.086104795,0.14669827,-0.17177868,0.012641236,1.0027225,0.11710329,0.033015206,0.14866588,0.013084911,0.004063092
1.1466415,-0.07004917,-0.015071459,0.043387055,-0.1770713,-0.10689211,-0.085030176,-0.06271294,0.14987218,0.94862425,0.15718044,0.11801648,-0.049243607,-0.058926627,-0.099866174
0.9631555,0.1244978,-0.09636018,0.016195089,-0.023354925,-0.12449422,0.074551344,-0.06915225,0.0694471,1.0241446,-0.042683475,0.051257655,-0.11261999,-0.07436374,0.30711168
0.9796455,-0.14808714,-0.3139519,-0.07769516,0.05575688,-0.1353799,-0.03702718,0.14992598,-0.11995299,0.8276318,-0.11491031,-0.0753702,0.011186093,-0.16832447,-0.010077797
0.8757606,-0.01827453,-0.15720981,0.016748786,-0.17302917,-0.06749518,-0.015801758,-0.2675494,0.06293003,0.88722754,-0.13331455,0.09765102,-0.09106685,0.20204298,-0.14600354
0.98236144,-0.019193828,-0.09615089,0.022222832,0.12424502,-0.07392639,-0.0026530623,-0.10502597,-0.06807717,0.9538154,-0.13460904,-0.06508899,0.091139466,-0.21422844,-0.017221764
0.8336362,-0.058040738,0.094264284,-0.11328444,-0.12475927,-0.028169848,0.114827216,-0.016890109,-0.025788866,1.0037568,0.15013163,0.021126986,-0.11976386,0.16661696,-0.09379807
1.0618653,0.018025875,-0.0916142,0.09409097,-0.123671114,-0.0043931156,-0.03466963,-0.006198317,-0.11655211,1.0008,-0.038449578,0.062270135,-0.050019555,0.016921625,-0.12997547
1.0245697,-0.036435,-0.12084298,-0.11374703,0.049496807,-0.047732018,0.047381863,0.11055593,-0.13015445,0.9267304,-0.14625898,0.054286093,-0.13679136,-0.14535813,0.16744289
0.97968215,-0.13485676,-0.1143924,0.12446007,-0.16639279,-0.11626037,0.13935748,-0.09261739,0.03626223,0.95116645,-0.1348821,0.101311445,0.10202134,0.032085605,-0.043535933
1.0660841,0.018004343,-0.017137267,0.12007338,0.061530225,-0.06449311,-0.0027961433,0.010035217,-0.011886835,0.7652908,0.12091324,0.1295464,-0.12460485,-0.07826561,0.15422374
0.7764181,0.105552346,-0.12850024,0.059137434,-0.026018023,-0.110624015,0.008650482,-0.04038322,-0.026520915,1.040638,0.0044497848,-0.09754785,0.13798106,-0.058871426,0.24871461
0.9910644,-0.14101562,0.058303267,-0.063159175,0.0983419,-0.013088092,-0.046493895,0.1066134,0.045711383,0.7272466,0.10165066,0.044052437,0.004691109,-0.13196617,-0.062016256
0.7064494,0.14241782,-0.07003021,-0.035828575,-0.17125753,0.080399856,0.14189038,-0.24315336,-0.148925,0.9450508,0.0129579455,-0.14466856,0.054859146,0.022131681,0.07444053
0.8277041,0.12555224,0.009984404,0.11892247,-0.06833189,-0.13695064,0.049478367,0.2548755,0.100067586,0.42685214,0.09053166,0.10843718,-0.12266295,-0.27553928,-0.039194256
0.3624524,-0.008461952,-0.32416332,0.071882546,0.102364674,0.13258547,-0.035263218,0.08573259,-0.0074137,0.55660546,0.005284801,-0.13607378,-0.11102758,-0.07236471,0.09549095
0.50062686,-0.0073183477,-0.08571042,-0.13038091,0.036459394,0.12576261,0.059294745,0.007236302,0.06517492,0.25022608,0.024869367,-0.03073708,0.1322464,0.05545173,-0.14696716
0.28403068,0.00073339045,0.30539095,0.14375171,-0.18202756,0.013195217,0.115136355,-0.14179426,-0.094749,0.6912818,0.19844787,0.055961266,-0.14805886,0.16279483,-0.068118796
0.6804632,-0.13958758,-0.1152557,0.10122436,0.24157329,-0.0737789,-0.1137622,0.14449696,0.021873668,0.16643777,-0.15260683,-0.13218734,-0.14261732,-0.1841401,0.06182842
0.24838755,0.09343311,-0.3626603,0.1395599,0.04209785,-0.11516471,-0.11824651,-0.07816428,0.100759625,0.6187525,-0.046706334,0.05739048,0.06731224,0.34920835,0.05302073
0.61204696,-0.13833304,0.077354774,0.1395871,0.0073171556,0.014847994,-0.124033324,0.1481508,0.09621064,0.6192548,0.16773906,0.14936918,0.100969374,-0.06926595,0.32215723
0.6608259,-0.023002982,0.072620265,0.1184476,0.21932538,0.1370483,0.0638302,-0.055455923,-0.11834119,0.59908396,0.16517733,-0.044738136,-0.13370682,-0.082113385,0.35271102
0.6000182,0.03018175,0.07266629,0.06084065,0.038556196,-0.09100242,0.08978622,-0.013826698,-0.061833143,0.70382905,-0.23105326,0.06570281,-0.1415414,0.22600174,-0.053023033
0.611435,-0.0073804706,-0.11862826,0.012448505,-0.021495178,0.046032503,0.11753863,-0.052156866,0.01156418,0.8097371,-0.07809809,0.030913502,-0.07608787,0.16213426,0.19459796
0.7426602,-0.034540378,0.08600689,0.11743519,-0.012339368,0.09231949,-0.10897419,-0.056937218,0.02473405,0.857712,-0.20588854,-0.014272094,0.06835647,-0.1400334,-0.07678868
0.74880743,0.13223338,0.2833088,0.045530766,0.19716181,0.090048596,-0.06521062,0.088200934,-0.112233505,0.49031138,0.07510109,0.12027243,-0.030408435,-0.119407475,-0.025701791
0.5495483,0.05042647,-0.053752415,-0.14193566,0.13941757,0.023243368,0.027164087,0.14731689,-0.12226294,0.72183394,-0.057738766,-0.05127933,-0.14284843,0.11591236,0.08226037
0.61875266,-0.08204545,-0.18141985,-0.10781735,-0.03433214,0.13428211,0.119192004,-0.09897253,-0.019534543,0.9466351,-0.17003542,-0.07403414,-0.11507791,-0.006721601,-0.3362391
0.8810445,-0.07118263,0.022417322,-0.13623302,-0.20824808,0.10403812,0.04587008,0.01491873,0.08826907,0.54195815,0.007589191,-0.066210546,0.110648006,-0.06211237,-0.09366144
0.4565965,0.14949831,0.10608986,-0.03929118,-0.27442095,0.11108208,-0.121889636,-0.1359728,-0.11093348,0.5692799,0.021978423,0.045211732,0.036960095,-0.19891688,-0.19553277
0.7128159,-0.08869974,0.061754525,-0.10424313,-0.08991952,0.12789232,0.020456553,0.005158201,-0.10032418,0.13168502,0.17198831,0.069928035,-0.11525926,-0.2210434,0.069433205
0.06956727,-0.13738382,0.031417176,-0.124879956,0.042600006,-0.0329094,-0.076609455,-0.014790297,0.123818636,0.37742496,-0.24523595,0.064885095,-0.0387125,-0.0038989484,-0.15459764
0.48411852,0.0011338741,-0.0061586127,-0.07751009,-0.03822963,-0.13672826,-0.1347332,-0.25609592,-0.13920519,-0.035939462,0.022417918,0.025964871,-0.040793613,0.0615232,-0.086890854
0.05222895,-0.039299086,-0.30730265,-0.116286874,0.022078902,0.14011392,-0.059641138,-0.02887924,0.007988721,0.627847,0.0046509802,0.13495168,0.0851174,0.08347158,-0.01599674
0.5228909,0.14215371,0.16411504,0.02620913,-0.050991565,0.06703304,-0.09421249,-0.08758595,0.10708389,0.25404006,0.14420474,-0.087739944,0.09422776,-0.079820275,-0.11614926
0.27198616,-0.12521236,0.12567678,-0.13527873,0.08762671,0.11454132,-0.058684647,0.06739757,0.035168573,0.42383075,0.21296722,0.046048686,0.04605934,0.07397851,-0.05281256
0.3371729,0.11899918,0.20220204,0.006224364,-0.15337794,-0.11759692,-0.1432056,-0.18748644,-0.053607486,0.34950247,0.0013954416,-0.048132293,0.08738807,-0.0065821484,-0.15130474
0.4066524,0.13166696,-0.111895345,0.028050661,-0.10025777,0.117141366,-0.1422317,0.13201219,-0.10837492,0.15764251,-0.032336824,0.0479251,0.10182631,-0.02132596,-0.17370754
0.27003866,-0.048451677,0.13613299,0.14645654,-0.03847903,-0.05329571,-0.11915271,0.19935174,0.047259614,0.18420456,0.16614307,0.08090998,-0.06341926,-0.16433257,0.150927
0.057215318,0.14174768,0.026458219,-0.022193551,0.26734483,0.07421811,-0.11227593,-0.057808474,0.09157604,-0.030908749,-0.17772338,0.033719406,0.0724812,-0.09093106,0.36358428
-0.05856199,-0.09930894,0.13406408,-0.011675924,-0.01502344,-0.03549573,-0.12493884,0.28578743,0.07946202,0.16667284,0.06316391,-0.13154641,-0.031659976,0.38720426,0.11277558
0.15573107,0.033081904,0.046552822,-0.030734561,-0.13198915,0.00042702258,-0.078310065,-0.1415106,0.069353834,0.30198774,-0.006623253,-0.006177157,0.09366013,-0.011425227,-0.14299986
0.2597144,0.10379171,0.21009919,0.07470693,0.110673405,0.054971248,0.066389635,0.13117608,0.117708564,-0.0918547,0.0650538,-0.008153036,-0.044090062,-0.21679229,0.10742874
-0.10714569,-0.11957429,0.04576254,-0.06584003,-0.012155578,0.09520082,-0.03490398,-0.0012751222,-0.09871644,0.02727747,-0.1091839,0.071583435,0.022181034,0.05845371,0.14173219
0.04762517,0.09303956,0.15647985,0.007875428,0.072022684,0.13496083,0.035477057,-0.00055123866,0.08262381,-0.052893855,0.13428032,-0.13231926,-0.012895733,-0.10750289,-0.0020098612
-0.19976902,-0.10299468,0.063699335,0.032716244,0.15787317,-0.08767243,0.09594017,0.018228345,-0.13013303,0.03947834,-0.014191031,-0.0325507,0.039280787,0.18677196,-0.033623606
0.096927784,-0.134548,-0.12860209,-0.12218528,0.12549372,-0.023323834,-0.02050744,-0.14573821,-0.03576059,0.0308332,0.16690414,0.13929054,0.06332387,0.026331052,0.015734933
-0.005890891,-0.04341311,0.041805014,0.114668995,0.010173298,0.03936872,0.096068904,-0.010023579,0.05574803,0.19693843,0.17051609,-0.07477549,0.089325026,0.15812753,0.08318143
0.27269295,-0.070050985,0.041238263,0.02983804,0.10913454,-0.13276477,0.11413184,-0.016643293,-0.008843973,0.22193289,0.18147232,0.053649873,-0.11460145,-0.08409982,0.12980607
0.31109864,-0.0066019297,-0.39005134,-0.12281959,-0.09137675,-0.10092404,-0.04780584,0.06419584,0.063236445,0.20638295,-0.2496128,0.02783531,0.06087172,-0.004620716,0.074194536
0.14865448,-0.0435315,-0.036718495,0.13560489,-0.009199694,0.025902748,-0.059803337,0.0498188,-0.012110189,0.17528617,0.2028881,-0.019779697,-0.013456702,-0.11973941,-0.11025205
0.10652495,-0.1273599,0.008035004,-0.092725545,0.213299,0.11704412,-0.06445561,-0.13469964,-0.029500239,-0.108523995,0.016893491,-0.10619059,0.042613477,-0.10340095,0.1335404
-0.20204207,0.11999801,0.18204011,0.13144156,-0.03802252,0.0060049295,-0.03892245,-0.12966603,-0.05270677,0.12558809,-0.08125894,-0.077563405,-0.012003481,0.12511137,-0.13657267
0.20189641,-0.06403047,-0.1353087,0.09261766,0.14770976,-0.009885579,0.012054473,0.19618022,0.0028534532,-0.2332176,0.09441772,0.025874183,-0.1436558,-0.04848288,0.013180338
-0.13279048,0.12822291,-0.17766058,0.07815249,0.20207506,-0.040904246,0.14219037,-0.1452173,0.08817734,0.33263102,-0.04544489,0.08326718,-0.014357045,0.27572107,0.26821423
0.38635385,0.12922871,-0.006399147,-0.0017446727,0.10444872,0.09828541,0.09661557,0.08299341,0.055874407,0.4097758,-0.08300172,0.12154895,-0.08506621,0.2591092,0.20580058
0.40804482,0.13785052,-0.03596595,0.029059708,-0.119337335,0.11826265,0.10768646,-0.01199922,0.09670769,0.8417378,-0.13406596,0.05968447,-0.1092377,-0.020433113,-0.008341178
0.9415004,0.019461855,-0.043032527,-0.03419783,-0.069401436,0.0728101,-0.10966219,0.031136364,0.08819093,0.23336568,-0.23475127,-0.016570479,-0.12212783,-0.17969103,0.08507404
0.18939182,0.11466706,-0.1353358,0.13162541,-0.13460985,-0.034935437,-0.14033562,0.041436806,0.017686829,0.69440085,0.00025174022,-0.14059892,0.05356449,-0.055957787,0.04539878
0.79517627,0.06025374,0.06835248,-0.027655885,0.05354824,0.12373638,0.13186496,0.08179817,0.004451588,-0.004850894,0.023779362,-0.04590957,-0.012085825,-0.2624122,-0.07042201
0.1318667,-0.1397436,0.23117086,0.05421886,-0.07856988,-0.112490475,0.06930046,0.0909065,-0.14649981,0.58055,-0.08025787,-0.11447789,-0.021469548,-0.066950224,-0.16271587
0.5780842,0.13113645,-0.11450566,0.033990026,0.19098845,-0.06365796,0.01363343,-0.20151915,0.054230258,0.07273419,0.12754564,-0.027303085,0.06564671,-0.07397743,-0.068231925
0.19739892,-0.14291695,0.05634854,-0.114154056,0.04031375,0.05350016,0.07537897,0.18668,-0.14623596,0.6712427,0.13818374,-0.045364454,0.09989661,0.28709614,-0.11904614
0.55123883,-0.1256053,0.07481852,0.10008082,-0.16956505,0.04859802,-0.059333563,-0.107662976,0.13398251,0.6401124,0.23972401,-0.06555158,-0.10734974,0.07195042,-0.056402385
0.4917338,0.08006178,-0.020094752,-0.06426661,-0.006386146,0.090037525,-0.0437567,-0.25140923,-0.036723666,0.36518395,-0.018212259,-0.004015535,-0.07746361,-0.10841319,-0.05845678
0.49381948,-0.108798,-0.09296839,0.06445722,-0.05008264,-0.022768453,0.08327736,0.025047615,0.08580403,0.34276125,0.0022799075,-0.09995869,0.04000932,0.13461106,-0.004789382
0.42357433,0.027344644,-0.0675288,0.10934323,0.10275747,0.10462725,-0.13355228,-0.0924913,-0.0015884787,0.7120497,-0.10012838,0.101359636,0.13822022,0.0049239695,-0.01373978
0.7141193,0.047739714,0.29117495,-0.047191434,0.2509111,-0.004196316,-0.031231694,-0.019750424,0.09333451,0.42111212,0.042873174,-0.025748134,0.03910537,0.05788304,0.06841943
0.52796143,0.028732508,0.07673156,-0.08775913,-0.13599086,-0.075854376,0.04280694,0.18660858,0.10107231,0.97643197,0.16327377,0.07773766,-0.113582686,0.23215029,-0.042773463
0.8782444,0.009570599,-0.05265358,-0.09637022,-0.18594426,0.052940607,0.062610075,0.12053691,-0.06168972,0.7548842,-0.14873096,-0.06417462,-0.039815247,-0.2078768,-0.08537495
0.71995765,-0.12864818,0.03823702,0.06991474,-0.21532512,0.0827613,0.13944176,0.022136599,-0.14941812,0.45404154,-0.015864566,0.106758386,-0.13340625,-0.14949808,-0.10749571
0.40273163,0.09353611,-0.17186472,0.008978069,0.19713591,-0.10984665,0.14851007,-0.2529993,0.10539091,0.3430667,-0.27782816,-0.0068481565,0.063558474,-0.2833148,0.26283583
0.3551606,-0.059569806,0.058404103,-0.08524737,0.08917996,-0.10771151,0.0036258996,0.10256164,-0.14938535,0.33753186,-0.052523747,-0.12716071,0.028496891,0.2899638,0.044498846
0.3508618,0.033773094,0.06283523,0.038886383,-0.19290443,-0.07038885,-0.060792394,-0.12491223,0.032197624,0.709128,0.07782322,0.1482001,-0.0064427257,0.10228938,-0.13259527
0.80242383,-0.050846264,0.006971106,-0.11528589,0.077091634,0.0013845712,0.0003966242,0.10932259,0.077486694,0.35762253,-0.11632681,0.045536235,0.010345101,-0.24309504,0.27736712
0.2321761,0.055036947,0.13309725,0.010079563,-0.16362041,-0.14713871,-0.09178242,-0.044840097,0.11231437,0.76814544,-0.08762132,-0.04036428,0.12168783,0.17588991,-0.13208073
0.6533245,0.10576007,0.06742124,0.13149875,0.15100089,-0.10975151,-0.12335115,0.07162897,0.00865072,0.23621929,0.2326729,0.0020805001,0.074764565,-0.101481274,-0.09925413
0.12088571,-0.13255768,-0.17249373,0.019685432,0.14927483,-0.06720538,-0.09541939,0.14070114,0.03586884,0.6372726,0.20609094,-0.10569258,0.07840635,0.076103844,0.050903983
0.6686463,-0.07484072,0.02186688,-0.095031455,0.052024916,0.14459842,-0.011879042,-0.08187011,-0.11414941,0.35466394,0.1825266,0.049098372,0.024464428,0.23274085,0.03851345
0.44641602,-0.06344911,0.2921921,-0.033990674,-0.12373717,-0.0013337731,-0.05523085,-0.08132952,0.14070103,1.0045943,0.065721154,0.03835897,0.020206213,0.102894664,-0.019931361
1.0145605,0.0050479025,0.09128021,0.12375772,0.027796976,-0.060856663,0.027804151,-0.11022333,0.07851134,0.5072324,-0.081310794,0.07242194,0.1263107,-0.26104808,-0.080454595
0.3852124,0.10370764,-0.02206599,-0.052526273,0.092955716,0.018666923,0.1329906,0.053494498,-0.12036812,0.90428734,0.06868863,0.011331007,-0.11939028,0.01193098,0.28849715
0.78428096,-0.09885554,0.026361883,0.077307746,0.07908695,-0.0025991201,0.10911271,0.07059572,0.024945602,0.44999108,-0.21421517,0.07436259,0.08058442,-0.019333668,-0.18355301
0.46266446,0.04025413,-0.040641114,-0.03180533,-0.025203556,0.13136536,0.040798187,-0.08720414,0.057735503,0.80465585,0.0529574,-0.040162005,-0.04426784,0.07731608,0.04580404
0.81488496,0.111310095,0.009958275,0.050706446,-0.00076986104,0.08270334,-0.07293935,-0.03179369,-0.14244941,0.5592575,0.052211396,-0.10614964,-0.09983438,-0.07724918,0.04238838
0.49609548,0.101091474,0.014020637,0.109705925,0.08042227,0.040247425,-0.06739814,0.059155487,0.07328713,0.8776162,0.049664885,-0.14360873,0.0029159337,0.020151816,-0.0053612143
0.8718464,-0.14076418,0.18118173,0.13181886,0.07955135,0.11880764,0.14014778,0.09014937,0.11825621,0.57622933,-0.0730207,0.085856274,0.1353257,-0.058132067,0.07861368
0.5759865,-0.14144647,0.3967311,-0.090510055,0.008504063,0.024014384,-0.1373491,-0.12059447,-0.006700009,0.87168133,0.028324738,0.03616546,0.08235259,0.18717086,0.30096096
0.9956242,-0.11093505,0.15805852,-0.10890987,-0.15506577,-0.060382985,0.09599954,-0.13013032,0.018907905,0.7560762,-0.047826514,-0.01054655,-0.033488296,0.14454368,-0.19976166
0.74524266,-0.0027086139,-0.12034533,-0.12312837,-0.20630144,0.029401362,0.07744548,0.02240868,-0.000656724,0.9697825,-0.035526432,-0.10124889,0.054488495,-0.02684486,-0.2172232
0.8473214,0.016947523,0.14871168,0.109603524,-0.0574992,-0.04504817,-0.05852005,0.08464071,0.13352585,0.38727844,-0.012486249,0.09910987,-0.12676105,-0.17312616,-0.119111165
0.25594437,0.080179095,-0.22392756,-0.0013300776,-0.027125105,0.1264042,0.11908412,-0.058349386,0.10800111,0.51950604,0.01652947,0.11145702,-0.010782212,-0.20318781,0.21560343
0.5970255,0.1413765,0.15186527,-0.10966185,-0.11760846,-0.0077702105,0.0112121105,-0.048390895,0.14558908,0.042158067,0.12571782,0.094128564,0.04677917,0.06354274,0.19584535
0.17968398,0.11222622,0.006031148,-0.0595181,-0.19021246,0.1485709,-0.008289203,0.08311459,-0.084122516,0.59225655,0.037603393,-0.08452233,0.13437575,-0.072411194,-0.10463716
0.50922745,-0.10476564,0.2597032,-0.0225624,-0.11716355,-0.11515184,0.10232481,0.018313654,-0.11844203,0.06197712,0.17703877,-0.12204586,0.13833478,-0.2868091,-0.20045155
0.15192722,0.0050913393,0.0052350312,0.14023915,-0.06299577,-0.121103585,0.14004475,-0.15749331,0.029987544,-0.029639423,0.24146211,0.027387023,-0.14023706,-0.043708615,-0.24102996
-0.11218196,0.12333512,-0.25265068,0.01465708,0.005516082,0.018432423,-0.13403387,-0.07868467,-0.0748024,0.12000914,-0.030406743,0.040271312,-0.044304587,-0.1660437,0.028758615
0.03654582,0.039050266,0.03228291,-0.11178444,0.12959486,0.017783388,0.12556595,0.019608647,-0.008192033,-0.19473921,-0.055428214,-0.055812947,-0.009217054,0.05028662,0.15248375
-0.2730046,0.114328235,-0.1291837,-0.01401186,0.018060163,0.1264993,-0.121509045,0.011582442,-0.11350222,0.09863286,0.0075063407,-0.061126992,0.13739964,0.10900426,-0.19049206
0.10502975,0.09589909,0.31427592,0.14875573,-0.10673717,0.14930558,-0.10858877,0.1869342,-0.07663992,0.003974065,0.18412404,-0.1339607,-0.13793151,-0.0880253,0.011518821
-0.13431156,0.03137262,-0.04349754,-0.01577884,0.29791886,-0.095891625,-0.079743475,0.24396257,-0.008203015,-0.05990216,-0.13359739,0.13160026,0.08891694,-0.014743909,-0.071407855
-0.08837079,-0.14216328,-0.123900756,0.06563537,0.05472845,-0.052154325,-0.11949764,0.092039555,0.007396385,0.0491983,0.085336134,-0.028835557,0.11247066,0.22278295,0.0771454
-0.09022954,0.085005894,0.095524065,0.06365387,-0.01136449,-0.04044714,-0.010676265,-0.15795691,-0.090118825,0.21206498,0.2544538,0.09010978,-0.013920769,0.10118334,-0.06548264
0.3554524,0.0045428276,-0.017266862,0.089511275,0.1967703,0.10806295,-0.13699171,0.17818491,-0.08338938,-0.10001613,-0.15008663,0.13363707,-0.098168805,0.11728042,0.01626581
-0.085615724,0.032778814,0.039762408,-0.14521909,0.18452987,0.12984362,0.061401382,0.006611049,-0.13764952,0.61643696,-0.13439378,-0.028006911,-0.0005826056,0.123273276,0.17034936
0.6365356,-0.057971984,0.08802858,-0.027617417,-0.23644008,0.06366776,-0.06031861,-0.06712983,-0.07504265,0.2168367,0.10173482,0.103886455,0.07961057,0.2591473,-0.16734295
0.34776145,-0.070082925,0.12020089,0.030264512,0.025916167,-0.13772196,-0.03177513,-0.10943176,0.05898817,0.8085554,0.015158087,0.10902214,-0.0018193424,-0.32004634,0.07323571
0.8339143,0.14468095,-0.053987622,-0.1088868,-0.04892564,0.1351347,0.10187507,-0.10655859,-0.11802547,-0.072342575,0.0951301,-0.0001770258,0.06685564,-0.10047322,0.011058331
-0.0968461,-0.00641118,0.18173385,-0.027596608,-0.22108215,0.1462183,0.023484379,0.08386135,0.117249936,0.6720982,0.009042054,-0.06301925,-0.10974468,0.035712287,-0.0048833415
0.5232839,-0.005011022,-0.032536387,0.027469903,-0.119179085,-0.10443342,0.12772983,0.11674158,0.101061314,-0.21937674,-0.2326178,-0.05527725,-0.029441826,-0.0827792,-0.16328579
-0.24746911,0.02545397,-0.067513734,0.09513742,-0.00035563856,-0.1412926,0.11344993,0.14026847,-0.06327814,0.30828416,0.1118385,-0.11171224,-0.029980734,-0.26308662,-0.0010855421
0.35278457,0.037399724,-0.115707844,0.010146081,0.22928444,-0.12664369,0.11648658,-0.056333706,-0.051638104,-0.47406927,0.02121514,-0.07717082,0.026513621,-0.028684616,-0.14228019
-0.42755997,0.14918306,-0.24986123,-0.04458563,-0.084495865,0.12054026,-0.10046817,-0.08819407,-0.042317607,0.43209907,0.04145181,-0.014741495,0.03743708,0.28037336,-0.15939425
0.5655547,-0.106505394,0.08389775,-0.118515715,-0.08592153,-0.062514335,-0.0032863915,0.2816496,-0.08219628,-0.14764632,0.16261229,0.14554587,-0.013131812,-0.108379655,-0.058595955
-0.059270784,0.11978695,0.04593368,0.03984867,-0.22703514,-0.13164197,0.004080385,-0.13161007,-0.040841155,0.49163365,-0.014840946,-0.13475582,0.07336585,-0.08109694,-0.10880171
0.4070298,0.103221714,0.013475135,0.11353788,-0.067870155,0.0014662594,-0.019135714,0.03124953,0.029211938,-0.42871648,0.17959128,-0.056468368,-0.1020226,-0.31438494,-0.14230266
-0.57194304,-0.13812429,-0.05374776,-0.038263984,0.19177605,-0.13751149,0.07265903,-0.004413657,0.017699897,0.11684807,-0.1041124,-0.08937337,0.03568718,-0.13129795,-0.088419944
0.17014329,-0.14598994,-0.17158628,-0.071036465,0.049523525,-0.11741312,-0.06320329,-0.06674479,0.07277459,-0.47945052,0.013760954,0.10365644,0.07991299,0.12942742,-0.089878365
-0.5574714,-0.03432423,0.07476266,-0.112038754,0.0020580366,-0.1388564,0.012388468,-0.09075907,0.03462954,0.33622995,-0.030875877,0.1271978,-0.02928894,-0.05184608,-0.09045856
0.4753191,-0.14112765,-0.069903076,-0.051068045,-0.14657669,0.10689512,-0.12852795,0.08852258,0.018826753,-0.72571146,-0.017836682,-0.0195432,0.08831173,0.0734433,-0.011854447
-0.6053494,-0.06903584,0.27807996,0.05171697,0.010116868,0.03951867,-0.094995335,-0.23944758,-0.090250954,0.28017002,-0.040166244,-0.037067823,-0.12100577,-0.012889013,0.03809824
0.3702463,0.02180326,-0.21018618,-0.037061423,0.13595073,0.023959845,0.06294425,-0.074912846,-0.012205958,-0.7173155,-0.026790068,0.033753395,-0.1002707,-0.12514141,0.069397606
-0.85002494,-0.12141826,0.05317886,0.02151157,-0.10650832,-0.13005592,-0.14852905,0.16020098,0.09137945,0.40195835,0.043274865,0.14381495,0.0020154119,0.16411512,0.05493404
0.3789217,-0.11446582,-0.18800448,0.089196876,0.079173595,0.0094566345,-0.07544244,0.016516544,-0.014545172,-0.82277066,0.005655691,-0.10206734,-0.01091437,0.022270136,0.2795146
-0.7261909,-0.072167374,0.028364614,-0.1358527,0.18831983,0.03368804,-0.017307311,-0.08449425,0.11832264,0.57337224,-0.096321955,-0.07427532,-0.10879816,0.11379716,0.11083242
0.677091,0.04542701,0.07126416,0.11905271,0.002231747,0.011028439,0.0223912,-0.063890554,0.070815384,-0.34483185,-0.11408423,-0.050741978,-0.055589817,0.29082736,-0.25944582
-0.4345579,-0.06843356,-0.0025892332,-0.07308728,0.22944868,-0.00997141,0.05431916,0.032256752,0.09086457,1.0413293,-0.083442576,0.016974017,0.11184001,0.10962534,0.08877257
0.93193805,0.053815216,-0.028962463,-0.08658393,-0.025646366,0.038167834,-0.0541545,-0.11105712,0.0408369,-0.13404322,0.19940256,-0.14746279,-0.106308214,0.24507202,-0.108103044
-0.007994115,-0.106549814,-0.018403046,-0.065430164,-0.13822958,-0.107181504,-0.022029579,-0.083450794,0.00019779801,1.1190436,-0.1703816,0.08597444,0.025912851,-0.07968736,-0.2143362
1.2441909,0.07279307,0.011614636,-0.02285716,0.027063742,-0.13933787,-0.07500406,-0.19566512,0.020076081,-0.17296572,-0.0921306,0.03771694,-0.07861081,0.005443245,0.14093406
-0.075484335,0.10402453,-0.31209433,-0.03314694,-0.13682836,-0.07464708,0.13773662,0.021572903,-0.08099755,1.1409168,-0.08815244,-0.066030234,-0.12548941,-0.042056054,0.12982117
1.1341703,0.013073519,-0.2074072,0.03157185,0.084471084,0.077871874,0.09488982,0.13405025,0.018925503,-0.3399052,-0.07427327,0.10866213,-0.10065385,-0.097837925,-0.010708638
-0.3434283,0.00076301396,-0.11383604,0.14516181,0.037026405,0.00041931868,-0.021763653,0.12705784,-0.123233296,1.1951545,-0.076149486,-0.0738294,0.13613045,-0.007329844,0.12169622
1.2946124,0.056535125,0.2768296,-0.0190292,0.15643659,-0.1323055,0.14006147,0.06135428,-0.034311034,-0.42671055,0.016209848,0.011088982,-0.11773749,-0.028395645,-0.010253705
-0.4176543,0.11134714,-0.26509345,0.11964241,-0.053873062,-0.13956684,0.12720358,0.012550741,-0.028510273,1.3107842,-0.113061085,0.025679454,0.013227329,0.27784398,0.0012845844
1.3945507,0.1306771,-0.11930953,0.068366215,0.0043227524,0.13912624,0.0896412,0.20127784,-0.13404587,-0.33825147,0.0695986,0.0762998,-0.04751178,-0.18152201,0.14041553
-0.22892314,0.055983394,0.19219026,0.09731829,-0.0048097596,-0.047230415,-0.13100068,0.026652738,-0.12385993,1.1180102,-0.19325134,-0.01710251,0.14918572,-0.094844565,0.27775967
1.0622925,0.08719437,0.12518987,-0.09989434,0.21472883,0.12366274,-0.048487976,0.05281438,-0.08566044,-0.3091046,0.27659783,-0.1409149,0.0263516,-0.025112234,-0.032863513
-0.40237474,-0.11332615,0.23892377,-0.011502594,-0.06423166,-0.11553394,-0.033487633,0.04958152,0.057548717,1.2640815,-0.025157757,-0.14949398,-0.14790894,0.18748681,-0.35476154
1.3854784,0.013695791,-0.32877743,-0.017286897,-0.123571545,0.04966776,-0.07214136,-0.14521721,-0.14875951,-0.20012048,-0.19853443,-0.05282761,0.11497721,-0.06310513,-0.27086657
-0.056716233,-0.05419361,0.21501736,0.14838186,-0.02506049,-0.047613755,-0.02735424,-0.094694644,0.025470063,1.2839191,0.20135145,0.10662323,-0.05453212,-0.26460832,0.037001565
1.257191,0.03319888,-0.15542737,-0.05266705,0.2682328,-0.07093445,0.054303154,-0.124033615,-0.11104351,-0.2744884,-0.14294297,-0.04708582,-0.031184368,-0.049472287,0.123368084
-0.31813598,-0.0481069,-0.2394029,-0.028774254,0.07274571,0.13750947,-0.12319603,0.038736045,-0.13002366,1.4036146,0.076724924,-0.013067424,0.026730075,0.18863457,-0.14238608
1.4638035,0.047531977,0.16546388,0.10856637,-0.028993927,0.14210439,-0.041397534,-0.07731696,0.09844571,-0.09698954,-0.090605095,-0.11147393,-0.058530778,-0.013481535,0.040583245
-0.1977827,-0.094380125,0.16813742,-0.084078886,0.22601882,0.052746445,-0.0050479025,0.18493848,-0.123081215,1.5064783,-0.16489716,0.092010155,-0.13578664,0.07809914,0.0887593
1.5731918,0.09142989,-0.20828876,0.029582724,-0.03587862,-0.07259166,0.106755376,-0.15627636,0.08357778,-0.011650249,-0.28220615,-0.03143181,0.14183629,0.30121768,0.02872222
-0.00021463633,0.10262343,0.12053731,-0.0072464943,-0.022344254,-0.1277526,0.051983625,0.19464773,-0.0018099695,1.9323248,0.2629894,0.045345798,-0.041986674,-0.17623118,0.031423166
1.8820399,0.047009215,-0.032920778,0.06707069,-0.11591085,-0.04439669,-0.1002471,0.16282015,0.04449381,-0.12775455,-0.1509977,-0.026168741,0.083490744,-0.16274568,0.18180032
-0.18977238,-0.09361325,0.0498889,-0.05463261,-0.03252417,-0.1299502,0.005091533,0.003849648,0.061893,1.4781139,-0.010123163,-0.07513765,-0.116722405,-0.08563744,0.043434106
1.3363553,0.11264905,-0.30875728,0.0042399466,0.037352897,0.13173297,-0.067193344,-0.23052898,0.1307252,-0.18561047,0.025221378,-0.038884483,-0.04505212,0.11297923,-0.09676848
-0.12776294,0.041543677,0.14912128,-0.013672575,0.11887625,0.075462684,-0.07773911,-0.029530048,-0.055513017,1.6183152,0.008805849,-0.05142083,0.106193066,0.15385413,-0.14302573
1.6974651,0.093371555,0.20471816,-0.07583961,-0.1620465,0.14356247,0.008189619,0.13267852,0.1464808,0.2297845,0.10374011,-0.10169056,0.09717971,0.052977286,-0.11917171
0.2066232,-0.07694253,0.19465184,0.03868404,-0.18427461,-0.09033906,0.026012078,-0.0288646,-0.05576159,1.5847473,0.1727043,-0.008358583,0.096902385,-0.039502308,-0.18500498
1.7342622,0.038355574,0.041731127,0.08640826,0.18334496,0.032255515,0.0800256,-0.0054772645,-0.09530121,0.09631617,0.15891005,0.049198583,0.10210508,-0.28937727,-0.02291026
-0.04224147,0.09657024,0.084255196,-0.104366004,0.1303175,-0.04015968,0.1171132,-0.037130408,0.057907283,1.7424116,0.08467263,0.044923767,-0.06717734,0.24909055,0.23582588
1.6685913,0.0232324,-0.094936185,-0.10550021,-0.059060544,-0.14809011,0.104926586,0.18030924,0.13889799,0.35538203,-0.046766967,0.10646862,0.004286051,0.2520573,0.071405694
0.32563874,0.007472649,-0.16949132,0.07418226,0.02390568,-0.020719543,-0.0105976015,-0.0315257,0.12528035,1.8249731,-0.05864387,0.12301302,0.11910036,-0.18965198,-0.10026392
1.6838244,-0.008562937,0.17312679,-7.742643e-05,-0.005093813,-0.045910336,0.10508567,-0.043679312,-0.1379676,0.19510232,0.14251076,-0.14998572,-0.028546356,0.016184658,0.3331561
0.14874211,-0.065736674,-0.12609604,0.03337364,-0.110123515,0.10173124,0.100180835,-0.119921,0.048073903,1.7688658,-0.033778258,0.13801792,0.123665005,0.024974033,-0.08987163
1.9070036,0.12902161,0.10913478,-0.03400723,-0.024407566,0.0813051,-0.03297399,0.079408,-0.020412028,0.16786678,0.18926872,-0.06400549,-0.016640723,-0.17214963,0.2879308
0.2344572,-0.009584755,0.042264536,-0.039260767,-0.14275992,0.02237688,0.14892143,0.031245753,0.029011682,1.6868365,-0.13582265,0.14172229,-0.12175645,0.08124837,-0.18208462
1.6952391,0.0971937,-0.10532154,0.112844855,0.108448215,-0.04106328,0.14151835,-0.03843821,0.026349276,0.2331419,-0.061069682,-0.048233576,0.04440424,-0.2549165,0.17303696
0.21429323,0.064597964,0.06335686,0.019122422,0.10386051,-0.10904427,-0.019261405,0.106434986,-0.10643682,1.466417,0.12029466,-0.0030571222,-0.010443643,0.058228,0.21399593
1.3174875,-0.077562265,-0.2301651,-0.066111684,0.082033336,0.045224473,0.019991815,0.16119109,0.10373598,0.29838446,-0.030916795,0.12645355,0.045240566,-0.02888824,-0.02128505
0.40642813,-0.026151255,-0.051664278,-0.13230634,-0.035720542,-0.1431062,0.14569795,0.0267976,0.050580785,1.4473816,-0.02875302,0.13995448,-0.08326194,0.16134703,0.064364165
1.3201072,0.09433164,-0.28935006,-0.042872094,-0.2034927,-0.019342393,-0.04470048,0.0038533807,0.08166398,0.48503527,-0.123596355,-0.04529663,-0.13057953,-0.16541132,0.012344226
0.5484257,-0.07483589,-0.12058416,-0.112632826,-0.098470494,0.095188275,-0.05459653,0.20436318,-0.10227218,0.81676817,-0.0036496222,0.1203703,-0.1187039,-0.10262695,-0.02497591
0.7968304,-0.08426011,-0.13928787,0.102716625,-0.08848499,-0.032697402,0.06207785,-0.21587205,-0.039006546,0.35242972,0.020755142,-0.057879858,0.13723165,-0.13985395,-0.013456911
0.39208305,-0.03076823,0.07330208,0.052010283,0.20977154,0.11498633,-0.14754114,-0.11330195,-0.13848504,0.50740105,-0.00053428113,0.008297741,0.12211925,-0.05142626,-0.044405
0.36159799,-0.023217037,0.22336969,0.07887046,0.09305948,-0.01631695,0.008559391,-0.08017336,0.11351836,0.40655223,0.14658706,-0.058079213,0.056338638,0.17808592,0.03646265
0.34947145,-0.01826264,0.13914548,-0.09029943,0.02931808,-0.067163624,-0.06613249,-0.07957712,0.009648383,0.77041197,0.08592948,-0.026909731,0.053035304,0.14540882,0.09425102
0.8699041,0.055476412,-0.12676015,0.120961756,0.05166644,-0.0073874593,0.10380313,0.10266791,-0.08086805,0.5056062,0.017731622,0.01047565,0.057434127,0.0693644,-0.1343967
0.4766289,0.071698815,0.124510616,0.04266268,0.25140032,0.11519921,0.08096799,0.17063217,0.08341122,1.1289306,0.06857756,-0.03775485,0.020256728,0.00964731,0.05162169
1.092081,-0.068190694,0.019986793,-0.013366163,0.12614356,0.08617054,0.14194328,0.053295046,0.07638526,0.8685761,0.050670177,0.008350685,-0.00044366717,0.33564544,-0.11471169
0.72173095,-0.05940873,0.0063577816,-0.0109330565,-0.13851638,-0.087799236,0.11593479,-0.09829887,0.123077184,1.4274311,0.008925274,0.10051766,0.09249811,0.18694547,-0.065152645
1.2826552,-0.119802624,-0.00540331,0.0928728,0.07775226,0.04955007,0.10367563,0.052784137,-0.10132351,0.6860187,0.032910205,-0.131434,0.072752014,-0.2417326,0.19695579
0.62387663,0.015136614,0.20939498,0.054198563,-0.054715484,0.09103255,0.11301854,-0.26239574,0.029138923,1.1151955,0.007806018,0.10012129,0.09868711,-0.019404076,-0.13159303
1.1154335,-0.034958303,0.0876157,0.022825047,-0.05938445,0.040878385,-0.14508379,0.05406761,0.11522278,0.5629165,0.028653651,0.020013914,-0.08620783,0.025103807,0.15647395
0.647364,0.061698735,-0.08576355,0.13822314,0.099545345,0.04921089,0.12737486,-0.08230464,-0.13969922,1.2002211,-0.16042297,-0.110507056,0.025078937,0.030892983,0.097204804
1.1926327,0.02885358,-0.04295762,-0.059667654,0.14857264,0.004448533,0.13006723,0.16704914,0.049900576,0.8310096,-0.084681995,0.019020736,0.09713884,0.19359644,-0.052367166
0.7440907,0.017578125,0.06389867,-0.08498424,-0.20237553,0.06406662,0.11375874,0.14882104,0.0044636577,1.4931798,0.15465327,0.1359899,-0.048333034,0.11697203,-0.10738343
1.5793658,0.04057306,-0.06335298,-0.0841571,0.05970773,-0.09152974,-0.088291675,-0.024210028,-0.106084675,0.63114214,0.011507645,-0.06266023,-0.086146496,-0.13017635,-0.03614843
0.7806556,0.07788713,-0.20438235,-0.07060546,0.01854191,0.03321871,-0.018252105,0.11889909,-0.119447894,1.538005,-0.1410895,0.028751582,0.12995031,0.116484806,-0.27061087
1.5958655,0.13303965,0.15461454,0.07949984,-0.021925852,-0.06604486,-0.10328378,0.17391184,0.004588008,0.8827829,0.10874613,-0.011770159,-0.011006534,-0.08571177,-0.16966423
0.81160706,0.0073979795,-0.018962808,0.017638192,0.123262316,0.06719345,-0.03343726,0.08389368,-0.1371474,1.5809278,-0.0035576522,0.050217748,0.10285795,-0.043626502,-0.053615227
1.649724,0.09864758,0.22272508,-0.10964229,-0.023930617,-0.103744775,0.012998059,-0.11956212,-0.089442626,0.79485404,0.16973953,-0.01817885,0.10918501,0.17201889,0.0942512
0.7286858,0.059995607,0.033416092,-0.11653195,-0.17283717,-0.059397824,0.09661867,-0.040808022,0.070451796,1.8822076,0.0827928,-0.09324387,0.07587911,0.09083354,-0.13298091
1.7815099,-0.12792282,0.028595306,-0.09228131,-0.045394897,-0.0033943206,0.066872805,0.19009791,-0.10271722,0.54571104,0.04249882,-0.02682098,0.104265064,-0.27477854,-0.28651896
0.41676372,-0.0042678416,0.1376948,0.092491746,-0.057403445,0.037531123,-0.11000146,0.011084124,-0.1070794,1.5577245,0.124905765,-0.10305999,0.03677985,-0.041527897,-0.12980434
1.5653843,-0.12986188,-0.067067936,-0.0351972,0.029767156,-0.14432707,-0.11425077,-0.0056896806,-0.012349144,0.23977569,0.1784721,-0.1347164,0.025939256,0.024852037,-0.14362417
0.13827907,0.059424758,-0.103057414,-0.064553194,-0.15301654,0.06845641,-0.14974096,-0.22563086,0.008253366,1.5869778,-0.04497896,-0.019279808,0.092697695,0.17480594,-0.28367043
1.604206,-0.037681125,0.030564249,-0.057993993,0.06257681,-0.09106672,-0.038182177,0.108057365,0.0034562647,0.21854281,0.12123379,0.1281645,-0.14275622,-0.28843588,0.04230342
0.23303917,0.1454663,-0.18705894,0.13063565,-0.010505423,0.08612859,0.07417016,-0.023521371,-0.11492808,1.2463979,-0.03421265,0.030165747,-0.049985826,0.17660111,-0.020750143
1.1991307,-0.11713529,0.1063796,-0.14354831,0.18643945,0.120433986,0.04798588,0.21974249,0.09293364,0.49287593,-0.16790149,-0.038648717,0.087752014,-0.10557688,0.13476041
0.561633,-0.14865398,0.106182575,-0.13591512,-0.19222,-0.044730395,-0.14672568,-0.01683858,0.009800181,1.4006596,0.038267866,0.087289825,0.022168756,0.046500072,-0.10385144
1.4597869,-0.09374108,0.034675613,0.03472556,-0.14543882,-0.04884725,0.09163408,-0.00818339,0.025860935,0.32848212,0.011790067,-0.14267778,0.12369618,-0.1460812,-0.118326895
0.41423315,0.13260317,0.14193657,0.098618284,-0.05802922,-0.082730055,-0.06988773,0.0015438125,-0.13196936,1.164146,0.24832353,0.11532834,-0.13327852,-0.103965014,-0.096891254
1.1721917,-0.1227219,-0.0689134,0.008059591,-0.019537851,-0.12695475,-0.046147607,0.0691985,-0.06590576,0.3680876,-0.19703689,0.12298554,-0.039568417,0.00406906,0.19704852
0.23029761,0.122909606,-0.26502442,-0.09705743,-0.06339364,-0.07312004,-0.12277244,-0.12101757,-0.14501674,1.0913262,-0.039925598,-0.020310223,0.055923134,0.0815437,0.23403871
1.0328304,-0.0045440346,-0.05882985,-0.09741258,-0.064472854,0.08451153,0.10901117,0.06822496,0.14831236,0.12783706,-0.08177796,0.1242581,0.055241898,-0.089824036,-0.18656313
0.11476368,0.13613045,0.25372422,-0.06539637,0.03743417,-0.123388454,-0.10432034,-0.07033752,0.06758076,0.8571944,0.1872197,-0.0686522,-0.036116123,-0.1705118,0.0887491
0.8839298,-0.05646821,-0.2558605,-0.031826273,-0.17195497,0.14611235,-0.12873608,0.21297902,0.028969526,0.043051466,0.08148295,-0.108060926,0.11995751,-0.06807301,-0.012245223
0.11231752,0.06588149,0.24613677,0.107019186,0.11419968,0.029561177,0.0829269,-0.010973923,-0.016466275,0.6311364,0.16776815,-0.08459977,-0.10318732,-0.3024854,-0.053104505
0.49423605,-0.0860955,-0.10823503,0.0034134835,0.23944208,0.0174703,-0.03511732,-0.047904924,0.09727405,-0.025764361,-0.026863828,-0.045950554,0.03723806,0.036222428,0.16238949
-0.16166218,0.14598495,0.024189346,0.11975962,0.107618555,-0.10619976,0.005673066,-0.1170581,-0.05973702,0.90892434,-0.057257846,-0.06661156,0.0048146844,0.19972242,-0.12269366
0.86007565,0.030494332,-0.0978081,-0.03827516,-0.02874583,0.023228928,-0.012003437,0.20429721,-0.008172423,0.15661906,0.0488998,-0.102935426,-0.14926176,0.1865699,0.1333415
0.28420192,0.14360067,-0.19130062,-0.07195351,0.0017859265,0.07026167,0.017493159,-0.10338467,-0.12119428,0.886103,-0.0282899,0.11469978,0.00019997358,0.04739231,-0.03960061
0.8056181,-0.13638255,0.11550847,-0.008935034,-0.21609014,-0.042983346,0.003348291,0.25600594,-0.08165625,0.25978458,0.013222247,-0.045829818,0.12456092,0.06877183,0.15059617
0.2356453,-0.060962826,0.053114973,-0.119541556,0.035688937,-0.06322092,-0.07224482,-0.16606322,-0.11905057,0.58158356,0.01303871,0.14793828,-0.055948935,-0.2763499,0.023466304
0.67144626,0.13640562,-0.18807591,-0.12235625,-0.09938249,0.1166251,-0.07578117,0.06409758,-0.077014916,-0.0066308975,-0.009574734,0.028788477,0.10751599,0.09159924,-0.08579676
-0.039705828,0.08838269,0.21895096,0.09857388,-0.19943132,-0.006433472,-0.082736745,0.21717416,0.06955211,0.6033838,0.161608,0.059865803,0.123877615,-0.18020159,-0.04025452
0.700521,0.07240462,0.0864416,-0.014315948,0.24623679,-0.07112015,-0.011041194,-0.044416234,-0.08915904,-0.55885017,0.107908696,0.11871129,-0.103638574,-0.33882818,0.22120884
-0.56706023,-0.023749977,-0.21637398,0.010782331,0.053537413,-0.04504513,0.04348816,-0.07278484,0.12842408,0.4983847,-0.07131936,0.03879884,-0.054298267,0.38913488,0.11764352
0.3737461,0.13898003,-0.03269524,0.042939752,-0.13742666,-0.07315845,0.0887766,-0.0011597872,0.04066378,-0.24077222,-0.100581355,0.05650717,-0.027788386,0.07721624,0.100563586
-0.18348826,0.080076784,-0.023885883,-0.061878532,-0.044689342,-0.1043438,0.12615806,0.018896475,-0.095364556,0.19599257,-0.091339484,-0.11335876,-0.022225425,-0.2797202,0.14678037
0.27520382,0.11902219,-0.08076665,-0.0025520176,-0.12578233,0.06964952,0.025609642,-0.007241264,-0.08857447,-0.55614,-0.1348256,0.050896764,-0.0069147944,-0.06287284,-0.16848072
-0.4964225,-0.12924168,-0.009044319,-0.029242374,-0.09881829,-0.069764614,-0.098317236,0.21020083,-0.14241768,0.16387127,0.04883176,0.054340586,-0.12889159,-0.028678492,-0.08435182
0.102641806,-0.024926305,-0.23677766,0.07724911,-0.013780214,0.1330688,0.14996043,-0.032687232,-0.02444163,-0.5055542,-0.010918975,0.12590045,0.025953084,-0.23755579,0.13470384
-0.60896194,0.03307189,0.22760494,-0.0557917,0.20886314,0.11813772,-0.030896582,0.11429274,-0.01864314,-0.02051936,-0.08119019,0.031287327,0.002784133,-0.06782231,0.22295256
-0.14791994,0.017002314,0.006239958,-0.08650069,-0.026868694,0.08439763,-0.012305453,0.10496797,-0.10184239,-0.5562941,0.13891748,-0.020553648,0.08866583,0.22433574,-0.019767515
-0.49944162,-0.04111097,0.25898206,-0.05047571,-0.23004508,-0.13677143,-0.06763977,0.16679817,-0.10155225,0.023308247,0.018148333,-0.14475125,-0.1467212,-0.07131978,-0.1837396
0.018537492,0.0911061,-0.33627844,-0.012698084,-0.13248762,0.13091773,0.09199242,-0.10481753,0.006593287,-0.6960732,-0.011104241,0.084913835,-0.008494288,-0.25188485,-0.07847753
-0.5964468,0.07204835,0.06350893,0.14578009,0.10572478,0.022705957,0.0439682,0.0061826557,-0.08362917,-0.22336647,-0.055827945,0.061932534,0.0021781325,-0.18872589,-0.009432286
-0.24184161,-0.079947785,0.07381731,0.009641364,0.04501702,0.02848807,-0.0026209056,0.21620251,0.007937491,-0.552862,0.06323251,-0.06775353,-0.015587196,0.21503136,0.29390118
-0.6860994,-0.10637674,-0.05909057,0.110492975,-0.13870935,0.0070457757,-0.10868065,-0.16023533,0.01420702,-0.08257489,-0.148297,0.055136517,-0.08516114,0.1263564,-0.18760821
0.02444677,-0.026738316,-0.2153241,0.07685411,0.035004616,0.11401725,0.03906101,-0.067340896,0.09488256,-0.79309255,-0.12678665,-0.11583491,-0.04679981,-0.061237305,0.19754903
-0.8889658,-0.10222708,0.11432324,0.1061174,0.022660501,-0.07186064,0.006645888,-0.16620223,0.012636423,-0.05937849,-0.07170281,-0.11683914,0.08383514,0.07333569,0.023706079
-0.12244205,0.06049554,-0.035228714,-0.035342686,-0.008694783,0.1404185,-0.07859498,-0.06391248,-0.02464582,-0.67809236,0.18804331,-0.0050750673,0.10995835,-0.10623296,-0.052054226
-0.6249023,0.020572335,0.16814348,-0.13685094,-0.024823539,0.13803571,-0.041973464,0.14895833,-0.13368125,-0.33014655,0.0419425,0.14198685,-0.029072732,-0.07946764,-0.12680815
-0.29168785,0.09843998,0.12681523,-0.09812012,-0.10768615,-0.006858647,0.004120648,0.06935592,0.14269388,-0.8584025,0.08834487,-0.053310208,-0.06536749,-0.13900661,-0.016227797
-0.80310553,-0.021792427,0.024398163,0.03503698,-0.20702863,0.08735843,0.0023340434,0.12833883,-0.10942619,-0.54956555,-0.09398114,-0.035546802,0.08655296,-0.09682578,-0.22782674
-0.6012077,0.11171651,0.22068517,-0.021015644,0.17610767,0.14916497,-0.01054056,0.11469264,0.030053467,-1.2330692,0.09389892,-0.024522528,0.048878253,-0.28549862,-0.023221724
-1.1360804,0.016892165,0.11623644,-0.1071302,-0.1332195,-0.051059,-0.10956293,0.12528239,0.11696711,-0.6722043,-0.07078177,0.059667423,-0.08610535,0.25930834,-0.099609
-0.617579,-0.14915267,-0.14869115,0.08585967,-0.23002999,0.009870112,-0.09850679,0.115519494,-0.022273391,-1.0734994,-0.14000267,-0.09572339,0.035422355,0.0021497756,-0.012918994
-1.1338964,-0.0027288198,0.047683418,-0.017290056,0.089733854,-0.04647439,-0.08155802,-0.24176244,0.004685223,-0.92577875,-0.036553472,-0.13520452,-0.08665992,-0.2178066,-0.006334126
-1.021073,0.11610824,-0.25536042,-0.03756457,0.074041724,-0.114920095,0.08281781,-0.04998164,0.01840067,-1.3130158,-0.19148056,-0.0056330115,-0.1358351,0.17535868,-0.06691168
-1.2945231,0.06318265,-0.3276125,0.02110441,0.011754446,0.14595112,0.060525656,-0.0011340678,-0.010137677,-0.8647256,-0.21561104,0.14138612,-0.120571956,0.006169781,-0.06147767
-0.9634675,0.14171094,0.14220001,-0.0037594587,0.07976134,0.14901498,0.037402943,0.043683603,-0.023931652,-1.3728851,-0.10749124,0.013114378,-0.08635501,-0.005069278,0.012865141
-1.4887452,-0.078663774,0.1607126,-0.047599845,0.011797339,0.118768215,0.101501405,0.19831558,-0.11103387,-1.0301753,-0.015178658,-0.043175556,0.1235176,0.18433066,0.048114583
-0.97543097,-0.06652269,0.25595617,-0.025996171,0.02852247,-0.109574854,-0.07743309,-0.19512036,0.03201464,-1.3382481,0.2584841,-0.058351137,0.025079533,0.072143614,-0.13297069
-1.3616904,0.009787664,-0.08842549,-0.012739837,-0.06545182,-0.14036801,0.024993017,-0.087063566,-0.099077985,-0.72990125,-0.036274604,-0.12533209,0.08874023,0.10733802,-0.1491627
-0.696267,0.11398506,-0.12939641,0.11827901,0.08622268,-0.14945953,0.028894544,0.077986896,0.014584497,-1.281615,-0.044832513,0.13774717,0.044031024,-0.21107927,-0.16379112
-1.2945777,0.09835337,-0.106022134,-0.13355362,0.023042172,-0.021265507,-0.117651135,0.038635135,0.12979516,-0.8966482,0.04257457,0.09244032,0.08641578,0.08804141,0.38777292
-0.80816686,0.11296198,-0.05656512,0.0665701,-0.16169098,-0.116512254,-0.066557445,0.23387657,-0.08798137,-1.0903004,0.15876119,-0.0014679581,0.07982428,0.053382397,-0.16537201
-1.048772,0.080193505,0.10640544,-0.07224149,-0.038183287,-0.10955097,0.007784575,0.093641296,-0.1372302,-0.955099,0.009000137,0.10113594,0.079030916,-0.08789331,0.072631374
-0.8953833,0.10564497,-0.17005625,-0.03485302,0.0327987,-0.07177901,-0.12397315,-0.03931345,0.02117446,-1.1346326,0.22609805,0.11857775,0.09702532,-0.084417865,0.09864
-1.26316,-0.032955788,0.1745557,-0.1421412,-0.099504165,0.0016222894,-0.07387746,0.034514785,-0.09127745,-0.8234945,-0.03805712,0.13460165,0.072886944,-0.08085251,0.09175015
-0.7099504,0.025707379,0.013656311,0.14490348,-0.23834254,-0.09098013,0.041809633,-0.038557462,-0.07180217,-1.5615338,0.08466327,0.05342424,0.116289854,-0.09359386,0.037999287
-1.5607097,-0.045862757,-0.09730592,-0.07774283,0.15322131,-0.056295924,-0.08621169,0.16312195,0.095533535,-1.1064495,0.21154653,-0.03227617,0.0716929,-0.09212677,0.34676102
-1.2132351,-0.0026006103,-0.016340658,0.01688239,0.029664919,-0.14498572,0.07116017,-0.041497268,-0.0841357,-1.4662751,-0.039374843,0.13276333,-0.02470398,0.17842132,-0.25660574
-1.3982489,-0.06925891,-0.1199356,-0.027802564,0.05068046,0.12654033,0.0020346642,0.12720796,-0.10465016,-1.1118716,-0.1521179,0.10884562,-0.11075123,-0.027401134,0.11225511
-1.1752012,0.01857762,-0.12941174,0.06790258,-0.04669813,0.004952997,0.11949438,-0.14537661,-0.12347201,-1.2375072,-0.25222182,0.10074663,0.14107367,0.06450084,0.22288013
-1.2380509,-0.04531177,0.022204936,0.012446359,-0.04676254,-0.07628911,0.13679698,0.00088848174,0.0030432492,-1.0839177,0.20214173,0.03911686,-0.044057786,0.04668715,0.22823903
-1.1502646,-0.013306588,0.0129848495,0.0572982,-0.1097847,-0.12608558,-0.054985374,-0.13666672,-0.05154737,-1.1592728,-0.030447438,-0.06943358,0.010088056,-0.019520521,-0.04754615
-1.024241,0.100055724,-0.11630684,-0.062161535,-0.092408314,-0.03437709,-0.103662394,-0.08354309,-0.015305072,-1.2843294,0.033841774,0.0056646764,-0.13649228,0.03423991,0.061296545
-1.2647951,0.026677713,-0.12416768,-0.06059861,0.056842417,-0.107665926,0.09480624,0.19966188,0.100041926,-1.046919,-0.051314473,0.12469837,-0.05904764,-0.08458765,0.07841611
-1.1346102,-0.045342475,-0.31663066,0.009432867,-0.1841026,-0.102178186,-0.12250155,0.0072470903,-0.061654456,-1.3163123,0.0076292157,-0.04678788,0.09909642,-0.038863853,-0.036600173
-1.4234692,0.05545214,0.016217366,0.14333758,0.06766944,-0.07410397,0.034916714,0.10090372,-0.0011056364,-1.3644915,-0.045335323,-0.10772156,-0.010550588,-0.33307308,0.07107597
-1.2172812,-0.118594125,-0.13447303,-0.052791707,0.19497311,-0.13607235,0.007433191,0.016628392,0.1117439,-1.6634943,0.08745715,0.1128948,-0.08968,-0.045818374,0.16338536
-1.5533462,-0.06273702,-0.123747915,-0.11601582,-0.04832425,-0.104877904,-0.070867844,-0.0020435005,-0.06962755,-1.0232244,0.032235816,-0.019947782,0.059204772,0.25694805,0.021047182
-0.9154566,0.05927235,-0.13053334,-0.039085098,-0.2012864,-0.14183092,-0.11741145,0.06029138,-0.0925616,-1.3265661,0.16214903,-0.014536411,-0.069573075,-0.16394615,-0.09699413
-1.2350895,-0.100240126,-0.14352389,0.0026161075,0.05879525,-0.006851107,-0.013540536,-0.0056476444,0.08409062,-1.1879889,-0.21292952,0.041807204,-0.009405062,-0.30306333,-0.03240285
-1.0629609,-0.043525867,-0.12295219,0.13850877,-0.14415498,-0.04169535,-0.012029022,-0.021333814,-0.10567101,-1.5684444,-0.13645251,-0.12646076,0.03690435,0.15813601,0.1291574
-1.4603653,-0.066155255,0.0827528,-0.033720538,0.1411084,-0.055150084,0.13763928,-0.16222832,0.021695971,-0.9762713,0.14516135,0.03181468,-0.052897237,-0.2593231,-0.03834019
-0.8995458,0.026167572,-0.17839131,0.09497969,-0.0022283047,0.13260782,-0.04476192,-0.06221743,0.045743912,-1.4328831,-0.07469689,0.025171727,-0.1350077,0.076334365,0.07117407
-1.3248359,-0.074484624,-0.01985322,-0.047804475,0.20127954,-0.015042663,-0.12760055,0.018039435,0.009881288,-0.90548456,0.013276622,-0.12261324,0.029229254,0.07106955,0.20105323
-1.0047277,-0.0069446713,0.14304975,0.098449916,-0.006045297,0.029455066,0.040456608,-0.07339137,-0.11820211,-1.056864,0.018727303,-0.088392735,-0.118467584,0.12600493,-0.31071937
-1.064968,0.123479724,-0.2099701,0.021094337,-0.037342638,0.13829744,-0.06448156,-0.15183406,0.052937835,-0.8936168,-0.02720116,0.05524966,0.1466358,-0.088465594,-0.025860123
-0.77469635,0.08078252,0.31000948,0.12816739,-0.015557766,0.016464725,0.008975416,0.042561963,-0.00071653724,-1.2644238,0.17851768,0.05688204,0.019018725,0.01033251,0.13593026
-1.3019273,0.024110183,-0.09902221,-0.07058965,0.12314637,-0.014698133,-0.08815127,-0.052267388,0.053103074,-0.8579032,-0.045630112,-0.1430273,0.03233862,0.06546269,0.28448418
-0.750257,-0.0096000135,-0.08609168,-0.001898557,-0.08615689,0.0099350065,0.0091726035,0.13868459,-0.008573681,-0.9815386,0.08751632,0.0297364,0.007678896,0.116902664,-0.33589008
-0.8545166,0.08402808,-0.0589948,-0.14713544,-0.0732681,-0.013610348,0.07578108,0.12031767,0.1260787,-0.8215872,0.06473476,-0.008203238,-0.017752632,-0.011564776,-0.016886242
-0.7099541,0.10676485,-0.13294725,-0.11452967,-0.17250755,0.07437076,-0.019148916,0.06746641,-0.024464697,-0.8569598,-0.15614413,0.04075317,-0.040488377,0.048312888,-0.07714781
-0.95871186,-0.1106092,0.0242576,0.09885666,-0.010564476,0.021694183,0.016588569,0.2531145,-0.046869777,-0.7505789,0.09562577,0.002361536,-0.019832253,-0.094106406,0.05272396
-0.73669744,-0.13173792,-0.018378526,-0.023848325,0.029627532,-0.13181868,-0.10832521,-0.17337528,-0.099583164,-1.1553998,0.05465685,-0.14316966,0.096346244,-0.14596343,0.09658578
-1.0534008,-0.061629727,0.02575995,0.14880931,-0.013392776,0.12905341,-0.0028832853,-0.11921354,-0.09476032,-0.8672464,0.027763195,0.12968588,0.058403015,-0.105538785,-0.16182102
-0.741648,0.12249637,0.22012487,-0.03568241,0.26626822,-0.03527298,-0.077165045,-0.01750651,0.049370393,-1.2532601,0.05583957,0.026460722,-0.094416976,0.094460905,0.28510472
-1.1184843,0.077982426,-0.22802098,0.03273119,-0.112726666,0.031874657,-0.018934444,0.028379217,0.037017226,-0.42397302,-0.13614216,0.1173819,0.07792851,0.33630818,-0.066936925
-0.29557565,0.10140097,0.16451131,-0.0026704073,-0.021060511,-0.05643595,-0.035864748,0.13155963,-0.10468401,-0.8577909,0.11940791,0.04654759,-0.050452374,-0.071727134,0.053463176
-0.7544526,0.047628924,0.0053491592,-0.012640357,0.0705142,-0.1021916,-0.08727018,0.09444253,0.13785422,-0.40522823,0.014351599,-0.027480878,0.10056138,-0.1415614,-0.04073158
-0.32184207,-0.043157905,-0.030515753,-0.1083422,-0.033665508,0.043731973,-0.13435626,0.066741616,0.13872787,-0.9289481,0.107804716,0.12951821,0.0791727,-0.034945875,-0.049918197
-0.99941486,0.029193968,0.21396732,0.14204988,-0.024368748,-0.028843783,0.027372003,-0.17122772,-0.01631859,-0.3033952,0.20876071,0.019262522,-0.0030068308,-0.13676569,-0.03017252
-0.22685936,0.13702545,0.045293473,-0.10779823,0.120970145,0.09949106,-0.0733324,0.018108726,0.018035963,-1.1747591,-0.0035042614,0.06852622,0.112243086,0.027776122,0.13194817
-1.0505583,0.011254653,0.0919052,-0.13903359,-0.20677792,0.1459254,-0.0058840215,0.19455267,-0.016889766,-0.15789433,0.10505457,-0.1140448,-0.0009770095,0.08370972,0.004497811
-0.20724644,0.06715204,0.24877912,-0.05652625,-0.2637121,-0.12068225,0.061558574,-0.1318377,0.08541119,-1.2165054,0.12884656,-0.13819498,0.018834025,-0.27877122,-0.1739976
-1.1544256,-0.12406562,-0.028747208,-0.09803671,-0.19824275,0.095711395,0.11233324,0.13577922,0.03191124,-0.76318467,-0.11265433,0.04713376,0.01600957,-0.2017869,-0.18964933
-0.63761294,0.026093498,0.014497787,0.016140744,-0.24534135,-0.118245386,0.14564905,-0.0626407,-0.032261595,-1.5948972,-0.10777785,0.035980582,-0.09262596,-0.18637663,-0.12412302
-1.5207734,0.08571139,-0.11004141,-0.083101206,0.06692818,-0.05404909,-0.01728703,0.1082627,-0.10410598,-1.0393499,-0.18126053,0.1408498,-0.13701186,-0.27794462,-0.014621511
-1.0619727,0.06911351,-0.11135754,-0.054759927,-0.019808091,0.05212365,0.13069072,0.056493334,-0.03680651,-1.8468289,-0.2685894,-0.013453037,0.12855676,0.101839215,-0.0023243949
-1.8183773,-0.07413857,0.2525227,0.13295862,-0.17297566,-0.026330225,0.08006215,0.13444662,0.078102484,-1.0520431,0.15545958,3.966689e-05,0.07830483,0.088901125,-0.087170996
-1.0479311,0.031295776,-0.010088265,0.023780122,0.13536716,-0.0053551495,0.123069435,0.008629009,-0.11389552,-1.9395925,0.17543502,0.14101571,-0.016139671,-0.155512,0.14942251
-1.8495482,-0.037634596,-0.16841951,-0.004354894,-0.115177035,-0.14848933,0.052269742,-0.10304505,-0.06196356,-1.087317,0.114971295,0.12058121,-0.14080381,0.0025313348,0.15181534
-1.0246357,0.09044571,-0.31302977,-0.08564997,-0.06476009,-0.003957495,0.12749824,-0.008201018,0.0013732016,-1.9819736,-0.15530793,0.017229676,-0.06663421,0.028765976,-0.02368921
-1.9571908,-0.13476735,-0.16969974,-0.07104054,-0.14142865,0.08787924,0.13608232,0.12627718,-0.0009861588,-1.0143089,-0.19198017,-0.072328955,-0.058025986,0.037281573,0.0151990205
-0.9966393,-0.07625374,0.13869107,-0.13724984,-0.20288065,0.0467325,-0.1248087,-0.16381708,-0.047789834,-1.9385412,0.011541352,0.13845429,0.020573407,-0.1038509,-0.25250608
-1.8892807,0.11108586,0.21184771,0.14938289,-0.2824685,0.04904729,0.07741122,0.06460157,-0.02200523,-1.3481134,-0.11290099,-0.070392594,0.07749389,-0.10215542,0.14240219
-1.4009444,-0.06684795,0.04424654,-0.10209243,0.25252947,-0.046164036,0.038141504,0.14364584,0.05122228,-2.2042854,0.06280501,0.024229884,-0.11490509,-0.16934076,0.16576701
-2.3401659,-0.06206578,-0.24364758,0.07776706,-0.23131703,-0.08113051,0.070119545,-0.12729445,0.14490461,-1.4431269,-0.1180363,-0.13637583,0.11280927,0.24520403,0.05970405
-1.4824693,0.039401725,-0.10546947,-0.034243494,0.22073962,-0.04903543,-0.09164223,-0.0148584545,0.083383694,-2.4083226,0.09085207,-0.025492914,-0.12215313,-0.1965371,0.008122906
-2.4016397,-0.10320237,-0.21276912,0.07719202,0.10403469,-0.053174958,0.14343438,0.10220492,0.122367084,-1.4091536,-0.21320812,0.008510411,-0.048419707,0.28606984,-0.13243699
-1.5164454,-0.07628979,-0.19988874,-0.0024171174,0.067775205,-0.1476256,-0.094211295,0.043148696,0.10070187,-2.0962727,-0.11143573,-0.029277854,0.1383299,0.08326931,0.1520324
-2.2239246,0.07401286,-0.122620374,-0.054283373,0.004072413,0.0107450485,0.1495386,-0.12650913,-0.1057044,-1.2962451,0.16310516,-0.14991269,-0.056696966,0.021444373,0.012048967
-1.4384525,0.012477636,-0.06055163,-0.1363082,0.012746893,-0.11773834,-0.0963628,-0.053702876,-0.06747417,-2.316176,-0.1469748,-0.06097758,-0.1284278,-0.11796476,-0.18002196
-2.3588297,0.05750665,-0.2380891,-0.12295118,-0.10829416,0.028711274,0.010459647,-0.09998506,-0.040050015,-1.570888,-0.2605186,-0.12140678,0.034423232,0.004852824,-0.21287185
-1.5203888,-0.054976664,0.10030928,-0.0041900724,-0.08849944,-0.1272792,-0.04037533,0.020313635,0.043659702,-2.5721357,-0.11058128,-0.11167547,-0.06394178,-0.223515,-0.38907343
-2.659985,0.040450767,-0.271814,-0.021143764,0.018149436,0.015973836,0.09909651,0.024930902,-0.1153087,-1.7036594,-0.17705362,-0.028737098,0.03164938,-0.08152245,-0.14033371
-1.5987437,0.12970656,0.11276376,-0.031693697,0.10195005,0.14950141,-0.020162106,0.1561415,0.06567748,-2.7439888,-0.09053576,-0.03957147,-0.13624732,-0.085733995,-0.04989186
-2.8265471,0.030972615,0.009266451,0.036191285,0.061380267,0.1389249,0.14908516,0.19239926,0.111480236,-1.5724065,-0.10482742,-0.12746269,0.118127495,0.086041674,0.06044977
-1.4783411,0.1280697,0.20762761,0.1315813,-0.09471804,-0.07594994,-0.0043884367,0.11467157,-0.0072372407,-2.6298368,0.1763836,0.1426264,0.11611301,-0.06813812,-0.1460968
-2.6164455,-0.0057021827,0.15504736,-0.08027287,0.020095736,0.08673644,0.0198915,0.16356584,0.04651995,-1.6006442,0.07984378,0.0181811,-0.1485705,0.012569636,0.2991475
-1.6646227,0.065387964,-0.102777615,0.06884816,-0.15200648,0.11906272,-0.05990029,-0.09095216,0.11284563,-2.5506525,-0.27253604,0.06189215,-0.12763877,-0.04878252,-0.008608103
-2.602931,-0.060076244,-0.007238254,0.027689308,-0.04974267,0.14178687,-0.12236347,-0.07430577,-0.1339134,-1.8617296,-0.232009,0.033174276,-0.111872435,-0.21808931,0.23851776
-1.9359255,0.03680405,-0.08258045,-0.10933262,-0.029463328,-0.09666326,-0.04937137,0.07570224,0.06904076,-2.8277535,0.00988251,-0.087663755,-0.08481907,0.015741497,0.027294077
-2.6825554,0.011875749,-0.22248928,0.14025092,-0.11567311,-0.017208323,0.13542572,0.052546456,-0.05809869,-2.036911,-0.20133942,0.026148558,0.059899464,-0.14845793,-0.17448469
-1.935787,-0.14009334,-0.025731638,0.10641295,0.22378264,-0.117869034,-0.050211348,0.10395451,-0.0046978593,-3.0406492,0.16543262,-0.08962709,0.09882,-0.23767054,0.17973062
-2.912175,0.13560459,-0.07740416,-0.04581315,0.066654295,0.007153958,-0.05891934,-0.011543557,0.07461351,-2.0125217,-0.03596206,-0.009845972,0.06324856,0.095064655,0.12195361
-2.0412848,0.06848277,0.10716705,0.12614027,-0.01347249,0.026020378,-0.03535427,0.099456616,0.030422762,-2.6358974,-0.011535168,0.048617095,-0.005349204,0.05554661,0.056068204
-2.6039853,0.09299256,0.05542767,-0.14815867,0.1293614,0.081382304,-0.016888648,0.17021681,0.13852224,-1.9304713,-0.115182176,0.033680335,0.13561869,0.014066286,0.19718088
-1.7866564,-0.13186282,0.23361918,-0.07782169,-0.03942898,0.09777628,-0.076652884,0.07133977,-0.015145034,-2.4433947,0.1677646,0.01644066,0.012669414,0.2477002,-0.20288913
-2.404253,-0.116434604,0.24365805,-0.08180071,-0.07183106,-0.11237362,-0.053841792,-0.04014139,-0.111766756,-1.5962819,0.15163663,-0.061437592,0.020985663,0.027219534,-0.024428055
-1.6189966,-0.108471364,-0.2104479,-0.05953975,-0.0010026917,-0.039125226,-0.112148166,-0.109108314,0.08219595,-2.5476415,-0.03860598,-0.010319352,0.12581044,-0.21902083,-0.12533125
-2.4547498,-0.077012554,0.21551779,0.12800872,-0.18505014,-0.12549677,0.04584782,-0.17356096,-0.02043721,-1.961226,0.1997409,0.0059862435,-0.051953964,-0.016302936,-0.0802816
-1.9827819,-0.039504647,-0.0654605,0.035066023,0.11970399,0.010120869,0.14900294,-0.05043815,-0.06163025,-2.7236564,-0.018501379,0.1033757,0.06826308,-0.2505943,0.06078852
-2.6427639,-0.013006821,-0.023965701,0.132325,0.17129211,-0.05241652,-0.094335586,0.0063289106,0.14945966,-2.0260124,0.08883405,-0.00063347816,-0.11484309,0.020920426,0.05709696
-1.9826453,-0.05353421,-0.23656657,0.14904574,0.12922993,0.098075435,-0.100857764,0.016858235,0.13781866,-2.5105917,-0.0042393133,0.048709825,-0.099838346,0.051018722,0.053986773
-2.4599588,-0.057103604,-0.0915204,0.051214114,0.23137115,-0.050160818,0.08168663,-0.12380374,-0.10681769,-1.8493407,-0.24615641,0.043914124,-0.071929395,0.2690449,0.25610054
-1.807551,0.109196484,-0.036724366,-0.13848692,0.09819174,0.117345124,-0.061799817,-0.11560298,-0.14813894,-2.0577278,-0.11064737,0.13676658,0.0031586587,0.3459308,0.14120722
-2.20347,0.090296894,0.20451681,-0.04180289,-0.11342454,-0.030322373,0.060607165,0.24240285,-0.040145896,-1.3159945,-0.007276535,-0.05207386,0.14184025,0.18989082,0.037286445
-1.3773712,-0.09521474,0.17683223,0.035719886,-0.13307887,-0.08520627,0.002300918,0.13624467,-0.12226838,-2.0220675,0.2592958,0.10511613,-0.04701916,0.015097886,0.0102237165
-1.9508079,0.1251063,-0.26514918,0.10464364,-0.11217646,0.056914523,0.14600119,-0.20017603,0.05335772,-1.4504431,-0.020933457,0.11635801,-0.13051528,-0.28165555,0.20464368
-1.5340946,-0.0340176,-0.1690478,0.06646724,0.06826212,0.14027992,0.14600629,0.1744896,-0.0478748,-2.3477485,-0.03353776,-0.12234504,-0.11705091,-0.040082097,0.25888574
