A,B,C,D,E,F
0.45603338,0.23567124,0.08439735,0.04473846,-0.001738376,-0.0019819466
0.48386893,0.2204876,0.053253215,0.04251657,-0.005896015,-0.006550502
0.46251336,0.30691928,0.0670893,0.03219478,-0.0017517952,0.001227323
0.55656904,0.2297289,0.056462247,0.08584547,-0.0005203535,0.0069251084
0.4698304,0.27001023,0.044024874,0.08682942,-0.0019346792,0.00057253777
0.5245699,0.20892948,0.06631025,0.05207649,-0.0037877427,0.0077534
0.45926428,0.2740223,0.026605062,0.053379677,0.0018367568,-0.004681707
0.52563256,0.29554015,0.025824573,0.041110042,-0.0031131827,0.0031269647
0.54665554,0.21470378,0.054383755,0.09452658,-0.008203688,0.013373027
0.46158588,0.33312207,0.07393928,0.0216759,-0.0027845486,-0.015429026
0.58622736,0.17213613,0.029967282,0.075311065,0.0028721562,-0.00068106374
0.39691776,0.2523836,0.04892984,0.061692517,-0.0012610948,-0.008141349
0.49292994,0.21339193,0.08334168,0.06484304,0.0015435157,0.0009196007
0.44448674,0.25603262,0.095254324,0.05375133,1.858003e-05,0.0011489216
0.50045913,0.24084297,0.062892884,0.0778293,-0.004097163,0.0064508524
0.48050296,0.27704522,0.045974698,0.061292782,0.0034428071,-0.001669297
0.53172517,0.29396904,0.10110599,0.047196977,-0.0039413306,-0.0061679883
0.5383794,0.1301712,0.0022519156,0.064556345,0.0082320105,-0.0049375035
0.37607247,0.1481003,0.043519765,0.051000733,0.006573759,0.0019170259
0.3984691,0.26784238,0.08620191,0.074187115,0.0006615615,-0.007518091
0.505162,0.28073448,0.07091653,0.030767867,-0.0009983133,0.001666941
0.53608286,0.24173817,0.051999316,0.057118554,-0.001080302,0.0060938722
0.4834227,0.20970434,0.05931438,0.06998806,-0.0016989654,-0.002391504
0.4455422,0.21238577,0.08605022,0.070711076,-0.0090956,0.0058509614
0.44823974,0.26820073,0.13408434,0.07744148,-0.00062835374,0.0028947187
0.51615953,0.16727585,0.07529392,0.058452673,0.00045915908,0.006346033
0.40137288,0.23529679,0.02565306,0.062241886,-0.0021434329,-0.004335292
0.43003482,0.13169906,0.0561644,0.027654367,0.004708741,0.00033079702
0.3701832,0.27532867,0.08534148,0.06264735,0.004072925,-0.003607348
0.53536415,0.19726346,0.08588636,0.07618395,0.0027827502,0.0064247907
0.4488614,0.17562701,0.07881475,0.0050874054,0.0026020193,0.004209307
0.4170647,0.20970434,0.067758076,0.033278253,0.00029399374,-0.0029761696
0.4510956,0.26335546,0.061056957,0.010948218,0.007462743,0.00049154187
0.5172386,0.18151236,0.04498233,0.03405638,0.0015467661,-0.001896076
0.4246426,0.12918018,0.057944484,0.11718014,0.001106399,-0.0004974363
0.36455062,0.31096327,0.067758076,0.07968003,-0.0006536073,0.0002541846
0.55336404,0.1330929,0.09690566,0.027981693,0.0043263203,0.00083716627
0.37516254,0.25385392,0.10890828,0.009140454,0.008655293,0.0021254458
0.5049508,0.3107732,0.0046936907,0.062604316,0.01162423,-0.0053705308
0.5610133,0.12262046,0.03286403,0.04405306,0.013718039,0.0068164244
0.37619242,0.28610596,0.05127319,0.013700206,-0.006796156,-0.011307645
0.51888573,0.31008396,0.039503407,0.07528681,0.00036657322,-0.0076991003
0.56132823,0.27546382,0.051567312,0.1102066,0.0027476773,0.0048585655
0.5342484,0.18437791,0.08109185,0.017722301,-0.008332383,0.0026445636
0.40418062,0.23858437,0.024094746,0.023180708,-0.003913892,0.0033295024
0.48125908,0.2972429,0.07036796,0.072954796,-0.0025581254,0.0049209725
0.5319719,0.22306749,0.085834876,0.043555997,4.073429e-05,0.0105971815
0.4619059,0.29961804,0.0146882385,0.0452976,0.003276061,0.008479191
0.56051385,0.29097304,0.06099192,0.090057075,0.0045205387,-0.00176906
0.5499822,0.1624747,0.0950842,0.043852586,0.0016846535,0.0055033527
0.4105292,0.091386184,0.095268026,0.09947714,-0.0045462833,-0.003124145
0.3190698,0.2640734,0.058952637,0.059625186,0.0051000435,-0.0040550767
0.50535554,0.22084093,0.030596506,0.06548534,-0.0051949965,-0.007942542
0.45646608,0.3107732,0.0146882385,0.07252869,0.010274131,-0.006714365
0.57463896,0.14397484,0.020201199,0.03901167,0.0040144245,0.007893204
0.39714605,0.26192513,0.07940942,0.0628333,0.0024753714,-0.0039687594
0.5141904,0.15172389,0.061056957,0.08039135,-0.0010793308,-0.00191188
0.37847272,0.22375934,0.07940942,0.08256108,0.0013685032,-0.009369377
0.4669605,0.26692328,0.09597922,0.054881547,-0.0019114021,-0.001833727
0.5211273,0.2280022,0.056126058,0.039975945,-0.0037401211,0.0009835057
0.4803255,0.26517707,0.01172141,0.015953582,-0.0023177697,-0.0083411
0.50361854,0.31198198,0.063507,0.055560004,0.0060931505,-0.003253562
0.5697185,0.15285966,0.012263291,0.035560697,0.0023691976,-0.007413191
0.40410402,0.30141172,0.09011707,0.081712924,-0.0009457425,0.002870074
0.5562366,0.26692328,0.072932206,0.07815099,0.0018469327,0.010604445
0.5129517,0.16416848,0.017911393,0.054824933,0.0047844034,0.0046504172
0.39935118,0.2960864,0.054040827,0.07521851,-0.002919344,-0.0074151857
0.54474264,0.20518135,0.06613427,0.03567882,-0.0034899875,-0.0020198682
0.43988112,0.17142554,0.0023666918,0.020405859,0.00031382055,-2.8356735e-05
0.4057538,0.19671823,0.08605022,0.034876857,-0.0037877427,-0.0073350007
0.44219112,0.33902904,0.07115544,0.062986694,0.0050524333,-0.0023036788
0.5945182,0.24233815,0.04398767,0.03718101,0.007136708,0.0021207067
0.49171078,0.2411077,0.101043664,0.060811974,-0.00013062211,0.0056636753
0.49414954,0.24222809,0.0451897,0.035134226,-0.011337357,-0.0011068627
0.4754672,0.24837606,0.016820814,0.06116998,-0.0067900885,-0.008369378
0.48667946,0.16538991,0.08998811,0.037316315,4.073429e-05,-0.0021357418
0.39794666,0.26378894,0.024247106,0.063487,0.007349238,0.0011081654
0.51663184,0.21742275,0.056059916,0.05584233,0.0025453651,-0.0032688996
0.45902967,0.30141172,0.032069925,0.08034361,0.004072925,-0.0022311932
0.5467824,0.16482554,0.057834066,0.09161292,-0.006557993,-0.0015863493
0.39512473,0.2637726,0.015716635,0.08448246,0.0054310197,-0.0030955172
0.5218128,0.23077984,0.023593798,0.026485696,-0.005265221,0.0011497298
0.4720356,0.061491713,0.065138966,0.021389756,-0.0030769669,-0.008626066
0.2855205,0.1669037,0.07388458,0.039499093,0.0015435157,-0.008048639
0.41254824,0.27817804,0.099284716,0.095908396,0.0012990722,-0.0061885384
0.53362834,0.2729145,0.06751698,0.043525733,0.0040144245,0.0036194911
0.5205373,0.21780182,0.03386751,0.06973441,-0.010103471,0.0011464509
0.44368398,0.25778762,0.09364935,0.08553189,0.0019216802,0.0037002875
0.5103754,0.29475957,0.09832257,0.029147353,-0.0028365268,0.008848606
0.53181857,0.24742062,0.09172242,0.06907415,0.008298932,0.009257116
0.5094516,0.18566912,0.045657005,0.03160275,0.010896218,0.00375921
0.43505836,0.1301712,0.00660903,0.08039135,-0.005896015,0.0004262025
0.3655553,0.20640238,0.040518336,0.059449133,-9.1589674e-05,0.008990064
0.43513337,0.2524342,0.05723902,0.04618384,0.0016097842,0.003712967
0.48676008,0.26112917,0.06001296,0.038875584,-0.0027891514,-0.008071146
0.5179924,0.19764416,0.05243945,0.035019748,-0.0018434837,-0.0020314392
0.45232978,0.23165256,0.07219692,0.051358044,-0.0026396853,0.0036322628
0.47574538,0.16727585,0.08892916,0.054083943,0.0005811049,0.003853327
0.40275687,0.19556928,0.041346345,0.0452976,0.002280236,0.0048402455
0.427553,0.2621675,0.08709817,0.05207649,0.00634188,-0.0027192144
0.50740135,0.22723144,0.10844936,0.017009135,0.003455559,0.0023531502
0.47298673,0.20889485,0.08799747,0.073085845,0.0035945761,0.00069439376
0.4481139,0.23626874,0.07515624,0.036381304,0.00048723712,-0.006227308
0.48593298,0.24877805,0.08125328,0.044282943,-0.0026784327,-0.0041490234
0.48713905,0.25704324,0.05458938,0.08715073,0.0027897214,0.0024199148
0.5107969,0.26672646,0.09003441,0.09537988,-0.005393327,0.00097108615
0.5240744,0.20207863,0.045319714,0.046116155,-0.0035512873,0.0026182304
0.44601843,0.2637887,0.055757426,0.077361815,0.0011005051,0.005899936
0.50084406,0.2659508,0.023234911,0.047663793,-0.0013253184,-0.0038854685
0.5142471,0.21810383,0.027806176,0.039499093,-0.0016600668,0.0019445433
0.46309355,0.25223833,0.0054809973,0.03509513,0.008217622,-0.00018885615
0.51710486,0.28236538,0.029706266,0.10413583,0.004784169,0.0045958697
0.5343667,0.2893015,0.063507,0.025264699,0.0008330573,0.0021791714
0.5398685,0.17754129,0.07441857,0.07604149,-0.0016105847,-0.0036035723
0.4145797,0.24267964,0.056616556,0.026330063,-0.0066558747,0.004164808
0.44025043,0.25385392,0.06730392,0.03405638,-0.0033903113,0.00028640858
0.49129212,0.2663765,0.0891699,0.060160577,0.0035945761,-0.0027546838
0.5221379,0.27339268,0.07716802,0.06104005,-0.0072480366,-0.0011375246
0.51100826,0.1518121,0.01513882,0.062604316,-0.00403369,0.0077907736
0.3493216,0.16312295,0.09362805,0.043905355,0.002537492,0.0011555661
0.41048396,0.24730222,0.02622094,0.06406637,-0.0027731098,0.00017708534
0.48679382,0.2634496,0.025985733,0.06914999,0.0041031586,-0.0064219893
0.52173567,0.11747948,0.05668416,0.03509513,0.0010202109,0.007370316
0.3466959,0.121974796,0.029479397,0.085641816,-0.008058042,5.551614e-06
0.34805474,0.21732634,0.060664173,0.024169542,0.0032566725,-0.0035716365
0.46220642,0.32957557,0.023128003,0.06333613,-0.003469088,0.00043549942
0.57889694,0.28073448,0.030450936,0.046826582,0.0007535651,-0.0038268361
0.53607935,0.2879762,0.06270812,0.095269606,0.0023691976,0.011085792
0.5289517,0.29097304,0.04709862,0.048270475,-0.004383866,-0.003618216
0.5387215,0.19106889,0.012611471,0.033974193,-0.006557993,0.0011091405
0.4253266,0.28190333,0.043923423,0.050222874,0.0017714194,0.0068811616
0.53229976,0.2634496,0.081641294,0.08682942,-0.0044737537,0.00755007
0.5094235,0.21510378,0.045399114,0.06319279,0.0086571975,-0.0063182088
0.45754516,0.2972429,0.05482244,0.07967004,0.0021652835,0.0026357921
0.54766566,0.18319987,0.069825806,0.032441143,0.00071281946,0.0045697154
0.41841146,0.262269,0.056126058,0.05035311,-0.004879625,0.0008153234
0.50759065,0.2300877,0.05688084,0.019875415,-0.0035407494,0.0012207181
0.4228763,0.15419562,0.051583868,0.04408938,0.0049698707,-0.0023744227
0.39128625,0.27076405,0.037559792,0.040909875,0.00954871,-0.0003222875
0.54082525,0.25046468,0.047842264,0.080616266,-0.0022861247,0.0014116282
0.49852943,0.3002355,0.08229938,0.05125829,0.0005316143,0.005055768
0.5583319,0.26293865,0.015246991,0.042338558,0.009765427,0.0056831497
0.5068016,0.18980576,0.06782812,0.080616266,0.008923036,0.0010889297
0.4391936,0.21618308,0.05284789,0.07680764,-0.0009897158,0.00092404854
0.4659492,0.2760959,0.072557814,0.07331039,0.010896218,0.006823914
0.54143286,0.20374769,0.022606641,0.037486598,-0.0045375857,-0.0061784773
0.4481185,0.32551646,0.084163375,0.07968003,0.00046927645,-0.0057268706
0.5834758,0.22232006,0.052800015,0.097747765,-0.00091537635,-0.0008805616
0.46303052,0.093973905,0.023733694,0.05035311,0.001028565,-0.00014227012
0.33210024,0.25403807,0.036473062,0.041110042,0.003775181,-0.007497092
0.49964368,0.2879762,0.08055697,0.031885516,0.0066377996,0.0016990146
0.54559135,0.11747948,0.0054809973,0.11831654,0.0015467661,0.0036606446
0.34813213,0.1528147,0.032507204,0.07402535,0.0031530159,-0.0020404453
0.38523376,0.19062908,0.049770243,0.07894402,-0.002061343,-0.003376341
0.42675054,0.22892925,0.024247106,0.06841624,0.00059344654,0.005773428
0.47544459,0.31872338,0.030596506,0.07078536,-0.004042668,0.0035206524
0.5725106,0.24514799,0.072557814,0.03900805,-0.0018261581,0.00481539
0.49166727,0.26330048,0.069825806,0.059796974,0.0008330573,0.0040024407
0.5202409,0.181446,0.07388458,0.08422472,-0.002529881,0.004718098
0.4133261,0.2670622,0.04564362,0.059796974,-0.004297829,0.00037954043
0.51241595,0.30275378,0.07592783,0.066690266,-0.00013246638,-0.010969629
0.5542733,0.19661096,0.03918776,0.06681906,-5.3355267e-05,0.0043705967
0.42971396,0.29343182,0.020704482,0.08916572,-0.0075561064,0.0051584262
0.53780293,0.31519637,0.06074776,0.067532234,-0.0051949965,0.0012764039
0.5666935,0.18998788,0.043683365,0.05296829,-0.0011070876,0.004028514
0.43727535,0.12105859,0.07975944,0.064653635,-0.0031454514,-0.0025343266
0.35750306,0.2217873,0.05636636,0.048136503,-0.001108183,0.0057970094
0.46907592,0.30834323,0.09011707,0.06452741,0.0008784451,0.0029964186
0.5555415,0.29475957,0.046851717,0.037604343,-0.0038445317,0.0034705403
0.5507071,0.22164632,0.052278228,0.023850616,-0.0007343426,0.0050656954
0.4650314,0.29324803,0.01589847,0.024065029,0.0005521316,0.00017997036
0.5432135,0.20640238,0.061450053,0.06060595,-0.002878907,0.0028621743
0.43837646,0.24940571,0.05867987,0.056660887,0.0046525924,-0.00940503
0.4978204,0.0997075,0.13408434,0.024882782,-0.002916649,0.0020364725
0.33302096,0.21339193,0.107416436,0.0240435,0.0039740386,0.0024636341
0.45676532,0.24971174,0.020704482,0.075107425,-0.0058195237,-0.015443522
0.50131536,0.24624282,0.05458938,0.05226448,0.0013756972,0.002215524
0.4920384,0.23529679,0.020028368,0.06042363,0.0018059181,0.010238634
0.48718217,0.061491713,0.066617236,0.09041141,-0.005633322,0.0031456877
0.2864265,0.16852848,0.034417666,0.066690266,0.003981169,-0.0012929302
0.41502228,0.23434675,0.056616418,0.05616874,-0.00054748205,-0.000736624
0.46518394,0.25828204,0.07671666,0.089466356,0.0015751928,-0.0018879138
0.5159112,0.22863227,0.06942223,0.046631634,0.0015751928,0.0031715827
0.47476396,0.22999808,0.04075659,0.08454517,-0.01643936,-0.008334138
0.46019402,0.2785988,0.06871273,0.06548534,0.007136708,0.0045709983
0.5411867,0.24336237,0.04973547,0.029147353,-0.0022357819,0.0023590326
0.49218947,0.2652711,0.024565361,0.097157,0.0080552865,-0.0021911392
0.51643074,0.22306749,0.05184287,0.04096073,-0.0048213494,-0.0087545775
0.4764085,0.23138118,0.045963116,0.018799793,-0.0024432135,0.006086614
0.46904016,0.24814332,0.040465906,0.03801886,-0.0139361685,-0.0025230225
0.48221743,0.15172389,0.03945417,0.03826753,-0.0016336357,0.008887714
0.3849,0.23381394,0.025681816,0.023007024,-0.0005203535,-0.0051236944
0.47922918,0.29554015,0.09980109,0.013428915,0.006573759,0.008945432
0.5571282,0.18228059,0.025233746,0.08959825,0.011113389,-0.0013680586
0.44579995,0.19686209,0.058612324,0.022344097,-0.0034295437,-0.005740023
0.43057936,0.3110887,0.04338845,0.047917206,0.008655293,0.0035371142
0.5786039,0.12066006,0.061030198,0.08364174,0.013380529,-0.0010399765
0.3702072,0.11747948,0.062102735,0.02341047,-0.003660127,-0.00029209547
0.3461094,0.18358608,0.055363216,0.01837575,0.009460074,-0.0048855017
0.39697674,0.311051,0.020701304,0.017187554,-0.0071314913,-0.00026696722
0.54994226,0.1865562,0.06778163,0.022722103,-0.004129992,0.003500459
0.42410237,0.2204876,0.09668106,0.023447033,-0.0008421227,0.00088814355
0.45822138,0.2924391,0.10618091,0.100810215,0.0013987253,-0.0028551747
0.5438904,0.16682051,0.04891163,0.058595117,-0.0023107186,-0.005496856
0.40346512,0.28275922,0.039991897,0.0651263,0.0052869325,2.6901427e-05
0.54737127,0.16694011,0.021857597,0.01699952,-0.003247372,0.006658159
0.4026253,0.22608039,0.08588636,0.092707865,0.007530497,0.0015278929
0.4816844,0.19286272,0.046900585,0.05448363,-0.0011995083,0.0054899883
0.43453017,0.32207048,0.019794218,0.05358096,0.0086571975,0.000505686
0.58231175,0.24027848,0.053009387,0.038879815,0.009839002,-0.0012473222
0.5016142,0.29746962,0.08347774,0.052752018,0.0048998315,-0.0018818585
0.54445463,0.27222446,0.07958013,0.08734117,-0.0012705381,0.0052688834
0.5310581,0.24138767,0.07823192,0.04695815,0.0007629199,-0.0039823484
0.49234027,0.2294699,0.04634786,0.0420925,-0.00094581983,0.0040995264
0.4660491,0.2994965,0.08702062,0.05512093,0.005906912,0.0007707124
0.55508894,0.15210214,0.03695875,0.06916297,0.0012422479,0.006843093
0.35517943,0.19569232,0.09086214,0.08871839,-0.0039868285,0.002228633
0.44106954,0.19840726,0.021857597,0.06042363,0.003538424,0.008162502
0.44777358,0.262269,0.010818828,0.061743185,0.0087592015,0.0085542165
0.52439237,0.27076405,0.043660793,0.04369857,0.0017900345,-0.008278136
0.52062124,0.2740223,0.07779517,0.036969133,-0.0059708497,-0.007297681
0.5209217,0.3124152,0.05268913,0.05516095,0.0077696554,0.0103018135
0.58781385,0.25374055,0.01802352,0.06924665,-0.010518099,-0.007408404
0.48482326,0.26519245,0.003777437,0.02718671,-0.0067467084,-0.001526789
0.51827514,0.29746962,0.053338654,0.08070292,-0.01416987,-0.006298952
0.5421878,0.19726346,0.062102735,0.0038449354,0.0021083439,-0.0010749949
0.43494016,0.26237178,0.053264607,0.07002338,-0.00089310977,0.009083145
0.5017737,0.23589124,0.09289777,0.071425,-0.0044092173,-0.006255483
0.47963914,0.2732127,0.056507,0.038164273,0.0063143615,0.0038918285
0.52393883,0.2705771,0.027339581,0.05005257,-0.002663403,0.000912903
0.46803266,0.23108189,0.10553849,0.07680764,-0.0075561064,0.0059663975
0.46699974,0.24035986,0.021857597,0.046684545,0.0012408287,-0.0005228737
0.48722526,0.18048891,0.04078839,0.09629611,0.005562944,-0.0016503045
0.43345496,0.20889485,0.10710966,0.02496766,0.0053943205,0.0032865321
0.4654982,0.14980188,0.02895874,0.06015444,0.007279145,0.0015888601
0.40254188,0.1584166,0.06254715,0.060135912,0.0047844034,0.0019142586
0.39803317,0.34233195,0.096673734,0.03249591,0.005117493,0.0034515057
0.60481113,0.16292232,0.030099956,0.087918475,0.0067768563,-0.004403132
0.41475856,0.15789935,0.043745942,0.042488225,-0.01416987,-0.0030400646
0.3838093,0.13044809,0.08782251,0.047663793,0.0011005051,0.0039477805
0.36640966,0.32133475,0.04058001,0.024623226,0.0034428071,-0.006591344
0.57983845,0.13808742,0.087772064,0.04141099,-0.0028254308,-0.0026330645
0.36861652,0.19227582,0.07219692,0.022973284,-0.003247372,-0.003935548
0.4265893,0.085253045,0.056592416,0.047731426,0.0026157843,-0.009051505
0.32164627,0.25403798,0.060017444,0.07002338,0.00061398116,-0.006362111
0.49578986,0.2634496,0.039223872,0.04942294,0.006976472,-0.004947162
0.5191516,0.18150425,0.03325075,0.11831654,-0.0012705381,0.0057954993
0.41809002,0.35148707,0.07217799,0.03584904,1.858003e-05,-0.009680134
0.6034057,0.13223486,0.085746296,0.017474774,0.013380529,0.0062494385
0.38893703,0.21510378,0.11503926,0.021389756,0.0082320105,-0.002089318
0.46178848,0.3254348,0.01513882,0.0937438,-0.003034759,0.0020600627
0.58360744,0.17643832,0.10455066,0.049050316,-8.635135e-05,-0.0022996876
0.41379914,0.22724532,0.030600714,0.028593965,-0.006793217,-0.009096302
0.46359074,0.27475396,0.033383034,0.060811974,0.0011914812,-0.00054603803
0.48789418,0.31273672,0.07358782,0.04799435,0.0017748046,0.001862658
0.5725066,0.25447565,0.044637047,0.09067191,-0.0050698332,0.008828464
0.50048727,0.15408872,0.036144428,0.07377355,0.00021570512,-0.010719252
0.3999382,0.16435926,0.04498233,0.025567092,-0.004271798,0.0050851866
0.4048159,0.13044809,0.06871273,0.08498577,0.008655293,0.0019728981
0.37790728,0.06588641,0.06284039,0.097157,0.0021260895,-0.0008540992
0.30463117,0.1550337,0.057452854,0.05449291,-0.0055944175,-0.0004451609
0.37940398,0.114489675,0.055765282,0.07880929,-0.004271798,0.0047049792
0.34385368,0.23687321,0.12874785,0.050535697,0.007403278,0.0035498254
0.4980222,0.18437791,0.093112834,0.028619362,-0.006776946,-0.0023409734
0.41517296,0.28299615,0.09364935,0.06977671,-0.0037219753,-0.004102561
0.5318233,0.31136608,0.014790282,0.046631634,-0.0030173343,0.009272809
0.5635576,0.27849838,0.047155216,0.05221208,-0.0072480366,-0.00017822924
0.51604563,0.17252691,0.11588053,0.06377918,0.0063143615,0.005365518
0.4266378,0.18566912,0.06658455,0.0468333,0.0025317853,0.00256116
0.4375859,0.19515444,0.08313144,0.042568643,-0.007486546,-0.0020452356
0.43110043,0.13169906,0.07499449,0.056155145,-0.0029540947,-0.0039834892
0.36188546,0.24934068,0.023324877,0.034876857,-0.0069650295,0.005530458
0.48726597,0.30275378,0.099654704,0.029251844,0.0004101519,0.004187401
0.55898964,0.07656874,0.05458938,0.10873287,0.009614284,0.0045262836
0.31896323,0.23294558,0.07637898,0.053379677,0.0040927227,-0.0011263413
0.48153123,0.29353875,0.09528162,0.05560366,-0.0009307619,-0.005611764
0.53793854,0.2397416,0.05328557,0.06452873,-0.00094581983,0.0033069625
0.47084466,0.24084297,0.052114114,0.094726734,-0.0007343426,0.0006831699
0.489696,0.18852657,0.06434056,0.04803605,0.005774713,0.005653103
0.43746713,0.2521485,0.025514599,0.09518104,-0.0020478382,0.005059805
0.49409848,0.15515271,0.057626612,0.047917206,-0.004533884,0.012893585
0.39517096,0.32660976,0.055765282,0.11831654,0.0020532145,0.0013854298
0.58010924,0.20518135,0.05858917,0.1038584,0.004566274,-0.0008684814
0.44963524,0.2046762,0.110482946,0.09841758,0.0011587121,0.011004632
0.45561656,0.19858725,-0.0034676306,0.08498577,-0.0032595561,-0.00057064515
0.43299416,0.30377796,0.08525769,0.046631634,-0.0072480366,0.003895359
0.54337525,0.25251955,0.06648588,0.07528499,-0.0032595561,0.0007577744
0.49185246,0.27127707,0.057422817,0.06742014,-0.0017517952,-0.0021680938
0.51310045,0.2110283,0.09228243,0.06999807,0.00031382055,0.010549171
0.4185815,0.10376896,0.03278507,0.062957056,-0.0023107186,-0.0007444498
0.34181663,0.22306749,0.10140995,0.009752385,0.0013468077,-0.012773887
0.46775043,0.3107732,0.05712308,0.05560366,0.00281435,-0.0020125406
0.5676399,0.17252691,0.06942223,0.05716289,1.858003e-05,-0.00018478016
0.41091272,0.27416632,0.06778123,0.035745293,-0.0038658918,-0.0029339415
0.51435333,0.21177024,0.071590096,0.013700206,0.0021493754,-4.682527e-05
0.45497343,0.32500115,0.0699214,0.0067629404,0.007712963,0.0017963008
0.5806819,0.17728339,0.052449018,0.0671071,0.0087592015,0.009736931
0.43165767,0.27442116,0.09530792,0.061802547,-0.00089310977,-0.0016597356
0.5176895,0.15285966,0.077555776,0.029147353,0.006655234,-0.0010645968
0.40150598,0.23414014,0.020903118,0.04799435,-0.001501571,0.0057642655
0.4835432,0.10655385,0.07527405,0.04450045,-0.0011070876,0.008949036
0.34661686,0.1669037,0.0369859,0.053338088,-0.0006814623,0.006550309
0.39347547,0.30691928,0.031950366,0.03297187,0.002139161,-0.006133967
0.56189024,0.15906931,0.053206075,0.01858754,-0.0055944175,0.004683486
0.39038587,0.26940465,0.028284162,0.051002447,-0.000112189686,-0.0025485
0.5175358,0.20640238,0.076221414,0.046631634,0.008296908,0.003522552
0.46546286,0.2474848,0.11172636,0.08480838,0.0054412135,0.009554667
0.49902314,0.24233815,0.039762367,0.07120962,-0.0034295437,0.0034505883
0.487339,0.15920402,0.063559845,0.097747765,-0.002973301,-0.0014031291
0.40045634,0.24837606,0.049988486,0.07882657,0.0031302597,-0.00020670565
0.45675156,0.3002355,0.04036436,0.028619362,0.0020754954,-0.015056975
0.489532,0.24006157,0.11327703,0.024169542,0.0013700607,-0.009805496
0.502046,0.2181742,0.052800015,0.035082016,1.858003e-05,0.009014463
0.45022395,0.12924509,0.024247106,0.047663793,-0.0006814623,-0.0019197688
0.35002866,0.22892925,0.1158219,0.06907415,-0.0015577641,0.0014916493
0.47724578,0.27619496,0.07191186,0.08185157,0.00084923184,0.0069247186
0.47954595,0.23631917,0.11352922,0.051425315,0.006557248,0.0033108008
0.48388755,0.28790453,0.056462247,0.09732289,0.0019216802,0.008757066
0.5386051,0.16733977,0.08496506,0.033374876,-0.0038830868,0.0038971938
0.40850613,0.22723144,0.03945417,0.051455144,-0.005983643,2.3447385e-05
0.46135202,0.25403798,0.026238259,0.05428074,0.00498469,0.0042118547
0.51319,0.2879762,0.11791391,0.06666964,0.0009987681,0.00084113353
0.53966904,0.19374217,0.063671224,0.087514184,-0.0029638782,0.0054667126
0.38377452,0.23947963,0.044017773,0.064011,-0.0045581455,0.0017416049
0.48808333,0.3122304,0.0561644,0.037174307,-0.0034833567,-0.00041085863
0.56475145,0.20344839,0.09459867,0.10591576,-0.004653283,0.0037089637
0.4348974,0.2041898,0.09744197,0.0587447,-0.0071314913,0.0027937884
0.4363113,0.1301712,0.081641294,0.056596566,-0.0032299994,-0.00450347
0.35988545,0.26088163,0.073469914,0.044690657,-0.0045581455,-0.0009567195
0.51146513,0.28214318,0.06422259,0.05894283,-0.0008611847,-0.0007360419
0.5385762,0.21636543,0.07179706,0.07155695,0.0033088033,4.1312596e-05
0.4684394,0.30442882,0.09528162,0.060530327,-0.004289406,0.011128208
0.54936475,0.16694011,0.01547445,0.053995237,-0.0029493263,0.0047839605
0.3965,0.19569232,0.03373132,0.041069366,0.0049868925,0.0028357222
0.43988883,0.19754049,0.07635155,0.044272598,-0.0057430184,-0.0023150141
0.42163047,0.29097304,0.08534148,0.03567882,-0.0033232598,0.0097344415
0.5426219,0.0813895,0.04709862,0.07204363,0.000830664,-0.010315985
0.31326112,0.27276006,0.046618693,0.081413224,0.0065422845,0.007045218
0.5271691,0.20640238,0.014454201,0.06631492,0.007216499,0.0065476764
0.4714133,0.21742275,0.03373077,0.032708064,-0.001479173,0.0004642493
0.4606082,0.3254348,0.069826655,0.03770246,-0.0006772523,0.0031184265
0.57746154,0.14451934,0.07036796,0.089720346,0.0013468077,-0.0045796195
0.37841094,0.27872878,0.04891163,0.070091404,-0.0027856748,-0.0005090554
0.5250573,0.1584166,0.03873501,0.08039135,4.6637157e-05,-0.008096268
0.39537856,0.24277328,0.092046425,0.06822377,-0.0027891514,0.0054175057
0.47184524,0.23737514,0.06850648,0.06406637,0.001476552,-0.010848554
0.48954722,0.36131254,0.04338845,0.04695815,0.0035945761,-0.0032726761
0.6304635,0.085253045,0.026238259,0.07764241,-0.0078021907,0.00535416
0.31640702,0.15172389,0.07115544,0.0024257004,0.0041031586,0.011049523
0.39637035,0.20970434,0.05453263,0.013700206,-0.002878907,0.0017756652
0.45387536,0.22305341,0.09194554,0.019279081,0.0023833273,0.002473925
0.45803806,0.22026719,0.05591372,0.065340705,0.010154538,0.0053491537
0.4810467,0.2891143,0.030813137,0.087514184,0.0034428071,0.0014266181
0.5309724,0.16958706,0.055363216,0.062774755,0.0021583939,0.0013689583
0.42103425,0.30433905,0.052114114,0.036051817,0.0047696712,-0.0011831155
0.5653,0.29682055,0.083264925,0.048188783,-0.0061021517,0.0030338194
0.543629,0.20769495,0.017865889,0.062198415,-0.00041231007,0.0022724713
0.45427355,0.21310735,0.046350334,0.046684545,0.0049456414,0.003580282
0.459587,0.18358608,0.03873501,0.054652393,0.005348276,0.0046429993
0.4308119,0.20518135,0.04953992,0.062273238,0.0005467364,0.0010877394
0.44551152,0.11101868,0.041514516,0.04294499,-0.009302713,-0.0025388533
0.33033937,0.2527429,0.032837298,0.041114166,-0.009165468,-0.012304337
0.4905016,0.16497222,0.039927896,0.048432905,-0.008372115,-0.0024987794
0.39096758,0.16292232,0.014454201,0.06914999,-0.0054912833,-0.0032567885
0.39555404,0.21683785,0.020274691,0.055560004,0.0013147292,-0.01600117
0.46621326,0.093973905,0.0490998,0.053995237,0.0015435157,-0.0026666326
0.3310696,0.33177906,0.035665803,0.06874807,0.0038715051,-0.0034984066
0.59799814,0.25828204,0.070566,0.0900248,0.0011914812,0.005114346
0.51296055,0.2093907,0.110482946,0.07539127,0.0004346312,0.006929098
0.4606787,0.23771079,0.1158219,0.092881836,-0.0014170462,-0.010348904
0.4886395,0.2579512,0.084163375,0.07125273,0.0032566725,-0.004677575
0.5034553,0.24684124,0.06270812,0.08480838,0.006976472,-0.0026111496
0.50216514,0.31296352,0.067253195,0.020405859,0.008298932,-0.0028321685
0.57584435,0.28275922,0.019606233,0.020590533,0.0034428071,0.011441898
0.53205895,0.311051,0.041698255,0.08476968,-0.0007250211,-0.00064664683
0.5676474,0.2178769,0.059367746,0.094807796,-0.010518099,0.0039848904
0.46047783,0.30803543,0.03278869,0.09120295,0.0010202109,-0.008638439
0.5641592,0.26692328,0.103294,0.07655555,0.0022913658,-0.0009582511
0.51259017,0.28790453,0.09623958,0.05212874,-0.0041490365,-0.0006011189
0.53480595,0.29894015,0.056507,0.04695815,0.0036179163,0.010084656
0.48973674,0.2702092,0.07441857,0.094936445,-0.004879315,0.0021951464
0.5015783,0.13044809,0.026116975,0.0452976,-0.008521791,-0.0063485825
0.37133497,0.2204876,0.01589847,0.04487498,0.002081256,0.008754233
0.47142267,0.23151885,0.060680803,0.10937874,-0.0031468265,0.0027539846
0.47593257,0.22368056,0.06114798,0.06822377,-0.00836876,-0.0054200217
0.46848574,0.18935518,0.101043664,0.07697991,-0.0049990984,0.005356083
0.4224778,0.24456453,0.04519721,0.06977671,0.0016846535,0.00027589145
0.49793348,0.21732634,0.052278228,0.055560004,-0.010295218,0.0010250981
0.4473934,0.14965414,0.05610016,0.041114166,0.0043653846,-0.0084590595
0.39933607,0.23368011,0.04973547,0.056068618,0.005555164,0.0007128187
0.4835895,0.27343994,0.025233746,0.022154287,0.008923036,-0.0011889315
0.53309757,0.27181143,0.056960415,0.06810836,0.0023691976,-0.007022023
0.5267401,0.20668827,0.008299772,0.05035311,-0.0034902191,-0.008682312
0.44030318,0.18170623,0.092046425,0.026175266,-0.00030037633,-0.00021926261
0.41955554,0.29174858,0.019393407,0.022222228,0.008206791,4.1925756e-05
0.53727496,0.23667789,0.07529392,0.047605284,-0.008372115,-0.0022377155
0.48476487,0.20609476,0.074476816,0.030767867,0.0027827502,-0.0022649972
0.4554272,0.28403986,0.0100650415,0.023259182,-0.0028174766,-0.0059084436
0.52370137,0.23778452,0.054325376,0.06461586,-0.0022248826,0.0011726302
0.48125294,0.22526747,0.104114324,0.01699952,0.009387965,0.0062944577
0.46746323,0.16232081,0.0718031,0.059905093,0.005562944,-0.0066654556
0.40522844,0.17755078,0.06001296,0.08641632,-0.0021092694,0.0014646315
0.41032857,0.18228059,0.033262573,0.032311507,-0.008521791,-3.98868e-06
0.41562864,0.11435551,0.0789194,0.038687874,0.0014747548,0.005547951
0.36482143,0.18998788,0.08229276,0.073536746,0.0049672825,0.002964666
0.44841626,0.2619946,0.035224017,0.040909875,-0.0032595561,0.00012684934
0.5004144,0.04458134,0.090304986,0.04108405,-0.0001732893,0.0010257947
0.27631915,0.2397356,0.060664173,0.08236731,-0.00026699627,-0.012169914
0.47155103,0.22774854,0.10208474,0.05635614,-0.009360767,-0.0019846542
0.46231315,0.13592814,0.046645153,0.08182529,-0.0025440827,0.002673299
0.369158,0.12262046,0.05579555,0.018451896,-0.0016648103,-0.005257706
0.36511782,0.2846487,-0.0034676306,0.053665914,0.0016097842,-0.0068205553
0.54102385,0.287643,0.00660903,0.05207649,0.007136708,0.0076045487
0.5538291,0.27076405,0.08142733,0.058580767,0.0049456414,0.002800243
0.47791487,0.28381926,0.025209248,0.052274145,-0.0061021517,0.0073869596
0.5231926,0.16497222,0.045974698,0.056320406,-0.011297817,0.0006329729
0.39734378,0.24624282,0.05606687,0.040909875,-0.0007514573,0.00024271314
0.49256507,0.1301712,0.06270812,0.05724685,0.00059344654,0.0032688119
0.36684057,0.16875982,0.04519721,0.015860993,-0.01416987,-0.0034019384
0.38676676,0.26583195,0.107076764,0.04610232,-0.0006814623,0.009177546
0.47740948,0.17822309,0.073381595,0.027446058,-0.0047990605,0.0063198595
0.42008656,0.10770037,0.0893141,0.018799793,-0.011297817,0.00010018662
0.32825634,0.28957132,0.039223872,0.08493587,-0.004289406,-0.0021484967
0.5290678,0.23631917,0.057846103,0.065287724,0.0047927815,0.00919979
0.4842785,0.24393602,0.05458938,0.025988134,-0.0007343426,0.0038965568
0.48679516,0.22819349,0.08631285,0.053338088,-0.0034295437,-0.0018775965
0.47248232,0.21470378,0.0891699,0.02375212,1.858003e-05,0.0004863072
0.45852628,0.23778452,0.022606641,0.046894636,-0.00021595598,0.004657111
0.47683153,0.12918018,0.07461113,0.037945617,0.008923036,0.0048304475
0.37916422,0.13928632,0.015246991,0.07002338,0.007349238,-0.0036351795
0.37854636,0.15920402,0.08476137,0.05259171,-0.0066558747,-0.0015179144
0.39736846,0.3002355,0.09191026,0.07031757,0.0011442704,-0.0059950007
0.5487379,0.27474377,0.04891112,0.047320325,-0.003004406,0.0056831497
0.5213364,0.23492038,0.07344543,0.038762953,-0.003913892,0.0019277958
0.47580072,0.16893612,0.06850648,0.041148048,0.002418254,-0.0051583955
0.4200061,0.28864214,0.06168201,0.08320047,-0.00935913,-2.4269684e-06
0.5363212,0.21537757,0.03982637,0.035134226,0.013718039,0.003735111
0.4783712,0.0813895,0.10553849,0.04229712,-0.0038658918,0.0010676638
0.3176894,0.31273672,0.03556965,0.047066003,0.0038647233,0.0005704055
0.57438827,0.11435551,0.08998811,0.012041729,0.0047231195,-0.00085059827
0.34803534,0.31591907,0.067253195,0.044399854,-0.0036255785,-0.005229255
0.5734179,0.30141172,0.007942811,0.040026344,-0.0015360923,0.0044818204
0.55483377,0.2879762,0.03639603,0.07567204,-0.0029493263,0.0040464373
0.532648,0.24113944,0.040518336,0.042629395,0.0019139444,-0.003618216
0.48978892,0.165527,0.07958013,0.07618395,0.007227283,-0.00039251905
0.40970907,0.30626124,0.057542846,0.05122774,-0.0008421227,0.0018925354
0.5436266,0.22608039,0.09003441,0.09473138,0.005506344,0.0037017146
0.49111557,0.12105859,0.06707604,0.04782961,-0.00297143,0.008643936
0.3468888,0.10995865,0.048644982,0.057843383,0.0008784451,-0.00069744757
0.34335935,0.13592814,0.03064136,0.053379677,0.004621889,-0.00046218897
0.38065273,0.07188727,0.10710966,0.07901116,-0.005054896,-0.00032362586
0.30459732,0.32557076,0.071892776,0.0420925,4.6637157e-05,0.0008935346
0.57847536,0.23191822,0.039927896,0.07402535,-0.00040631555,-0.0055571846
0.45878682,0.12069757,0.017865889,0.07078536,-0.0003223481,-0.00041546123
0.36117196,0.23567124,0.033262573,0.03739345,0.0063143615,0.0003264537
0.48656216,0.25168875,0.06569183,0.061292782,-0.0012610948,0.0038893977
0.4959606,0.24236149,0.0902949,0.033278253,-0.00062562234,0.0057576965
0.484802,0.12624425,0.032507204,0.022973284,-0.0011218921,0.0071373093
0.36798197,0.1584166,0.066298634,0.05913782,-0.003247372,0.009378799
0.39428666,0.19678225,0.022837415,0.029251844,-0.0066742506,-0.0010817766
0.43230343,0.28869373,0.091809005,0.05035311,-0.00093786506,0.0034597055
0.5316919,0.1550337,0.05579555,0.02341047,-0.0090956,-0.0033029579
0.38557842,0.21538658,0.04879691,0.04782961,0.0030801068,0.00060509564
0.4672087,0.32748854,0.09690566,0.05545995,-0.0029493263,0.0016605884
0.57699925,0.19670369,0.08310029,0.08504405,-0.0050698332,0.0070011155
0.43188906,0.13808742,0.06254715,0.07997408,-0.0024432135,0.0011794183
0.36711624,0.27604258,0.08416884,0.06467922,-0.0047438988,0.00023325288
0.52203286,0.28367478,0.06293866,0.0654278,-0.002901668,0.009050308
0.53052104,0.314062,0.07610349,0.034229323,-0.0051949965,-0.0011717095
0.5684482,0.27127707,0.012611471,0.0676406,-0.005054896,-0.000610638
0.51380146,0.20919682,0.06956239,0.008122411,-0.0032595801,-0.0044709877
0.40034825,0.240587,0.01589847,0.072954796,0.0080552865,-0.0012389501
0.50027865,0.19843185,0.03278869,0.011064414,-0.0034726234,-0.0021476492
0.4339164,0.2265912,0.048644982,0.013700206,0.009531042,0.0045583006
0.48843724,0.2823905,0.06003288,0.07986582,-0.0049990984,-0.0019736064
0.53451633,0.18998788,0.022837415,0.045691226,0.00091312267,0.0071954774
0.42442608,0.28864214,0.05610016,0.058452673,0.004339893,-0.015702117
0.55160975,0.28289962,0.078429356,0.048490383,-0.0009457425,-0.0017689681
0.53038245,0.26188147,0.07352935,0.021251682,0.0070587685,0.007521048
0.523168,0.24084297,0.07097157,0.04408938,-0.004289406,-0.00018256299
0.47206837,0.2755552,0.083264925,0.015293743,0.0023948003,0.003946541
0.49003327,0.2048665,0.054040827,0.06461586,-0.003913892,-0.0012857548
0.45253825,0.20389059,0.04006017,0.03739345,-0.0012520318,0.0009515248
0.44719243,0.33813712,0.04350354,0.02851148,-0.0006963393,0.009565713
0.58690864,0.23687321,0.03781545,0.098403394,-0.008003703,-0.00027519674
0.4771023,0.24934068,0.059477225,0.029393382,0.0061800913,-0.001919484
0.50083596,0.2972429,0.02565306,0.018451896,-0.0016752543,0.0072144237
0.5498741,0.31198198,0.043450758,0.10539472,0.004708741,0.00929877
0.5715469,0.2587709,0.03713539,0.041114166,-0.008372115,0.004867417
0.4954879,0.091386184,0.08249698,0.097747765,4.6637157e-05,0.00456034
0.32099488,0.2178769,0.052456412,0.03297187,0.013596278,0.0020009119
0.47557044,0.09685539,0.08115518,0.0396168,-0.0005965213,-0.005768048
0.3268723,0.17142554,0.10241735,0.047649782,0.004621889,0.0054654083
0.41341695,0.24719676,0.01138065,0.066013575,0.013718039,-7.824972e-05
0.5122927,0.1749373,0.08615601,0.07528681,-0.0016528355,0.0016234237
0.41132343,0.23829424,0.04406825,0.06461586,-0.0006814623,6.388128e-05
0.46954107,0.29423508,0.079599716,0.081712924,0.0053250324,0.0031809865
0.5510505,0.19186842,0.08033549,0.089720346,0.010154538,-0.010279942
0.44134694,0.30309588,0.057696473,0.08422472,0.00022351216,-0.0027967151
0.55658275,0.2655287,0.03305223,0.059625186,-0.002335712,0.0021758135
0.5185138,0.22104919,0.053956002,0.06944011,0.0032608567,-0.0035589128
0.47617555,0.2850182,0.020903118,0.05778309,-0.0009629467,0.0054191537
0.5449884,0.1981575,0.059856508,0.079630084,0.008655293,0.003627961
0.44930667,0.24580608,0.05883381,0.069257826,-0.005054896,-0.006345947
0.48756832,0.22990403,0.05125288,0.050523497,0.010995873,0.00042051403
0.47263867,0.16482554,0.09530792,0.017187554,-0.00071990717,0.006074152
0.40278697,0.20450994,0.026060045,0.10749874,0.0044855857,0.0019780502
0.45984793,0.33820814,0.08197181,0.014992204,-0.0017670933,0.0025774443
0.5855769,0.2960864,0.040518336,0.010481898,-0.010494855,0.0050292034
0.49892652,0.20207778,0.063981935,0.087514184,-0.0021092694,-0.005263911
0.42828968,0.14451934,0.045635898,0.03567882,-0.005983643,0.00019774947
0.38113868,0.2280544,0.044478334,0.035584535,0.007862264,-0.004298658
0.48404497,0.2280022,0.045963116,0.014706105,0.0030220917,-0.011011186
0.46817183,0.20919682,0.03804838,0.094807796,-5.8768535e-05,-7.948702e-05
0.455381,0.25603262,0.046900585,0.05716289,0.008217622,-0.0054426203
0.5181121,0.23434675,0.06348678,0.025695521,-0.004097163,-0.0064001605
0.48343086,0.068426445,0.07588221,0.017762627,0.0019305764,-0.002702042
0.30575997,0.26378894,0.054615498,0.054979373,4.6637157e-05,0.0024571866
0.5076366,0.24684124,0.067951985,0.088038474,0.0023522454,0.0012893638
0.5033835,0.32551646,0.03639603,0.05341281,-0.0027731098,-0.00082300935
0.5733682,0.24684124,0.03837151,0.09494004,-0.01133875,0.0038557637
0.4329899,0.30981433,0.05774112,0.035082016,0.007712963,0.00012866917
0.56703126,0.11985521,0.022344872,0.038762953,0.0011241402,-0.0076226043
0.35577592,0.28214377,0.08313144,0.055560004,0.00017873892,-0.004571177
0.46777463,0.17546353,0.08551576,0.036969133,-0.00089310977,0.0054057967
0.3659798,0.23467985,0.085834876,0.059384074,-0.0016336357,0.0024845782
0.48246905,0.24684124,0.045462206,0.019434795,0.0005811049,-0.00845278
0.4455086,0.28220972,-0.0034676306,0.101955436,0.004621889,-0.0023522014
0.5409655,0.17205606,0.10890828,0.091125466,0.0011005051,0.00029658707
0.41771197,0.21431248,0.045201585,0.0074994825,0.0016353694,-0.0014374179
0.4673168,0.1610659,0.046900585,0.02391053,0.0025562798,-0.00931763
0.40554416,0.24134576,0.08437244,0.012041729,-0.005906514,0.0031415953
0.4709193,0.17728339,0.016820814,0.015214283,0.0060987906,-0.00088372995
0.4176954,0.16727585,0.044637047,0.062273238,-0.0068612313,-0.0025184182
0.38875479,0.25368088,0.06782812,0.097157,0.007166576,-0.0061298553
0.4615839,0.16875982,0.04697461,0.074278586,-0.005017486,0.0048326743
0.3986287,0.19686209,0.049409274,0.042673595,0.0005855354,-0.0032149383
0.4513245,0.1540711,0.0146882385,0.042338558,0.00568484,0.0035371142
0.35120356,0.30419517,0.018732797,0.0240435,-0.0057461387,0.006097596
0.559131,0.25385392,0.08683602,0.09452658,-0.0014170462,0.0016895804
0.5051694,0.27540317,0.08055697,0.051000733,-0.009165468,0.004786965
0.506225,0.21431248,0.032043584,0.09380146,0.00071281946,0.0040341523
0.4564926,0.1599904,0.056059916,0.06211292,0.0073401504,0.0019688904
0.4029563,0.2121461,0.08753764,0.059029527,0.0067994343,0.007913695
0.4613184,0.2397416,0.01696283,0.051575944,-0.0035407494,0.009861892
0.444673,0.26641315,0.032404803,0.046631634,-0.0026396853,0.00039310424
0.5113834,0.17009905,0.06033774,0.09248929,0.0043263203,-0.0062108287
0.42118526,0.27246377,0.05184287,0.05526258,-0.005017486,-0.0001465673
0.50967604,0.2121461,0.11129841,0.017762627,-0.005393327,-0.0013512895
0.44856498,0.314062,0.04387749,0.05516095,-0.0055944175,0.004326127
0.55634725,0.12918018,0.02186856,0.05221208,-0.0033123211,-0.0016094658
0.3728112,0.2787235,0.049988486,0.035015833,0.009695182,-0.0035308949
0.53985196,0.22905591,0.027339581,0.04454817,0.003455559,-0.0043887105
0.47500396,0.2411077,0.104175255,0.010781363,0.0016295183,0.0045129666
0.49720523,0.28892297,0.07794731,0.057298787,0.0034428071,0.006285944
0.5386503,0.23954928,0.037136633,0.016383141,-0.011297817,0.008565341
0.4725821,0.23777132,0.058740158,0.09306405,-0.0007250211,0.0067221164
0.4814116,0.25416115,0.08245795,0.026175266,-0.005404418,0.00081085094
0.4931265,0.22990403,0.09003441,0.04803605,-0.006776946,-0.0021110834
0.46738163,0.2554111,0.104226656,0.08826931,-0.00064132933,-0.00021160037
0.5096021,0.26854944,0.07881475,0.016774785,0.007279145,0.0007870398
0.5138077,0.30309588,0.052171938,0.09099267,-0.006547336,-0.0057608173
0.51195997,0.21093698,0.00660903,0.07650413,-0.009229449,0.004273433
0.4520121,0.2196408,0.07881475,0.060811974,0.0024850476,0.008692659
0.47393754,0.31974036,0.07576438,0.10539472,0.0046558105,0.007799829
0.5824303,0.30691928,0.0893141,0.042568643,-0.0034295437,-0.006756532
0.5595308,0.29174858,0.03371145,0.02391053,0.00035252055,-0.0015281484
0.53850394,0.18514115,0.019850343,0.016059455,0.00692646,-0.0018412329
0.42776552,0.1920753,0.044024874,0.0240435,0.0016890118,-0.0054227207
0.43233976,0.21732634,0.045974698,0.030767867,0.0046649263,0.00027722417
0.46437913,0.22615984,0.02771129,0.09537988,0.006767244,-0.0049028066
0.47275665,0.24456453,0.026182182,0.034561682,-0.009612632,-0.004491325
0.4752532,0.19257258,0.09074884,0.035899825,0.0057036034,-0.0022144653
0.4438931,0.34798023,0.073532656,0.07535811,-0.0013856537,0.0038289018
0.5981748,0.2924391,0.05969023,0.03365565,-0.0069650295,-0.0061984127
0.537168,0.316761,0.05805256,0.068920575,-0.00040631555,0.002687627
0.56557375,0.19754049,0.07647254,0.04799435,-0.0064517776,-0.0050354735
0.44040704,0.2404946,0.030161668,0.04938998,0.0063143615,0.004164747
0.49641916,0.15172389,0.044382855,0.09248929,0.0045205387,0.00563401
0.39044425,0.12262046,0.06508493,0.05449291,0.0005316143,0.008950514
0.36623064,0.12812942,0.10890828,0.05351897,0.00692646,-0.016446473
0.38502613,0.27603495,0.0776328,0.05894283,0.0066377996,-0.005343876
0.5397943,0.14397484,0.06956239,0.04141099,0.0031610513,0.010567813
0.38171917,0.23492038,0.053956002,0.039633777,-0.0037329753,-0.0012413465
0.47048363,0.16682051,0.058952637,0.039427925,0.0040144245,0.0022667986
0.40979606,0.2471922,0.054383755,0.029147353,0.0007823146,-0.0025185628
0.491656,0.24173817,0.0544466,0.01837575,-0.0049751652,0.010044161
0.4857692,0.11747948,0.05592189,0.07883979,0.0011865895,-0.006663164
0.35005018,0.27076405,0.06421564,0.041114166,0.0005745563,0.007298313
0.5210408,0.2827224,0.06688903,0.0896606,-0.0045462833,-0.0020730952
0.5265077,0.25778762,0.03956934,0.10861114,-0.010518099,-0.009538647
0.49171785,0.3015453,0.040220965,0.034876857,-0.00037044525,0.015369582
0.5625434,0.27991813,0.035665803,0.037316315,-0.002207111,-0.0015482644
0.5330288,0.26188147,0.03804838,0.08454517,-0.008332383,0.0007974248
0.5119717,0.21674176,0.08799747,0.05122774,-0.004192214,-0.014907751
0.46105158,0.28595325,0.019393407,0.05560366,0.0022016922,-0.008465519
0.53717625,0.3198716,0.053253215,0.057843383,0.003276061,0.0011245062
0.5765549,0.26312366,0.052319102,0.016059455,-0.0011532254,0.005235454
0.50122434,0.23107721,0.030161668,0.06628698,0.010995873,0.00892178
0.49487662,0.19106889,0.09194554,0.095499635,0.004492504,-0.0047508706
0.44181496,0.2679249,0.063671224,0.012994777,-0.004271798,-0.007117958
0.51155066,0.16416848,0.020701304,0.07463419,0.0024850476,0.0052486896
0.4026427,0.181446,0.06516091,0.030018961,6.326109e-05,-0.006361483
0.43178982,0.27299395,0.08654704,0.07697991,-0.0079155965,0.0004247353
0.51815665,0.24681668,0.07441857,0.040197495,-0.004165322,0.00076051615
0.49362695,0.22184946,0.035224017,0.06914999,-0.00071990717,-0.0023376944
0.47019964,0.27991346,0.020903118,0.04916535,-0.00105793,-0.0026135622
0.5342306,0.26237178,0.07823192,0.012041729,-0.0019809445,0.0045412728
0.5131115,0.24336237,0.034045313,0.08553189,0.004321543,0.003823464
0.49719486,0.19958903,0.09011707,0.021213058,-0.008133813,0.0011088615
0.42296067,0.27849838,0.08693176,0.083094046,0.0026020193,-0.0032560048
0.5357691,0.19754049,0.05035021,0.08643452,-0.0065315263,-0.004676894
0.4410368,0.28610596,0.09530792,0.08151549,0.0020533034,-0.0011558353
0.54202515,0.19095547,0.04534797,0.06375606,-0.006776946,-0.005374187
0.42885697,0.1669037,0.04973547,0.030416558,-0.00063751906,-0.0026960378
0.41196224,0.16299288,0.014581393,0.07694886,0.00048723712,-0.0026331053
0.3968057,0.15812999,0.08437244,0.04732416,-0.0006814623,0.0004888549
0.39020285,0.16482554,0.08115518,0.08320047,-0.0072480366,-0.0015912898
0.39102927,0.19854157,0.080546066,0.046826582,0.009531042,0.004024309
0.45527056,0.25901332,0.10553849,0.037330836,0.0068252077,-0.0027645072
0.52285993,0.23858437,0.052363284,0.10242553,0.008296908,0.0072571235
0.4944548,0.14980188,0.083599605,0.041148048,0.0050718402,-0.002426351
0.39941344,0.13169906,0.059379216,0.04168074,-0.00071238674,-0.0038061128
0.3613557,0.20445533,0.052449018,0.08322179,0.0043877917,-0.007879009
0.44229826,0.16727585,0.05553965,0.0475235,0.00035252055,0.005235805
0.41583836,0.25908795,0.06114798,0.033278253,-0.0057461387,0.0030293614
0.50277984,0.25064537,0.030219141,0.015953582,0.00089454814,-0.0074266926
0.50748926,0.085253045,0.02771129,0.07002338,0.0011392807,0.0017754306
0.31590793,0.20561118,0.02895874,0.010986146,0.0013338865,0.0014900039
0.4355756,0.10559107,0.063210554,0.04419533,-0.0016105847,-0.00890416
0.34056142,0.184067,0.020018332,0.023180708,0.0026580403,-0.010009302
0.4261921,0.29894015,0.0861781,0.013860013,-0.0033232598,-0.008009523
0.55435693,0.32350776,0.018732797,0.061292782,-0.008082106,0.0036208224
0.56559795,0.20518135,0.033702176,0.011580493,-0.00013062211,0.0059402892
0.44014454,0.19232915,0.026182182,0.04732416,-0.0011218921,0.0056497194
0.4364588,0.28444043,0.046274394,0.09537988,0.009387965,-0.0028331494
0.5521319,0.23858437,0.04953992,0.090057075,-0.001738376,-0.0018153937
0.41817236,0.24624822,0.0986484,0.025945988,-0.0072480366,-0.0014446053
0.4732633,0.2668075,0.055757426,0.05545412,-0.0013985686,-0.0012904955
0.5138285,0.1528147,0.05199476,0.08422472,0.00033325795,0.003104869
0.39434686,0.19958903,0.07881475,0.039927,-0.00367288,-0.00027730246
0.43766493,0.12066006,0.046274394,0.058604933,0.005117493,-0.0007726728
0.3721821,0.22905652,0.07658702,0.040197495,0.004812465,-0.0072022313
0.47346038,0.19467534,0.0950842,0.08938457,0.0054250727,0.0014229885
0.4479162,0.18566912,0.10221192,0.049818736,0.0004101519,-0.0013994006
0.3784982,0.10770037,0.05482244,0.027976124,-0.004104812,-0.0028678654
0.33062965,0.24752587,0.044478334,0.097157,-0.0074598943,0.009173905
0.48963466,0.14929305,0.04350354,0.07976555,-0.009557314,0.0049380814
0.3710046,0.23294558,0.057452854,0.020590533,0.00019163206,2.4276087e-05
0.43160516,0.2560399,0.05482244,0.08173879,-0.0021434329,-0.007715545
0.4954124,0.18170623,0.0873954,0.022344097,-0.0040782914,-3.1175878e-06
0.42086896,0.2668075,0.05322804,0.035151646,-0.0024166144,-0.0023540875
0.5192392,0.2972429,0.05688084,0.025988134,-0.006255261,0.004649138
0.49339288,0.21618308,0.07958013,0.052842975,-0.007486546,0.0055691022
0.45450363,0.32660976,0.011033945,0.050523497,0.0032608567,-0.005644041
0.5819313,0.20668827,0.062201425,0.08441992,0.0024453194,0.0024356232
0.4610946,0.23881495,0.08534148,0.058595117,0.00029814034,0.00031795725
0.47843423,0.29396904,0.08525769,0.062986694,-0.004533884,-0.0100237895
0.5278988,0.18331957,0.06168201,0.06666964,0.0005454522,-0.0052873064
0.37776008,0.24479604,0.0352199,0.04942294,-0.0029251215,-0.0032658516
0.4786904,0.29924494,0.022837415,0.09069333,-0.003442417,-0.0013759714
0.54678154,0.23948099,0.079173274,0.07567204,0.0042145904,0.0007076881
0.49295464,0.24971174,0.06463165,0.02178144,0.010896218,-0.0028152305
0.50037503,0.25527495,0.11588053,0.024623226,-0.0018403251,0.007529118
0.5077639,0.28790453,0.03134633,0.100466795,-0.0016927349,0.003845994
0.5358574,0.22905652,0.093307205,0.039393917,0.0005454522,0.0015558219
0.4697036,0.1956396,0.051999316,0.07204363,-0.001803012,-0.0023093347
0.42988604,0.26672646,0.069826655,0.07680764,0.00498469,-0.00587103
0.5183189,0.29343182,0.06658455,0.047320314,0.00828075,0.0043090596
0.5478412,0.1574459,0.008139614,0.02851148,0.0011005051,0.009242445
0.38701338,0.24877805,0.08249353,0.077361815,-0.0040317695,-0.00023271359
0.4933167,0.34798023,0.04572232,0.045784894,0.011113389,-0.003146683
0.6126121,0.16694011,0.08197181,0.07915127,0.0015461534,0.0020801567
0.40765962,0.29143634,0.09074884,0.08173879,-0.0072646267,1.9031402e-05
0.53162265,0.25780645,0.03856838,0.053379677,0.0021083439,-0.0014134026
0.50962496,0.26191914,0.07658702,0.089466356,0.0048998315,0.0042105005
0.52061486,0.17470455,0.06688903,0.073821604,-0.0008611847,0.005778589
0.4166841,0.2280022,0.034045313,0.07814049,-0.0007054634,0.0008224428
0.47732884,0.19515444,0.081641294,0.034282815,-0.00064132933,0.0039516278
0.43882734,0.22104919,0.025985733,0.06681906,0.008655293,-0.0027630602
0.4820493,0.25168875,0.04891163,0.07078536,0.0022913658,-0.0018880024
0.5020927,0.32207048,0.05931438,0.04408938,0.005226683,-0.0033588302
0.585706,0.19467534,0.0427351,0.08173879,-0.0053980993,-0.004195457
0.43331647,0.29609588,0.049770243,0.09740392,-0.0015985064,-0.0029115104
0.5479926,0.17246296,0.06778123,0.06529891,-0.005054958,-0.010259382
0.40115014,0.15920402,0.1153588,0.016774785,0.009839002,0.008809119
0.40859723,0.2397416,0.10890828,0.08641632,0.0036240316,-0.0067763515
0.4882023,0.24267964,0.08249698,0.058452673,-0.0026153105,0.0040108985
0.49170294,0.18566912,0.029967282,0.06666964,1.858003e-05,0.0021595794
0.43066275,0.1830609,0.08087301,0.02954456,0.002040618,0.0008426067
0.4220756,0.025770336,0.11352922,0.07764241,-0.00182485,0.0010819365
0.24345225,0.29378358,0.08315584,0.10702464,0.010086285,0.003951871
0.5501217,0.29537964,0.02398806,0.0671071,-0.0071185934,0.0045314925
0.5449666,0.28299615,0.07275975,0.062923275,-0.004826491,-0.0070256987
0.51755685,0.085253045,0.0054809973,0.056068618,0.009531042,0.010400967
0.33004332,0.17205606,0.029032528,0.07815099,-0.000112189686,-0.003069363
0.4191078,0.22724532,0.08654704,0.049407057,0.009614284,-0.0011750618
0.4897329,0.24814332,0.05199476,0.085641816,0.0048998315,-0.0068232985
0.46271652,0.32500115,0.06255764,0.06409161,0.0038715051,0.0011616872
0.57345295,0.17246296,0.06862963,0.07377355,-0.003597185,-0.01032945
0.40070793,0.1964405,0.047842264,0.022105724,-0.00743582,-0.002400511
0.42954156,0.2967128,0.0670893,0.039810378,-0.00427561,-0.0031208757
0.54260004,0.24575928,0.09194554,0.06977671,-0.006737899,0.001653146
0.49603274,0.16497222,0.03373132,0.04610232,-0.005633322,-0.006439037
0.39206907,0.26604465,0.027059987,0.05259171,-0.00064132933,-0.0007759179
0.50610167,0.26818702,0.085834876,0.0891245,0.0011392807,0.0102524655
0.51223457,0.2471922,0.08620191,0.096557274,0.007530497,-0.0018769741
0.5007062,0.23723932,0.10210024,0.097157,-0.0035407494,-0.0054441374
0.47137088,0.23108189,0.027806176,0.05565924,0.006116352,-0.002295403
0.48506692,0.19670369,0.012263291,0.037604343,0.0051648812,0.0030991165
0.45286232,0.21780182,0.024247106,0.043525733,0.0025453651,0.0066086827
0.46139848,0.28585652,0.014454201,0.030416558,0.004321543,-0.004353068
0.54974115,0.30419517,0.07217799,0.025658488,-0.002973301,0.0003368812
0.56211483,0.34112072,0.09668106,0.1038584,0.005348276,0.0036201808
0.61178577,0.23294558,0.09074884,0.06742014,0.0019139444,0.0078444
0.4796023,0.2041898,0.05636636,0.06795745,0.008741146,0.0006014974
0.4545725,0.16439624,0.012611471,0.035709433,0.0054194396,0.0028019804
0.40894777,0.16573219,0.0046936907,0.029393382,0.006655234,0.0005043609
0.40965933,0.2723999,0.031956937,0.014706105,-0.0009187134,-0.006201483
0.53227013,0.27474377,0.048436422,0.0035880022,0.0061782454,0.002631819
0.5299071,0.21470292,0.08125328,0.10656335,-0.003191017,0.009050172
0.44075617,0.32598576,0.037430737,0.048136503,0.00059344654,-0.004617915
0.5388763,0.14980188,0.07191186,0.05560366,-0.0045462833,-0.00040945952
0.37956256,0.28214377,0.05297552,0.06368089,-0.0021092694,0.0060504247
0.51879954,0.29682055,0.055937286,0.054652393,0.010086285,-0.006925853
0.5661264,0.1669037,0.029967282,0.05545995,-0.0021092694,-0.0046984903
0.40359822,0.16573219,0.0732366,0.0896606,0.00061398116,0.0023228906
0.40800175,0.24681668,0.034417666,0.06874807,-0.004385712,0.009349056
0.48767602,0.25603262,0.08782251,0.051425315,0.0041031586,-0.007316189
0.515264,0.18150425,0.039116863,0.030416558,0.0047844034,-0.005346458
0.42962104,0.17142554,0.022947188,0.034561682,0.0024401597,-0.0029112308
0.41348568,0.20561118,0.07410167,0.04096073,-0.0040317695,-0.0054099737
0.43855768,0.27603495,0.05243286,0.044399854,0.00039468316,0.0027505772
0.52714694,0.25603262,0.08534148,0.06666964,0.0046558105,0.0018410766
0.45982963,0.09835522,0.079599716,0.05337372,0.00091312267,0.0035450347
0.34339836,0.17931212,0.036587458,0.03405638,0.00015453946,0.002077914
0.42743066,0.2750081,0.06982769,0.0332543,-0.0018274063,-0.0060514356
0.5191808,0.17708376,0.05867987,0.044823445,0.001298505,-0.0018807412
0.42341268,0.18566912,0.046645153,0.076776624,0.009765427,-0.00043837336
0.39001015,0.29324803,0.056683496,0.04491396,-0.0006772523,0.0064867595
0.5459657,0.32748854,0.05931438,0.047196977,-0.0012663568,0.0011342773
0.5947916,0.21310735,0.036473062,0.07077949,0.0016890118,-0.004414205
0.4572283,0.30834323,0.060171645,0.07042929,-0.0055944175,0.0035357627
0.55833614,0.15126403,0.046900585,0.05992493,-0.0038658918,-0.0011297974
0.39243436,0.15381867,0.036629003,0.06916297,-0.0037329753,-0.0033934745
0.38778007,0.15381867,0.057951823,0.021213058,-0.0016528355,0.0052334694
0.39591816,0.31319317,0.08310029,0.050535697,0.0054085166,-0.0050600306
0.5596934,0.22198519,0.025608357,0.10551596,0.0005467364,0.004752808
0.46175107,0.19608371,0.06782625,0.05565924,-0.00191571,-0.0020839847
0.45054913,0.26293865,0.091809005,0.07699514,-0.0053609074,-0.0058115516
0.49753594,0.25521767,0.026182182,0.07432725,0.003276061,-0.0006451459
0.50559497,0.29423508,0.04534797,0.056155145,0.0020533034,-0.009842552
0.55644083,0.24971174,0.07758862,0.08256108,-0.003034759,0.0076863263
0.42896754,0.26445368,0.026054062,0.037316315,0.0066377996,-0.0012522263
0.52486444,0.2115646,0.066298634,0.035134226,0.0011392807,-0.0016147419
0.4613081,0.28869373,0.062201425,0.03801886,-0.0041490365,0.00075752166
0.5343014,0.27752742,0.024247106,0.07618395,0.010154538,-0.0008909371
0.54121935,0.25527495,0.06956906,0.11611849,0.0047696712,0.0011974198
0.50001854,0.22306749,0.026054062,0.09728952,0.0007629199,0.0031383568
0.47139776,0.3261494,0.07841432,0.088252924,-0.0057430184,0.004830505
0.5800531,0.31493,0.07133862,0.05570639,0.007166576,0.012341232
0.5753177,0.1528764,0.09035971,0.04732416,-0.0027856748,0.0018081915
0.39275557,0.2689787,0.08229276,0.08574173,-0.0018261581,-0.009356642
0.5192877,0.27867398,0.084163375,0.013314482,-0.0027370334,0.0032897722
0.5273341,0.16864242,0.04387749,0.07361512,-0.0005345618,0.0037339998
0.41455662,0.2669515,0.017911393,0.0038449354,-0.0047438988,0.001319773
0.5106683,0.1528147,0.0037113577,0.01981939,-0.008082521,0.005152719
0.39136505,0.21703988,0.027925758,0.034532774,0.00075628597,6.318756e-05
0.46037,0.22609411,0.10391383,0.0013240762,-0.0008093076,-0.0049059717
0.46438244,0.19106889,0.07671666,0.042338558,-0.010460544,0.001954568
0.42707857,0.13721538,0.11588053,0.052842975,-0.005933117,-0.0019696134
0.36278567,0.12069757,0.045319714,0.05341281,0.0044098254,-0.0033241059
0.35810053,0.22451648,0.079599716,0.07113359,0.00019163206,-0.0029968072
0.4687462,0.21300952,0.11327703,0.0067629404,0.013380529,-0.0028106587
0.45650062,0.18570994,0.08693176,0.058150806,-0.005933117,-4.1422463e-05
0.4173101,0.09829007,0.10423304,0.060288485,0.002139161,-0.0020288255
0.33462074,0.29660964,0.030450936,0.051455144,0.0076264157,0.0012428866
0.55362916,0.16893612,0.06516091,-0.0007074699,0.0024363713,-0.0034823047
0.40929726,0.2251266,0.07184991,0.035296034,-0.0013856537,-0.012053843
0.46556172,0.27333578,0.052369893,0.05207649,0.0051168185,-0.0068467087
0.521747,0.06588641,0.07794731,0.028593965,0.0071466276,-0.0078402
0.3038196,0.32748854,0.017930195,0.026485696,-0.0031171048,-0.0026105074
0.5832847,0.2618854,0.05189269,0.03365565,0.0013987253,-0.003849896
0.5064655,0.1356863,0.018391155,0.026175266,0.002139161,-0.001436795
0.37205663,0.2060863,0.0861781,0.07243196,0.004837989,-0.0046405643
0.4610389,0.306737,0.04350354,0.07022792,-0.003891163,-0.003862701
0.5635632,0.2705771,0.032003947,0.016059455,-0.00175491,0.008159202
0.5241809,0.2771507,0.053812232,0.0475235,-0.0006933716,0.006656789
0.5283623,0.19063322,0.04412827,0.07002338,-0.0007514573,0.0012459615
0.43113092,0.14080119,0.07527405,0.017009135,0.0014747548,0.0028224238
0.37870258,0.11101868,0.04153391,0.09740793,5.300132e-05,0.004532478
0.34764606,0.21881364,0.1053294,0.089466356,-0.0009307619,-0.0062417146
0.46048418,0.24719676,0.0544466,0.042673595,0.0015435157,0.0038661687
0.49246043,0.14666744,0.097135626,0.022722103,0.010086285,0.00033631915
0.39658764,0.22685125,0.057548467,0.029107919,0.0032566725,0.0029143095
0.47193432,0.32551646,0.040804263,0.030929603,-0.00191571,-0.0008319749
0.57592285,0.16508742,0.05127319,0.024623226,0.007099627,-0.00076509983
0.40909475,0.15789935,0.02784882,0.03297187,-0.00033525834,0.005491213
0.39350978,0.2947399,0.07439528,0.039157003,-0.008321657,0.002735829
0.5448794,0.26820073,0.05336382,0.05296377,0.0023948003,0.0029399781
0.52074003,0.28275922,0.026163008,0.07390078,-0.01133875,-0.0050147166
0.5104586,0.2524342,0.056462247,0.08322179,-0.012304827,-0.0017558355
0.48358533,0.19556928,0.023762926,0.056517564,-0.0011218921,0.00408147
0.43333873,0.27127707,0.05048548,0.09181962,-8.635135e-05,0.004526672
0.5265696,0.24687156,0.07055029,0.044056192,0.0023653554,-0.0070459214
0.50077665,0.19707748,0.08437244,0.06024307,-0.0028673224,-0.0045763557
0.44437924,0.31359646,0.06613427,0.071533225,0.0009343659,-0.00064405595
0.56830204,0.20947699,0.025070004,0.014878675,-0.0038747662,-0.0020945766
0.4427239,0.13223486,0.07610349,0.019279081,-0.00879958,0.0046028867
0.35344905,0.29682055,0.101043664,0.07764241,-0.00031712037,0.006231093
0.5470429,0.28807196,0.020274691,0.0762264,-0.0035407494,0.013387174
0.53729516,0.26885772,0.07592783,0.041114166,0.004055705,-0.001697134
0.48009983,0.27991346,0.045635898,0.07155695,-0.0020006578,-0.0020941587
0.5164769,0.2063264,0.10710966,0.06914999,-0.008521791,0.0027761578
0.44929382,0.23667789,0.03064136,0.053292073,0.0029457607,0.0058136377
0.49044096,0.2590408,0.09007158,0.039891135,-0.00020920234,0.00034605706
0.49775523,0.28595325,0.036144428,0.100810215,-0.004192214,-0.0071811224
0.5375374,0.26885816,0.09194554,0.05295055,-0.0014170462,0.010472439
0.50830984,0.26820073,0.035224017,0.057298787,-0.0008611847,-0.004497715
0.5082263,0.2787235,0.047447782,0.07744148,-0.0006814623,0.005847995
0.52743083,0.22540793,0.093307205,0.061001536,-0.008003703,0.0036255182
0.46293998,0.17009905,0.10148095,0.057867765,0.0040793936,-0.0005855664
0.39985234,0.1749373,0.055363216,0.04809565,-0.0001732893,-0.008163857
0.41254437,0.1518121,0.07841432,0.10591576,-0.0054912833,-0.0031296
0.39096367,0.23090695,0.01513882,0.028424349,0.014322737,0.006447406
0.4958587,0.22179759,0.0861781,0.06852771,0.00037806417,0.015072572
0.40205544,0.25828204,0.063559845,0.07528499,0.00036737975,-0.006703795
0.51114434,0.0997075,0.085067235,0.049407057,0.0016846535,0.008226784
0.3343531,0.265063,0.09228243,0.096557274,-0.0044737537,0.0011652827
0.5095104,0.22311576,0.092046425,0.058580767,-0.0037877427,0.007698737
0.46729353,0.2548393,0.06778163,0.072954796,-0.0012520318,-0.009220361
0.5025344,0.2668075,0.04607623,0.07542825,0.0011587121,0.0061983997
0.5112295,0.24833767,0.040518336,0.09732289,0.0025562798,0.0036028847
0.50551456,0.16694011,0.03688324,0.035134226,-0.0018403251,0.0057299654
0.38629186,0.24111107,0.07961098,0.05005257,0.001194522,0.0041328883
0.49171564,0.21339193,0.09530792,0.024623226,0.0030044832,-8.777152e-05
0.46258086,0.25200832,0.09172242,0.017344546,-0.0049751652,-0.0031034937
0.4922702,0.2686205,0.06918459,0.018799793,-0.0006933716,0.0012043924
0.5310797,0.25828204,0.044648178,0.06956463,0.0047231195,-0.00037045835
0.4986326,0.23626874,0.07162329,0.044690657,-0.0053980993,0.0045549385
0.47493282,0.122801304,0.057847675,0.059985712,-0.0021972298,-0.0022296454
0.3584109,0.2637887,0.056616556,0.03509513,0.007349238,-0.0059472327
0.5274286,0.20568454,0.020701304,0.019875415,-0.007120814,0.010188741
0.44766036,0.24742062,0.10449838,0.07805607,-0.00637317,-0.004527473
0.47968414,0.3122304,0.062638745,0.05719396,-0.0008295214,-0.0025575862
0.5618142,0.22633716,0.0902949,0.080547646,0.0042145904,0.009464369
0.46782088,0.1956396,0.054781772,0.08441992,-0.007954868,0.001979008
0.4269548,0.2218564,0.101043664,0.08404501,0.00016776063,0.0022608985
0.42902815,0.28892297,0.030891996,0.053267,-0.0055944175,0.011188878
0.5360763,0.23450147,0.010579936,0.05516095,-0.0049751652,-0.007853437
0.46978992,0.28699914,0.020336624,0.089280546,0.0024401597,0.0016503136
0.5342517,0.18150425,0.08055697,0.072115205,-0.0016936181,-0.00092562026
0.42167848,0.2601487,0.069970675,0.062957056,0.00029168185,0.0042085955
0.46142977,0.20970434,0.026060045,0.05630608,0.008517207,0.0017665322
0.4574329,0.15576059,0.06912731,0.040790524,0.0022913658,0.003737331
0.38602677,0.2674663,0.09832257,0.051358044,-0.0025440827,0.0040093637
0.51386917,0.11435551,0.09055271,0.08364174,-0.0061781714,0.0009202403
0.34012923,0.2586419,0.05547326,0.013860013,0.0015435157,-0.0022868703
0.5049113,0.21683785,0.07275975,0.05913782,0.009825274,3.6181547e-05
0.47121993,0.24236149,0.056119308,0.06822377,-0.0017222632,0.005929781
0.48813522,0.16312295,0.11915133,0.07618395,-0.01133875,0.0049627065
0.3948883,0.2868984,0.057487022,0.051455144,0.0034428071,-0.0037571883
0.5473424,0.22879706,0.10140995,0.08364174,0.00032675907,0.004161165
0.4719116,0.24333993,0.046645153,0.07165291,-0.005012183,-0.0023122015
0.49574605,0.30377796,0.07344543,0.077157825,-0.0068612313,0.003982463
0.54461056,0.16727585,0.06278458,0.07574011,0.0063143615,0.0108743515
0.42063478,0.2345887,0.024094746,0.01706015,-0.006223419,0.0036571026
0.4716927,0.24971174,0.05284789,0.036381304,0.0023691976,-0.00022958705
0.49482685,0.1501301,0.0496985,0.061802547,-0.0025581254,0.0071543483
0.3925867,0.19707748,0.024842381,0.05570639,-0.0058446913,0.0019178852
0.4354718,0.2723999,0.08484993,0.068920575,0.0017714194,0.00088504556
0.5122299,0.30045542,0.056667563,0.09741377,0.003327522,0.002069061
0.5556856,0.18317501,0.03064136,0.049818736,0.0035776545,0.0023126337
0.43364176,0.28236538,0.047447782,0.017187554,-0.00015106668,-0.004115852
0.52778685,0.22990403,0.024842381,0.09013197,-0.0049560145,0.0036657578
0.47570533,0.311051,0.057869013,0.069905214,-0.0016989654,-0.0056351577
0.5616929,0.2093907,0.01696283,0.10413583,0.0054085166,0.010710951
0.45906687,0.27001023,0.06434056,0.009203564,0.0016890118,0.0019145086
0.5230551,0.28319383,0.06428701,0.054083943,-0.0017222632,0.004275671
0.4828049,0.28900066,0.024842381,0.062774755,0.00033325795,0.0006260624
0.5310562,0.28190333,0.09634713,0.052752018,-0.009785957,-0.007852579
0.522695,0.293786,0.022977568,0.026565094,-0.004653283,0.013222351
0.53718174,0.1669037,0.03522914,0.07982509,-0.000112725385,0.00095065346
0.41505584,0.11829341,0.05883381,0.026925998,-0.0011033519,-0.0019267574
0.35685277,0.30158642,0.07416684,0.07390985,0.004784169,-0.003533178
0.5672276,0.15789935,0.030799875,0.07987454,0.0051648812,0.0067149177
0.4004075,0.22774854,0.08799571,0.025129832,-0.0007765646,0.006179926
0.47760722,0.17949986,0.0046936907,0.0437119,0.0011634402,-0.0018453569
0.42709115,0.30629775,0.059367746,0.07467174,-0.0010509754,0.009535107
0.5685139,0.24173817,0.034532458,0.047320314,0.008405093,-0.00062699633
0.49523395,0.25251955,0.084163375,0.03852716,0.00230612,-0.0064834673
0.5095544,0.15368643,0.10449838,0.07504509,-0.00089310977,-0.005395487
0.39661303,0.23476925,0.0882555,0.056660887,-0.0009828714,0.003118378
0.49322405,0.28699914,0.06778123,0.046841074,-0.0031000217,0.0007489582
0.5342969,0.20548557,0.103294,0.040197495,0.0031530159,0.0033279704
0.4590432,0.18033163,0.06254715,0.04491396,-0.0048157484,0.009583336
0.39779726,0.2975333,0.05592189,0.019434795,0.004185144,-0.011538484
0.5567485,0.21416807,0.07527405,0.039427925,-0.008203688,-0.0077583
0.45240992,0.32748854,0.08205845,0.069905214,-0.0005345618,0.00026050716
0.5907142,0.1964405,0.015716635,0.044399854,-0.0067853904,-0.003181636
0.43142778,0.17470455,0.052449018,0.030249912,-0.0024156512,0.002716357
0.41106728,0.24837606,0.03278507,0.026175266,-0.00093786506,-0.00010470266
0.48764464,0.27127707,0.036635052,0.088038474,-0.0090956,0.008890285
0.51614,0.12105859,0.08115518,0.058580767,-0.0027586448,0.0002455386
0.3457053,0.15126403,0.08654704,0.035584535,0.00070634513,-0.00053143525
0.3412215,0.16682051,0.03278502,0.08236731,-0.0033455337,0.0038744654
0.39762402,0.2915954,0.033963297,0.05296377,-0.00057340675,0.004829266
0.5374271,0.265063,0.09668106,0.094726734,0.00438773,0.0041463617
0.5085124,0.2590408,0.077555776,0.092707865,-0.0019054972,0.0116662765
0.49904457,0.20892948,0.10110599,0.0110826865,0.004784169,0.0040432904
0.4467321,0.24336237,0.043745942,0.039633777,-0.0005511125,0.0005437572
0.49494365,0.13874197,0.024617203,0.06992327,0.0025317853,0.00086343614
0.37584174,0.23437743,0.07758862,0.03958615,0.0021583939,0.0021878635
0.48504826,0.22104919,0.051112168,0.081413224,-0.00936037,0.008604157
0.45665848,0.12351298,0.048644982,0.07805607,-0.0075946143,0.0027601896
0.34942096,0.15539014,0.052996345,0.024046887,0.0012408287,-0.0022538553
0.4045604,0.2740223,0.048503786,0.05428074,-0.0066742506,0.0009976759
0.525264,0.30626124,0.084163375,0.08173879,-0.0018274063,-0.0005226803
0.56550384,0.19232915,0.035665803,0.07967004,-0.002529881,-0.0105365105
0.38268656,0.2967128,0.061553024,0.09275324,0.0021436734,0.0056589795
0.55434763,0.2521485,0.08142733,0.06458715,0.00230612,0.0010225903
0.49174267,0.30943906,0.0490998,0.048188783,0.0043263203,-0.009876464
0.5719284,0.2280544,0.040310305,0.09841758,0.0047231195,-0.0016605454
0.48536646,0.22084093,0.09362805,0.0470005,0.0068252077,-0.0049485634
0.48115635,0.23409872,0.018732797,0.029736808,0.0017900345,0.0054261484
0.4847872,0.20647988,0.08315584,0.03708241,8.734617e-05,0.00091507076
0.45256618,0.31425363,0.062638745,0.06319984,0.0011269987,-0.0025587885
0.5644448,0.15789935,0.0918427,0.058452673,-0.0033123211,0.0031433674
0.38087514,0.18570994,0.07610349,0.035151646,0.0074224453,0.0054117907
0.43014425,0.32598576,0.07697359,-0.0007074699,0.0072065196,0.004336752
0.59049124,0.1956396,0.06589845,0.06992327,0.0026319977,0.005631585
0.4223432,0.23191822,0.063493945,0.041767582,-0.0005345618,0.009679509
0.48323792,0.10655385,0.04991415,0.010273121,0.0013987253,-0.0019742327
0.34866944,0.21043757,0.0400819,0.053292073,-0.0058195237,4.181755e-06
0.44773403,0.13833378,0.10210024,0.08480838,0.002081256,0.00029914093
0.38036218,0.2679249,0.04725116,0.088252924,-0.00012038888,-0.00049754797
0.51196766,0.3198716,0.11169226,0.047196977,-0.00058839377,0.00013875129
0.56316495,0.2850182,0.09744197,0.10708568,-0.0012607793,-0.0013850356
0.53938067,0.26192513,0.0918427,0.042673595,-0.01643936,-0.0016567201
0.4896596,0.314062,0.03892257,0.042510368,-0.00031712037,-0.002170758
0.57306993,0.16893612,0.07610349,0.07967004,-0.006223419,-0.0011634072
0.39741224,0.15499355,0.0338608,0.050557688,-0.001251937,0.0030477059
0.39345357,0.2579512,0.035665803,0.0900248,-0.0037877427,-0.0032041527
0.4972197,0.19111429,0.07610349,0.09702888,0.007349238,-0.00172274
0.43644926,0.1610659,0.04246394,0.097157,-0.0041916487,-0.002728566
0.38972384,0.16852848,0.020903118,0.07043803,0.0053943205,-0.00329995
0.40931082,0.2846202,0.08782251,0.110308625,-0.0028254308,0.01438334
0.53633475,0.13169906,0.04006017,0.050652202,-0.0027370334,-0.007900979
0.3598927,0.33183098,0.0789194,0.056734674,-0.0040782914,0.010192712
0.5776286,0.19286272,0.016118579,0.06319984,0.009496329,0.008125875
0.43022037,0.24236149,0.057487022,0.09069333,-0.00032925396,0.014652214
0.4838201,0.04458134,0.062638745,0.08478682,0.00031326595,0.00080886454
0.26248538,0.22375934,0.057869013,0.062604316,0.00045760674,-0.0016132903
0.47776988,0.30691928,0.059379216,0.06104005,-0.0035407494,0.0008008289
0.5641304,0.13874197,0.0718031,0.07225374,0.010274131,0.0036502797
0.39018834,0.20445533,0.09074884,0.041114166,0.0011442704,-0.0022379218
0.45618448,0.27442116,0.02895874,0.07042929,-0.0006933716,0.00043354457
0.5273009,0.10995865,0.050279066,0.023007024,-0.004671056,0.011016035
0.33887756,0.15172389,0.07198684,0.032708064,0.0043877917,-0.0018419616
0.3894757,0.26378894,0.08820335,0.05605306,0.006557248,0.0017400221
0.52330005,0.25358227,0.0481686,0.03225085,-0.004192214,-0.006239824
0.50085974,0.21093698,0.012611471,0.07331039,0.005348276,-0.0059261927
0.4618264,0.1983487,0.0893141,0.0778293,0.0046203607,0.0033218523
0.4310929,0.20970434,0.06081678,0.06916297,-0.003597185,-0.003991962
0.45815623,0.29396904,0.07600498,0.039927,0.0012747509,-0.0005045393
0.5540212,0.2860487,0.039116863,0.058595117,0.0023833273,0.0069152513
0.54173565,0.18865645,0.021897666,0.045784894,0.0030220917,0.008533583
0.43293494,0.28990474,0.05458938,0.04096073,-0.0005965213,-0.003376801
0.5401006,0.27475396,0.098694466,0.07567204,-0.0008611847,-0.008482396
0.52781504,0.2569233,0.054490272,0.083174035,0.0087592015,0.00903607
0.5156451,0.24096505,0.11129841,0.028069014,-0.0051511084,-0.0002373469
0.47778317,0.19661096,0.04406825,0.07967004,-0.0034845741,0.0039562224
0.44011503,0.25908795,0.08998811,0.02718671,0.002014807,0.0024314614
0.50748473,0.21683785,0.07816053,0.018228017,-0.003330869,0.0017548117
0.39274168,0.27410617,0.10434175,0.056592934,-0.0024156512,-0.005582235
0.5027671,0.27076405,0.06982769,0.047917206,-0.0028365268,0.01030274
0.51355475,0.311051,-0.0034676306,0.0437119,0.0026319977,-0.008184273
0.56922615,0.15499355,0.04153391,0.031885516,-0.0039998353,-0.0040315175
0.37834144,0.24113944,0.073381595,0.03901167,-0.00935913,0.0013134638
0.48925346,0.2445005,0.06648588,0.07113359,-0.0015733112,0.003380477
0.49575433,0.2397416,0.06094511,0.06042363,-0.0075561064,-0.005484091
0.4722052,0.23777132,0.10221192,0.04916535,0.0035398765,0.0050147404
0.49500376,0.16312295,0.067982465,0.009752385,-0.004517935,0.010145031
0.40036187,0.18947561,0.08820335,0.061815903,0.0011634402,0.0012587872
0.43053138,0.22104919,0.061450053,0.06810836,-0.00064132933,0.00012777111
0.45810133,0.29079115,0.07083983,0.036051817,-0.0069975853,-0.0008960831
0.5330804,0.19914669,0.09530792,0.10101354,-0.0049751652,-0.0011174097
0.44277117,0.20829664,0.051583868,0.05337372,-9.6567055e-05,0.010937954
0.45450976,0.15538958,0.033318628,0.032524835,0.0011766207,-0.00045034464
0.39093712,0.32133475,0.0046728253,0.06658463,0.0032608567,0.00072293053
0.5812661,0.17755078,0.024565361,0.10749874,0.0057036034,-0.0032496308
0.41771767,0.23065186,0.11503926,0.0671071,0.0012312041,0.0026778732
0.47150484,0.17135999,0.020704482,0.06160458,0.002418254,-0.006785659
0.41852683,0.2576812,0.05918937,0.088038474,-0.0035695853,-0.0009282136
0.5155388,0.31925166,0.051583868,0.075770885,0.0015919597,-0.00070323655
0.5766412,0.0813895,0.085834876,0.08448246,-0.0034743252,-0.0015521242
0.29676735,0.17546353,0.10140995,0.0475235,0.0032209398,0.00018002815
0.422594,0.30957144,0.034797966,0.044690657,0.0022468553,0.004823324
0.5709852,0.28444043,0.069861114,0.040197495,0.0007535651,0.0044459268
