A,B,C
15.4,1013.89996,82.0
15.299999,1013.89996,82.0
15.4,1013.89996,82.1
15.4,1013.89996,82.200005
15.299999,1013.89996,82.200005
15.299999,1013.99994,82.200005
15.299999,1013.89996,82.299995
15.299999,1013.89996,82.399994
15.299999,1013.99994,82.49999
15.299999,1013.99994,82.49999
15.299999,1013.99994,82.6
15.299999,1013.99994,82.7
15.299999,1014.10004,82.9
15.299999,1014.10004,82.9
15.299999,1014.10004,82.9
15.299999,1014.10004,82.9
15.2,1014.10004,82.9
15.2,1014.10004,82.9
15.2,1014.10004,83.0
-260.03387,1464.647,-74.14888
-260.03387,1464.647,-74.14888
-258.56253,1497.2795,-74.65091
-258.5728,1499.7059,-74.65254
-258.57275,1499.8873,-74.65254
-258.57275,1499.9009,-74.65254
-258.57275,1499.9019,-74.65254
-258.57275,1499.902,-74.65254
-258.57275,1499.902,-74.65254
-258.57275,1499.902,-74.65254
-258.57275,1499.902,-74.65254
-258.57275,1499.902,-74.65254
-258.57275,1499.902,-74.65254
-258.57275,1499.902,-74.65254
-258.57275,1499.902,-74.65254
-258.57275,1499.902,-74.65254
-258.57275,1499.902,-74.65254
-258.57275,1499.902,-74.65254
-258.57275,1499.902,-74.65254
-258.57275,1499.902,-74.65254
-258.57275,1499.902,-74.65254
23.3,1010.5999,44.899998
23.3,1010.5999,45.0
23.3,1010.5999,45.2
23.2,1010.5999,45.399998
23.2,1010.5999,45.5
23.2,1010.5999,45.600002
23.2,1010.5999,45.8
23.2,1010.5999,46.0
23.099998,1010.5999,46.2
23.099998,1010.7,46.4
23.099998,1010.7,46.7
23.099998,1010.7,46.9
23.0,1010.7,47.0
23.0,1010.8,47.2
23.0,1010.8,47.300003
22.9,1010.7,47.300003
22.800001,1010.7,47.5
22.800001,1010.8,47.5
22.800001,1010.8,47.600002
-260.0866,1464.409,-74.28669
-260.0866,1464.409,-74.28669
-258.56213,1497.2618,-74.65136
-258.5728,1499.7046,-74.65254
-258.57275,1499.8873,-74.65254
-258.57275,1499.9009,-74.65254
-258.57275,1499.9019,-74.65254
-258.57275,1499.902,-74.65254
-258.57275,1499.902,-74.65254
-258.57275,1499.902,-74.65254
-258.57275,1499.902,-74.65254
-258.57275,1499.902,-74.65254
-258.57275,1499.902,-74.65254
-258.57275,1499.902,-74.65254
-258.57275,1499.902,-74.65254
-258.57275,1499.902,-74.65254
-258.57275,1499.902,-74.65254
-258.57275,1499.902,-74.65254
-258.57275,1499.902,-74.65254
-258.57275,1499.902,-74.65254
-258.57275,1499.902,-74.65254
22.3,1016.1,48.3
22.400002,1016.1,48.3
22.5,1016.1,48.0
22.5,1016.0,48.100002
22.6,1016.0,48.0
22.6,1016.0,47.9
22.6,1016.0,47.5
22.6,1016.0,47.300003
22.699999,1016.0,47.4
22.6,1015.9,46.9
22.6,1015.9,47.100002
22.6,1015.9,47.5
22.699999,1015.9,46.9
22.699999,1015.9,46.6
22.699999,1015.7999,47.100002
22.800001,1015.7999,46.500004
22.6,1015.7999,46.6
22.6,1015.7999,46.800003
22.5,1015.69995,46.800003
-260.08453,1464.7626,-74.289696
-260.08453,1464.7626,-74.289696
-258.56216,1497.2881,-74.651375
-258.5728,1499.7065,-74.65254
-258.57275,1499.8873,-74.65254
-258.57275,1499.9009,-74.65254
-258.57275,1499.9019,-74.65254
-258.57275,1499.902,-74.65254
-258.57275,1499.902,-74.65254
-258.57275,1499.902,-74.65254
-258.57275,1499.902,-74.65254
-258.57275,1499.902,-74.65254
-258.57275,1499.902,-74.65254
-258.57275,1499.902,-74.65254
-258.57275,1499.902,-74.65254
-258.57275,1499.902,-74.65254
-258.57275,1499.902,-74.65254
-258.57275,1499.902,-74.65254
-258.57275,1499.902,-74.65254
-258.57275,1499.902,-74.65254
-258.57275,1499.902,-74.65254
19.8,1012.7999,60.0
19.8,1012.7999,60.100002
19.8,1012.7999,60.2
19.8,1012.7999,60.300003
19.8,1012.7999,60.300003
19.8,1012.69995,60.4
19.8,1012.69995,60.5
19.8,1012.7999,60.600002
19.7,1012.69995,60.700005
19.7,1012.7999,60.9
19.7,1012.7999,60.9
19.7,1012.7999,61.0
19.7,1012.7999,61.100002
19.7,1012.7999,61.2
19.7,1012.7999,61.3
19.7,1012.7999,61.4
19.7,1012.7999,61.500004
19.7,1012.7999,61.7
19.7,1012.7999,61.800003
-260.0651,1464.5533,-74.23149
-260.0651,1464.5533,-74.23149
-258.5623,1497.2726,-74.651184
-258.5728,1499.7054,-74.65254
-258.57275,1499.8873,-74.65254
-258.57275,1499.9009,-74.65254
-258.57275,1499.9019,-74.65254
-258.57275,1499.902,-74.65254
-258.57275,1499.902,-74.65254
-258.57275,1499.902,-74.65254
-258.57275,1499.902,-74.65254
-258.57275,1499.902,-74.65254
-258.57275,1499.902,-74.65254
-258.57275,1499.902,-74.65254
-258.57275,1499.902,-74.65254
-258.57275,1499.902,-74.65254
-258.57275,1499.902,-74.65254
-258.57275,1499.902,-74.65254
-258.57275,1499.902,-74.65254
-258.57275,1499.902,-74.65254
-258.57275,1499.902,-74.65254
21.7,1011.6,46.4
21.7,1011.6,46.100002
21.7,1011.69995,46.0
21.6,1011.69995,46.2
21.6,1011.6,45.8
21.6,1011.69995,46.800003
21.5,1011.80005,46.3
21.5,1011.80005,46.2
21.5,1011.80005,46.100002
21.5,1011.80005,46.0
21.5,1011.9,46.0
21.5,1011.9,46.2
21.5,1011.80005,46.3
21.5,1011.9,46.500004
21.4,1011.9,46.500004
21.4,1011.9,46.500004
21.4,1011.9,46.6
21.4,1011.9,46.6
21.4,1011.9,46.6
-260.0769,1464.4884,-74.29044
-260.0769,1464.4884,-74.29044
-258.56223,1497.2678,-74.651375
-258.5728,1499.705,-74.65254
-258.57275,1499.8873,-74.65254
-258.57275,1499.9009,-74.65254
-258.57275,1499.9019,-74.65254
-258.57275,1499.902,-74.65254
-258.57275,1499.902,-74.65254
-258.57275,1499.902,-74.65254
-258.57275,1499.902,-74.65254
-258.57275,1499.902,-74.65254
-258.57275,1499.902,-74.65254
-258.57275,1499.902,-74.65254
-258.57275,1499.902,-74.65254
-258.57275,1499.902,-74.65254
-258.57275,1499.902,-74.65254
-258.57275,1499.902,-74.65254
-258.57275,1499.902,-74.65254
-258.57275,1499.902,-74.65254
-258.57275,1499.902,-74.65254
23.9,1010.5,40.699997
23.9,1010.5,40.0
23.9,1010.5,40.5
23.9,1010.5,40.600002
23.9,1010.5,40.699997
23.8,1010.5,40.8
23.8,1010.5,41.2
23.8,1010.5,41.100002
23.8,1010.4,41.100002
23.8,1010.4,41.100002
23.8,1010.4,40.9
23.8,1010.2999,40.9
23.8,1010.4,40.9
23.8,1010.2999,41.0
23.699999,1010.4,41.2
23.699999,1010.4,41.2
23.699999,1010.2999,41.3
23.699999,1010.4,41.100002
23.699999,1010.2999,41.100002
-260.09262,1464.373,-74.31106
-260.09262,1464.373,-74.31106
-258.5621,1497.2592,-74.651436
-258.5728,1499.7045,-74.65255
-258.57275,1499.8873,-74.65255
-258.57275,1499.9009,-74.65255
-258.57275,1499.9019,-74.65255
-258.57275,1499.902,-74.65255
-258.57275,1499.902,-74.65255
-258.57275,1499.902,-74.65255
-258.57275,1499.902,-74.65255
-258.57275,1499.902,-74.65255
-258.57275,1499.902,-74.65255
-258.57275,1499.902,-74.65255
-258.57275,1499.902,-74.65255
-258.57275,1499.902,-74.65255
-258.57275,1499.902,-74.65255
-258.57275,1499.902,-74.65255
-258.57275,1499.902,-74.65255
-258.57275,1499.902,-74.65255
-258.57275,1499.902,-74.65255
22.5,1015.69995,46.800003
22.400002,1015.7999,47.300003
22.400002,1015.7999,47.300003
22.400002,1015.69995,47.7
22.5,1015.7999,47.600002
22.6,1015.7999,47.5
22.6,1015.7999,47.100002
22.5,1015.7999,47.300003
22.3,1015.69995,47.600002
22.2,1015.69995,48.0
22.1,1015.69995,48.200005
22.2,1015.7999,48.4
22.400002,1015.69995,48.7
22.6,1015.69995,48.100002
22.699999,1015.69995,47.100002
22.6,1015.69995,47.5
22.6,1015.69995,47.4
22.800001,1015.69995,48.0
23.0,1015.6,48.100002
-260.088,1464.7552,-74.28481
-260.088,1464.7552,-74.28481
-258.56213,1497.2876,-74.65136
-258.5728,1499.7065,-74.65254
-258.57275,1499.8873,-74.65254
-258.57275,1499.9009,-74.65254
-258.57275,1499.9019,-74.65254
-258.57275,1499.902,-74.65254
-258.57275,1499.902,-74.65254
-258.57275,1499.902,-74.65254
-258.57275,1499.902,-74.65254
-258.57275,1499.902,-74.65254
-258.57275,1499.902,-74.65254
-258.57275,1499.902,-74.65254
-258.57275,1499.902,-74.65254
-258.57275,1499.902,-74.65254
-258.57275,1499.902,-74.65254
-258.57275,1499.902,-74.65254
-258.57275,1499.902,-74.65254
-258.57275,1499.902,-74.65254
-258.57275,1499.902,-74.65254
17.400002,1015.6,78.299995
17.400002,1015.69995,78.299995
17.400002,1015.69995,78.299995
17.400002,1015.6,78.299995
17.400002,1015.69995,78.399994
17.400002,1015.6,78.5
17.3,1015.6,78.6
17.3,1015.6,78.7
17.3,1015.6,78.8
17.3,1015.6,78.8
17.3,1015.6,78.7
17.3,1015.6,78.7
17.3,1015.6,78.8
17.3,1015.50006,78.8
17.3,1015.50006,78.8
17.3,1015.50006,78.8
17.3,1015.6,78.8
17.3,1015.50006,78.8
17.3,1015.50006,78.8
-260.04843,1464.748,-74.16505
-260.04843,1464.748,-74.16505
-258.56244,1497.287,-74.65097
-258.5728,1499.7064,-74.65254
-258.57275,1499.8873,-74.65254
-258.57275,1499.9009,-74.65254
-258.57275,1499.9019,-74.65254
-258.57275,1499.902,-74.65254
-258.57275,1499.902,-74.65254
-258.57275,1499.902,-74.65254
-258.57275,1499.902,-74.65254
-258.57275,1499.902,-74.65254
-258.57275,1499.902,-74.65254
-258.57275,1499.902,-74.65254
-258.57275,1499.902,-74.65254
-258.57275,1499.902,-74.65254
-258.57275,1499.902,-74.65254
-258.57275,1499.902,-74.65254
-258.57275,1499.902,-74.65254
-258.57275,1499.902,-74.65254
-258.57275,1499.902,-74.65254
24.5,1013.49994,42.399998
24.5,1013.4,42.600002
24.300001,1013.4,42.600002
24.300001,1013.30005,42.899998
24.300001,1013.30005,42.899998
24.300001,1013.30005,43.0
24.300001,1013.30005,43.4
24.4,1013.19995,43.2
24.4,1013.19995,42.8
24.300001,1013.19995,42.5
24.300001,1013.19995,42.899998
24.4,1013.19995,43.4
24.6,1013.1,43.4
24.8,1013.19995,43.7
24.9,1013.1,43.5
25.0,1013.1,42.899998
25.1,1013.19995,42.8
25.199999,1013.19995,42.8
25.300001,1013.1,42.7
-260.10287,1464.575,-74.30506
-260.10287,1464.575,-74.30506
-258.56204,1497.2742,-74.65142
-258.5728,1499.7054,-74.65254
-258.57275,1499.8873,-74.65254
-258.57275,1499.9009,-74.65254
-258.57275,1499.9019,-74.65254
-258.57275,1499.902,-74.65254
-258.57275,1499.902,-74.65254
-258.57275,1499.902,-74.65254
-258.57275,1499.902,-74.65254
-258.57275,1499.902,-74.65254
-258.57275,1499.902,-74.65254
-258.57275,1499.902,-74.65254
-258.57275,1499.902,-74.65254
-258.57275,1499.902,-74.65254
-258.57275,1499.902,-74.65254
-258.57275,1499.902,-74.65254
-258.57275,1499.902,-74.65254
-258.57275,1499.902,-74.65254
-258.57275,1499.902,-74.65254
18.800001,1013.4,68.8
18.800001,1013.4,68.899994
18.800001,1013.4,68.899994
18.800001,1013.4,68.899994
18.800001,1013.4,69.0
18.800001,1013.4,69.1
18.800001,1013.4,69.1
18.699999,1013.4,69.2
18.699999,1013.4,69.3
18.699999,1013.4,69.4
18.699999,1013.4,69.5
18.699999,1013.30005,69.6
18.699999,1013.4,69.700005
18.699999,1013.4,69.899994
18.6,1013.4,69.799995
18.699999,1013.4,69.899994
18.6,1013.30005,70.0
18.6,1013.4,70.1
18.6,1013.30005,70.3
-260.05746,1464.5895,-74.19822
-260.05746,1464.5895,-74.19822
-258.56235,1497.2753,-74.65108
-258.5728,1499.7056,-74.65254
-258.57275,1499.8873,-74.65254
-258.57275,1499.9009,-74.65254
-258.57275,1499.9019,-74.65254
-258.57275,1499.902,-74.65254
-258.57275,1499.902,-74.65254
-258.57275,1499.902,-74.65254
-258.57275,1499.902,-74.65254
-258.57275,1499.902,-74.65254
-258.57275,1499.902,-74.65254
-258.57275,1499.902,-74.65254
-258.57275,1499.902,-74.65254
-258.57275,1499.902,-74.65254
-258.57275,1499.902,-74.65254
-258.57275,1499.902,-74.65254
-258.57275,1499.902,-74.65254
-258.57275,1499.902,-74.65254
-258.57275,1499.902,-74.65254
19.2,1012.8999,65.4
19.2,1012.8999,65.5
19.2,1012.8999,65.7
19.2,1012.8999,65.799995
19.2,1012.8999,66.0
19.2,1012.8999,66.0
19.2,1012.8999,66.0
19.2,1012.8999,66.0
19.2,1012.8999,66.1
19.2,1012.8999,66.200005
19.2,1012.8999,66.200005
19.2,1012.8999,66.200005
19.099998,1012.8999,66.399994
19.099998,1012.8999,66.399994
19.099998,1012.8999,66.5
19.099998,1012.8999,66.6
19.099998,1012.8999,66.6
19.099998,1012.8999,66.7
19.099998,1012.8999,66.8
-260.0609,1464.5605,-74.211914
-260.0609,1464.5605,-74.211914
-258.56232,1497.2731,-74.65112
-258.5728,1499.7054,-74.65254
-258.57275,1499.8873,-74.65254
-258.57275,1499.9009,-74.65254
-258.57275,1499.9019,-74.65254
-258.57275,1499.902,-74.65254
-258.57275,1499.902,-74.65254
-258.57275,1499.902,-74.65254
-258.57275,1499.902,-74.65254
-258.57275,1499.902,-74.65254
-258.57275,1499.902,-74.65254
-258.57275,1499.902,-74.65254
-258.57275,1499.902,-74.65254
-258.57275,1499.902,-74.65254
-258.57275,1499.902,-74.65254
-258.57275,1499.902,-74.65254
-258.57275,1499.902,-74.65254
-258.57275,1499.902,-74.65254
-258.57275,1499.902,-74.65254
21.800001,1016.39996,51.100002
22.1,1016.39996,50.9
22.2,1016.39996,50.3
22.1,1016.39996,50.3
22.1,1016.39996,50.600002
22.1,1016.39996,50.2
22.1,1016.39996,50.0
22.1,1016.39996,49.899998
22.0,1016.39996,49.800003
22.0,1016.3,50.2
22.1,1016.3,49.800003
22.1,1016.3,49.4
22.2,1016.3,49.2
22.2,1016.3,49.5
22.2,1016.3,49.2
22.3,1016.3,49.4
22.3,1016.3,49.2
22.3,1016.19995,49.1
22.3,1016.19995,49.1
-260.08313,1464.7986,-74.28107
-260.08313,1464.7986,-74.28107
-258.56216,1497.2908,-74.651344
-258.5728,1499.7067,-74.65254
-258.57275,1499.8873,-74.65254
-258.57275,1499.9009,-74.65254
-258.57275,1499.9019,-74.65254
-258.57275,1499.902,-74.65254
-258.57275,1499.902,-74.65254
-258.57275,1499.902,-74.65254
-258.57275,1499.902,-74.65254
-258.57275,1499.902,-74.65254
-258.57275,1499.902,-74.65254
-258.57275,1499.902,-74.65254
-258.57275,1499.902,-74.65254
-258.57275,1499.902,-74.65254
-258.57275,1499.902,-74.65254
-258.57275,1499.902,-74.65254
-258.57275,1499.902,-74.65254
-258.57275,1499.902,-74.65254
-258.57275,1499.902,-74.65254
17.3,1015.7999,78.299995
17.3,1015.7999,78.399994
17.3,1015.69995,78.399994
17.3,1015.69995,78.399994
17.3,1015.69995,78.399994
17.3,1015.69995,78.5
17.3,1015.69995,78.5
17.3,1015.69995,78.5
17.3,1015.69995,78.5
17.3,1015.69995,78.399994
17.3,1015.7999,78.399994
17.400002,1015.69995,78.399994
17.400002,1015.69995,78.5
17.400002,1015.69995,78.399994
17.400002,1015.69995,78.399994
17.400002,1015.69995,78.399994
17.400002,1015.69995,78.399994
17.400002,1015.69995,78.399994
17.400002,1015.69995,78.399994
-260.04913,1464.7626,-74.166595
-260.04913,1464.7626,-74.166595
-258.5624,1497.2881,-74.65097
-258.5728,1499.7065,-74.65254
-258.57275,1499.8873,-74.65254
-258.57275,1499.9009,-74.65254
-258.57275,1499.9019,-74.65254
-258.57275,1499.902,-74.65254
-258.57275,1499.902,-74.65254
-258.57275,1499.902,-74.65254
-258.57275,1499.902,-74.65254
-258.57275,1499.902,-74.65254
-258.57275,1499.902,-74.65254
-258.57275,1499.902,-74.65254
-258.57275,1499.902,-74.65254
-258.57275,1499.902,-74.65254
-258.57275,1499.902,-74.65254
-258.57275,1499.902,-74.65254
-258.57275,1499.902,-74.65254
-258.57275,1499.902,-74.65254
-258.57275,1499.902,-74.65254
21.4,1011.9,46.500004
21.4,1011.9,46.500004
21.4,1011.9,46.6
21.4,1011.9,46.6
21.4,1011.9,46.6
21.4,1011.9,46.6
21.4,1011.9,46.500004
21.4,1011.99994,46.500004
21.300001,1011.99994,46.6
21.300001,1011.99994,46.6
21.300001,1011.99994,46.6
21.300001,1011.99994,46.6
21.300001,1012.0999,46.800003
21.300001,1011.99994,47.100002
21.199999,1011.99994,47.0
21.199999,1012.0999,47.100002
21.199999,1012.0999,47.5
21.199999,1011.99994,47.600002
21.1,1012.0999,48.100002
-260.0748,1464.5029,-74.28481
-260.0748,1464.5029,-74.28481
-258.56223,1497.2688,-74.65136
-258.5728,1499.7051,-74.65254
-258.57275,1499.8873,-74.65254
-258.57275,1499.9009,-74.65254
-258.57275,1499.9019,-74.65254
-258.57275,1499.902,-74.65254
-258.57275,1499.902,-74.65254
-258.57275,1499.902,-74.65254
-258.57275,1499.902,-74.65254
-258.57275,1499.902,-74.65254
-258.57275,1499.902,-74.65254
-258.57275,1499.902,-74.65254
-258.57275,1499.902,-74.65254
-258.57275,1499.902,-74.65254
-258.57275,1499.902,-74.65254
-258.57275,1499.902,-74.65254
-258.57275,1499.902,-74.65254
-258.57275,1499.902,-74.65254
-258.57275,1499.902,-74.65254
23.6,1015.6,46.9
23.699999,1015.50006,46.2
23.5,1015.6,45.600002
23.3,1015.6,46.3
23.2,1015.6,46.3
23.099998,1015.6,46.3
23.0,1015.50006,47.0
22.9,1015.50006,47.2
22.9,1015.50006,47.100002
22.800001,1015.39996,47.300003
22.699999,1015.50006,47.600002
22.6,1015.50006,48.0
22.6,1015.3,48.100002
22.5,1015.39996,47.9
22.5,1015.3,48.100002
22.6,1015.3,48.100002
22.699999,1015.39996,47.8
22.699999,1015.39996,47.7
22.9,1015.39996,47.8
-260.08728,1464.741,-74.28595
-260.08728,1464.741,-74.28595
-258.56213,1497.2865,-74.65136
-258.5728,1499.7064,-74.65254
-258.57275,1499.8873,-74.65254
-258.57275,1499.9009,-74.65254
-258.57275,1499.9019,-74.65254
-258.57275,1499.902,-74.65254
-258.57275,1499.902,-74.65254
-258.57275,1499.902,-74.65254
-258.57275,1499.902,-74.65254
-258.57275,1499.902,-74.65254
-258.57275,1499.902,-74.65254
-258.57275,1499.902,-74.65254
-258.57275,1499.902,-74.65254
-258.57275,1499.902,-74.65254
-258.57275,1499.902,-74.65254
-258.57275,1499.902,-74.65254
-258.57275,1499.902,-74.65254
-258.57275,1499.902,-74.65254
-258.57275,1499.902,-74.65254
19.7,1012.7999,61.0
19.7,1012.7999,61.100002
19.7,1012.7999,61.2
19.7,1012.7999,61.3
19.7,1012.7999,61.4
19.7,1012.7999,61.500004
19.7,1012.7999,61.7
19.7,1012.7999,61.800003
19.7,1012.7999,61.9
19.7,1012.7999,62.0
19.6,1012.7999,62.100002
19.6,1012.7999,62.100002
19.6,1012.7999,62.300003
19.6,1012.7999,62.4
19.6,1012.8999,62.4
19.6,1012.8999,62.600002
19.6,1012.8999,62.600002
19.6,1012.8999,62.800003
19.5,1012.7999,62.899998
-260.0637,1464.5533,-74.22719
-260.0637,1464.5533,-74.22719
-258.56232,1497.2726,-74.651184
-258.5728,1499.7054,-74.65254
-258.57275,1499.8873,-74.65254
-258.57275,1499.9009,-74.65254
-258.57275,1499.9019,-74.65254
-258.57275,1499.902,-74.65254
-258.57275,1499.902,-74.65254
-258.57275,1499.902,-74.65254
-258.57275,1499.902,-74.65254
-258.57275,1499.902,-74.65254
-258.57275,1499.902,-74.65254
-258.57275,1499.902,-74.65254
-258.57275,1499.902,-74.65254
-258.57275,1499.902,-74.65254
-258.57275,1499.902,-74.65254
-258.57275,1499.902,-74.65254
-258.57275,1499.902,-74.65254
-258.57275,1499.902,-74.65254
-258.57275,1499.902,-74.65254
22.1,1016.39996,50.600002
22.1,1016.39996,50.2
22.1,1016.39996,50.0
22.1,1016.39996,49.899998
22.0,1016.39996,49.800003
22.0,1016.3,50.2
22.1,1016.3,49.800003
22.1,1016.3,49.4
22.2,1016.3,49.2
22.2,1016.3,49.5
22.2,1016.3,49.2
22.3,1016.3,49.4
22.3,1016.3,49.2
22.3,1016.19995,49.1
22.3,1016.19995,49.1
22.3,1016.3,49.300003
22.3,1016.19995,48.9
22.3,1016.19995,49.000004
22.5,1016.3,49.600002
-260.08453,1464.8059,-74.27919
-260.08453,1464.8059,-74.27919
-258.56216,1497.2914,-74.651344
-258.5728,1499.7068,-74.65254
-258.57275,1499.8875,-74.65254
-258.57275,1499.9009,-74.65254
-258.57275,1499.9019,-74.65254
-258.57275,1499.902,-74.65254
-258.57275,1499.902,-74.65254
-258.57275,1499.902,-74.65254
-258.57275,1499.902,-74.65254
-258.57275,1499.902,-74.65254
-258.57275,1499.902,-74.65254
-258.57275,1499.902,-74.65254
-258.57275,1499.902,-74.65254
-258.57275,1499.902,-74.65254
-258.57275,1499.902,-74.65254
-258.57275,1499.902,-74.65254
-258.57275,1499.902,-74.65254
-258.57275,1499.902,-74.65254
-258.57275,1499.902,-74.65254
24.300001,1011.2,43.3
24.300001,1011.10004,43.3
24.300001,1011.10004,43.4
24.300001,1011.2,43.5
24.300001,1011.10004,43.7
24.4,1011.10004,43.9
24.5,1011.10004,44.000004
24.5,1011.10004,43.4
24.5,1011.10004,43.4
24.5,1010.99994,43.8
24.5,1010.99994,43.600002
24.5,1010.99994,43.3
24.5,1010.99994,43.600002
24.5,1010.99994,43.9
24.5,1010.99994,44.000004
24.5,1010.99994,44.000004
24.5,1010.99994,43.8
24.4,1010.99994,43.9
24.4,1010.99994,43.7
-260.0971,1464.4235,-74.30131
-260.0971,1464.4235,-74.30131
-258.56207,1497.263,-74.65141
-258.5728,1499.7048,-74.65255
-258.57275,1499.8873,-74.65255
-258.57275,1499.9009,-74.65255
-258.57275,1499.9019,-74.65255
-258.57275,1499.902,-74.65255
-258.57275,1499.902,-74.65255
-258.57275,1499.902,-74.65255
-258.57275,1499.902,-74.65255
-258.57275,1499.902,-74.65255
-258.57275,1499.902,-74.65255
-258.57275,1499.902,-74.65255
-258.57275,1499.902,-74.65255
-258.57275,1499.902,-74.65255
-258.57275,1499.902,-74.65255
-258.57275,1499.902,-74.65255
-258.57275,1499.902,-74.65255
-258.57275,1499.902,-74.65255
-258.57275,1499.902,-74.65255
15.099999,1014.19995,82.9
15.099999,1014.19995,82.9
15.099999,1014.19995,82.9
15.099999,1014.19995,82.9
15.2,1014.19995,83.0
15.2,1014.19995,83.0
15.099999,1014.19995,83.0
15.099999,1014.19995,83.0
15.099999,1014.2999,83.09999
15.099999,1014.2999,83.09999
15.099999,1014.2999,83.2
15.099999,1014.2999,83.2
15.099999,1014.2999,83.299995
15.099999,1014.2999,83.299995
15.0,1014.4,83.399994
15.0,1014.4,83.5
15.0,1014.4,83.5
15.0,1014.5,83.6
15.0,1014.5,83.7
-260.0325,1464.6759,-74.146194
-260.0325,1464.6759,-74.146194
-258.56253,1497.2816,-74.65091
-258.5728,1499.706,-74.65254
-258.57275,1499.8873,-74.65254
-258.57275,1499.9009,-74.65254
-258.57275,1499.9019,-74.65254
-258.57275,1499.902,-74.65254
-258.57275,1499.902,-74.65254
-258.57275,1499.902,-74.65254
-258.57275,1499.902,-74.65254
-258.57275,1499.902,-74.65254
-258.57275,1499.902,-74.65254
-258.57275,1499.902,-74.65254
-258.57275,1499.902,-74.65254
-258.57275,1499.902,-74.65254
-258.57275,1499.902,-74.65254
-258.57275,1499.902,-74.65254
-258.57275,1499.902,-74.65254
-258.57275,1499.902,-74.65254
-258.57275,1499.902,-74.65254
24.5,1010.89996,41.0
24.6,1010.89996,41.100002
24.6,1010.89996,41.2
24.6,1010.8,41.500004
24.6,1010.89996,41.6
24.6,1010.89996,41.6
24.6,1010.89996,41.8
24.7,1010.89996,41.8
24.7,1010.8,41.8
24.7,1010.8,41.8
24.7,1010.8,42.1
24.7,1010.8,42.300003
24.6,1010.8,42.2
24.6,1010.8,42.300003
24.6,1010.7,42.0
24.6,1010.7,42.2
24.5,1010.8,42.2
24.6,1010.7,41.6
24.6,1010.8,41.500004
-260.0984,1464.409,-74.309555
-260.0984,1464.409,-74.309555
-258.56207,1497.2618,-74.651436
-258.5728,1499.7046,-74.65255
-258.57275,1499.8873,-74.65255
-258.57275,1499.9009,-74.65255
-258.57275,1499.9019,-74.65255
-258.57275,1499.902,-74.65255
-258.57275,1499.902,-74.65255
-258.57275,1499.902,-74.65255
-258.57275,1499.902,-74.65255
-258.57275,1499.902,-74.65255
-258.57275,1499.902,-74.65255
-258.57275,1499.902,-74.65255
-258.57275,1499.902,-74.65255
-258.57275,1499.902,-74.65255
-258.57275,1499.902,-74.65255
-258.57275,1499.902,-74.65255
-258.57275,1499.902,-74.65255
-258.57275,1499.902,-74.65255
-258.57275,1499.902,-74.65255
17.6,1016.39996,67.7
17.699999,1016.39996,67.6
17.800001,1016.39996,67.8
17.800001,1016.39996,67.399994
18.0,1016.39996,67.2
18.0,1016.3,66.8
18.1,1016.3,66.8
18.1,1016.3,66.5
18.1,1016.3,66.6
18.2,1016.3,66.7
18.4,1016.3,66.6
18.699999,1016.39996,66.1
18.9,1016.3,65.5
19.099998,1016.39996,64.4
19.0,1016.39996,63.899998
19.0,1016.39996,64.0
19.2,1016.49994,64.0
19.4,1016.49994,62.999996
19.5,1016.49994,62.100002
-260.0637,1464.8202,-74.230316
-260.0637,1464.8202,-74.230316
-258.56232,1497.2924,-74.651184
-258.5728,1499.7069,-74.65254
-258.57275,1499.8875,-74.65254
-258.57275,1499.9009,-74.65254
-258.57275,1499.9019,-74.65254
-258.57275,1499.902,-74.65254
-258.57275,1499.902,-74.65254
-258.57275,1499.902,-74.65254
-258.57275,1499.902,-74.65254
-258.57275,1499.902,-74.65254
-258.57275,1499.902,-74.65254
-258.57275,1499.902,-74.65254
-258.57275,1499.902,-74.65254
-258.57275,1499.902,-74.65254
-258.57275,1499.902,-74.65254
-258.57275,1499.902,-74.65254
-258.57275,1499.902,-74.65254
-258.57275,1499.902,-74.65254
-258.57275,1499.902,-74.65254
21.0,1016.49994,51.4
21.1,1016.49994,51.4
21.1,1016.49994,51.2
21.1,1016.49994,51.3
21.1,1016.49994,51.500004
21.1,1016.39996,51.500004
21.199999,1016.39996,51.6
21.4,1016.39996,51.4
21.5,1016.49994,51.500004
21.6,1016.39996,51.2
21.7,1016.39996,51.2
21.6,1016.39996,50.8
21.5,1016.39996,51.2
21.7,1016.39996,51.3
21.800001,1016.39996,51.100002
21.800001,1016.39996,50.4
21.7,1016.39996,50.4
21.800001,1016.39996,51.100002
22.1,1016.39996,50.9
-260.08176,1464.813,-74.274155
-260.08176,1464.813,-74.274155
-258.56216,1497.292,-74.65131
-258.5728,1499.7069,-74.65254
-258.57275,1499.8875,-74.65254
-258.57275,1499.9009,-74.65254
-258.57275,1499.9019,-74.65254
-258.57275,1499.902,-74.65254
-258.57275,1499.902,-74.65254
-258.57275,1499.902,-74.65254
-258.57275,1499.902,-74.65254
-258.57275,1499.902,-74.65254
-258.57275,1499.902,-74.65254
-258.57275,1499.902,-74.65254
-258.57275,1499.902,-74.65254
-258.57275,1499.902,-74.65254
-258.57275,1499.902,-74.65254
-258.57275,1499.902,-74.65254
-258.57275,1499.902,-74.65254
-258.57275,1499.902,-74.65254
-258.57275,1499.902,-74.65254
17.699999,1015.7999,76.7
17.6,1015.7999,76.8
17.6,1015.7999,76.9
17.5,1015.7999,77.0
17.5,1015.7999,77.1
17.5,1015.7999,77.1
17.5,1015.7999,77.1
17.5,1015.7999,77.200005
17.5,1015.7999,77.200005
17.5,1015.7999,77.200005
17.400002,1015.7999,77.299995
17.400002,1015.9,77.399994
17.400002,1015.7999,77.5
17.400002,1015.7999,77.5
17.400002,1015.7999,77.6
17.400002,1015.9,77.7
17.400002,1015.7999,77.799995
17.400002,1015.7999,77.9
17.400002,1015.7999,78.0
-260.04913,1464.7698,-74.16813
-260.04913,1464.7698,-74.16813
-258.5624,1497.2886,-74.65098
-258.5728,1499.7065,-74.65254
-258.57275,1499.8873,-74.65254
-258.57275,1499.9009,-74.65254
-258.57275,1499.9019,-74.65254
-258.57275,1499.902,-74.65254
-258.57275,1499.902,-74.65254
-258.57275,1499.902,-74.65254
-258.57275,1499.902,-74.65254
-258.57275,1499.902,-74.65254
-258.57275,1499.902,-74.65254
-258.57275,1499.902,-74.65254
-258.57275,1499.902,-74.65254
-258.57275,1499.902,-74.65254
-258.57275,1499.902,-74.65254
-258.57275,1499.902,-74.65254
-258.57275,1499.902,-74.65254
-258.57275,1499.902,-74.65254
-258.57275,1499.902,-74.65254
24.5,1011.6,41.8
24.5,1011.6,42.2
24.5,1011.6,42.2
24.5,1011.6,42.600002
24.5,1011.5,42.300003
24.4,1011.5,42.300003
24.4,1011.5,42.7
24.4,1011.5,42.600002
24.4,1011.5,42.600002
24.5,1011.5,42.399998
24.5,1011.5,42.399998
24.5,1011.5,42.600002
24.5,1011.3999,42.600002
24.4,1011.3999,42.8
24.300001,1011.3999,42.8
24.300001,1011.3999,43.0
24.300001,1011.2999,43.2
24.4,1011.2999,43.4
24.4,1011.3999,43.5
-260.0971,1464.4524,-74.30207
-260.0971,1464.4524,-74.30207
-258.56207,1497.265,-74.65142
-258.5728,1499.7048,-74.65254
-258.57275,1499.8873,-74.65254
-258.57275,1499.9009,-74.65254
-258.57275,1499.9019,-74.65254
-258.57275,1499.902,-74.65254
-258.57275,1499.902,-74.65254
-258.57275,1499.902,-74.65254
-258.57275,1499.902,-74.65254
-258.57275,1499.902,-74.65254
-258.57275,1499.902,-74.65254
-258.57275,1499.902,-74.65254
-258.57275,1499.902,-74.65254
-258.57275,1499.902,-74.65254
-258.57275,1499.902,-74.65254
-258.57275,1499.902,-74.65254
-258.57275,1499.902,-74.65254
-258.57275,1499.902,-74.65254
-258.57275,1499.902,-74.65254
15.4,1013.89996,82.1
15.4,1013.89996,82.200005
15.299999,1013.89996,82.200005
15.299999,1013.99994,82.200005
15.299999,1013.89996,82.299995
15.299999,1013.89996,82.399994
15.299999,1013.99994,82.49999
15.299999,1013.99994,82.49999
15.299999,1013.99994,82.6
15.299999,1013.99994,82.7
15.299999,1014.10004,82.9
15.299999,1014.10004,82.9
15.299999,1014.10004,82.9
15.299999,1014.10004,82.9
15.2,1014.10004,82.9
15.2,1014.10004,82.9
15.2,1014.10004,83.0
15.2,1014.10004,83.0
15.2,1014.10004,82.9
-260.03387,1464.647,-74.14928
-260.03387,1464.647,-74.14928
-258.56253,1497.2795,-74.65091
-258.5728,1499.7059,-74.65254
-258.57275,1499.8873,-74.65254
-258.57275,1499.9009,-74.65254
-258.57275,1499.9019,-74.65254
-258.57275,1499.902,-74.65254
-258.57275,1499.902,-74.65254
-258.57275,1499.902,-74.65254
-258.57275,1499.902,-74.65254
-258.57275,1499.902,-74.65254
-258.57275,1499.902,-74.65254
-258.57275,1499.902,-74.65254
-258.57275,1499.902,-74.65254
-258.57275,1499.902,-74.65254
-258.57275,1499.902,-74.65254
-258.57275,1499.902,-74.65254
-258.57275,1499.902,-74.65254
-258.57275,1499.902,-74.65254
-258.57275,1499.902,-74.65254
16.300001,1014.5,82.6
16.4,1014.5,82.49999
16.4,1014.5,82.49999
16.4,1014.4,82.49999
16.4,1014.4,82.49999
16.4,1014.4,82.49999
16.4,1014.4,82.49999
16.5,1014.4,82.399994
16.5,1014.4,82.299995
16.4,1014.2999,82.299995
16.4,1014.2999,82.299995
16.4,1014.2999,82.299995
16.4,1014.2999,82.299995
16.4,1014.2999,82.299995
16.4,1014.4,82.299995
16.4,1014.2999,82.299995
16.4,1014.4,82.299995
16.4,1014.4,82.299995
16.4,1014.4,82.299995
-260.04218,1464.6688,-74.15158
-260.04218,1464.6688,-74.15158
-258.56247,1497.2811,-74.65092
-258.5728,1499.706,-74.65254
-258.57275,1499.8873,-74.65254
-258.57275,1499.9009,-74.65254
-258.57275,1499.9019,-74.65254
-258.57275,1499.902,-74.65254
-258.57275,1499.902,-74.65254
-258.57275,1499.902,-74.65254
-258.57275,1499.902,-74.65254
-258.57275,1499.902,-74.65254
-258.57275,1499.902,-74.65254
-258.57275,1499.902,-74.65254
-258.57275,1499.902,-74.65254
-258.57275,1499.902,-74.65254
-258.57275,1499.902,-74.65254
-258.57275,1499.902,-74.65254
-258.57275,1499.902,-74.65254
-258.57275,1499.902,-74.65254
-258.57275,1499.902,-74.65254
20.0,1012.69995,58.7
20.0,1012.69995,58.9
20.0,1012.69995,59.2
19.900002,1012.7999,59.2
19.900002,1012.7999,59.300003
19.900002,1012.7999,59.5
19.900002,1012.7999,59.7
19.900002,1012.7999,59.899998
19.8,1012.7999,60.0
19.8,1012.7999,60.100002
19.8,1012.7999,60.2
19.8,1012.7999,60.300003
19.8,1012.7999,60.300003
19.8,1012.69995,60.4
19.8,1012.69995,60.5
19.8,1012.7999,60.600002
19.7,1012.69995,60.700005
19.7,1012.7999,60.9
19.7,1012.7999,60.9
-260.0651,1464.5533,-74.235016
-260.0651,1464.5533,-74.235016
-258.5623,1497.2726,-74.6512
-258.5728,1499.7054,-74.65254
-258.57275,1499.8873,-74.65254
-258.57275,1499.9009,-74.65254
-258.57275,1499.9019,-74.65254
-258.57275,1499.902,-74.65254
-258.57275,1499.902,-74.65254
-258.57275,1499.902,-74.65254
-258.57275,1499.902,-74.65254
-258.57275,1499.902,-74.65254
-258.57275,1499.902,-74.65254
-258.57275,1499.902,-74.65254
-258.57275,1499.902,-74.65254
-258.57275,1499.902,-74.65254
-258.57275,1499.902,-74.65254
-258.57275,1499.902,-74.65254
-258.57275,1499.902,-74.65254
-258.57275,1499.902,-74.65254
-258.57275,1499.902,-74.65254
15.299999,1013.8,84.6
15.299999,1013.8,84.5
15.299999,1013.8,84.5
15.299999,1013.8,84.5
15.299999,1013.8,84.5
15.299999,1013.8,84.4
15.299999,1013.8,84.4
15.299999,1013.8,84.299995
15.299999,1013.7,84.299995
15.299999,1013.7,84.1
15.299999,1013.7,83.9
15.2,1013.7,83.7
15.2,1013.7,83.6
15.2,1013.7,83.399994
15.2,1013.7,83.299995
15.2,1013.7,83.2
15.2,1013.7,83.09999
15.2,1013.7,83.09999
15.099999,1013.7,83.0
-260.03317,1464.6183,-74.14888
-260.03317,1464.6183,-74.14888
-258.56253,1497.2773,-74.65091
-258.5728,1499.7057,-74.65254
-258.57275,1499.8873,-74.65254
-258.57275,1499.9009,-74.65254
-258.57275,1499.9019,-74.65254
-258.57275,1499.902,-74.65254
-258.57275,1499.902,-74.65254
-258.57275,1499.902,-74.65254
-258.57275,1499.902,-74.65254
-258.57275,1499.902,-74.65254
-258.57275,1499.902,-74.65254
-258.57275,1499.902,-74.65254
-258.57275,1499.902,-74.65254
-258.57275,1499.902,-74.65254
-258.57275,1499.902,-74.65254
-258.57275,1499.902,-74.65254
-258.57275,1499.902,-74.65254
-258.57275,1499.902,-74.65254
-258.57275,1499.902,-74.65254
15.4,1013.89996,84.5
15.4,1013.8,84.5
15.4,1013.8,84.6
15.4,1013.8,84.6
15.4,1013.8,84.6
15.299999,1013.8,84.6
15.299999,1013.8,84.6
15.299999,1013.8,84.5
15.299999,1013.8,84.5
15.299999,1013.8,84.5
15.299999,1013.8,84.5
15.299999,1013.8,84.4
15.299999,1013.8,84.4
15.299999,1013.8,84.299995
15.299999,1013.7,84.299995
15.299999,1013.7,84.1
15.299999,1013.7,83.9
15.2,1013.7,83.7
15.2,1013.7,83.6
-260.03387,1464.6183,-74.14658
-260.03387,1464.6183,-74.14658
-258.56253,1497.2773,-74.6509
-258.5728,1499.7057,-74.65254
-258.57275,1499.8873,-74.65254
-258.57275,1499.9009,-74.65254
-258.57275,1499.9019,-74.65254
-258.57275,1499.902,-74.65254
-258.57275,1499.902,-74.65254
-258.57275,1499.902,-74.65254
-258.57275,1499.902,-74.65254
-258.57275,1499.902,-74.65254
-258.57275,1499.902,-74.65254
-258.57275,1499.902,-74.65254
-258.57275,1499.902,-74.65254
-258.57275,1499.902,-74.65254
-258.57275,1499.902,-74.65254
-258.57275,1499.902,-74.65254
-258.57275,1499.902,-74.65254
-258.57275,1499.902,-74.65254
-258.57275,1499.902,-74.65254
21.6,1016.39996,51.2
21.7,1016.39996,51.2
21.6,1016.39996,50.8
21.5,1016.39996,51.2
21.7,1016.39996,51.3
21.800001,1016.39996,51.100002
21.800001,1016.39996,50.4
21.7,1016.39996,50.4
21.800001,1016.39996,51.100002
22.1,1016.39996,50.9
22.2,1016.39996,50.3
22.1,1016.39996,50.3
22.1,1016.39996,50.600002
22.1,1016.39996,50.2
22.1,1016.39996,50.0
22.1,1016.39996,49.899998
22.0,1016.39996,49.800003
22.0,1016.3,50.2
22.1,1016.3,49.800003
-260.08176,1464.8059,-74.27844
-260.08176,1464.8059,-74.27844
-258.56216,1497.2914,-74.65134
-258.5728,1499.7068,-74.65254
-258.57275,1499.8875,-74.65254
-258.57275,1499.9009,-74.65254
-258.57275,1499.9019,-74.65254
-258.57275,1499.902,-74.65254
-258.57275,1499.902,-74.65254
-258.57275,1499.902,-74.65254
-258.57275,1499.902,-74.65254
-258.57275,1499.902,-74.65254
-258.57275,1499.902,-74.65254
-258.57275,1499.902,-74.65254
-258.57275,1499.902,-74.65254
-258.57275,1499.902,-74.65254
-258.57275,1499.902,-74.65254
-258.57275,1499.902,-74.65254
-258.57275,1499.902,-74.65254
-258.57275,1499.902,-74.65254
-258.57275,1499.902,-74.65254
19.2,1012.8999,66.1
19.2,1012.8999,66.200005
19.2,1012.8999,66.200005
19.2,1012.8999,66.200005
19.099998,1012.8999,66.399994
19.099998,1012.8999,66.399994
19.099998,1012.8999,66.5
19.099998,1012.8999,66.6
19.099998,1012.8999,66.6
19.099998,1012.8999,66.7
19.099998,1012.8999,66.8
19.099998,1013.0,66.9
19.099998,1012.8999,67.0
19.0,1013.0,67.100006
19.0,1013.0,67.2
19.0,1013.0,67.2
19.0,1013.0,67.399994
19.0,1013.0,67.399994
19.099998,1013.1,67.399994
-260.0609,1464.575,-74.209564
-260.0609,1464.575,-74.209564
-258.56232,1497.2742,-74.651115
-258.5728,1499.7054,-74.65254
-258.57275,1499.8873,-74.65254
-258.57275,1499.9009,-74.65254
-258.57275,1499.9019,-74.65254
-258.57275,1499.902,-74.65254
-258.57275,1499.902,-74.65254
-258.57275,1499.902,-74.65254
-258.57275,1499.902,-74.65254
-258.57275,1499.902,-74.65254
-258.57275,1499.902,-74.65254
-258.57275,1499.902,-74.65254
-258.57275,1499.902,-74.65254
-258.57275,1499.902,-74.65254
-258.57275,1499.902,-74.65254
-258.57275,1499.902,-74.65254
-258.57275,1499.902,-74.65254
-258.57275,1499.902,-74.65254
-258.57275,1499.902,-74.65254
24.5,1012.0999,41.7
24.6,1011.99994,42.0
24.7,1011.99994,41.9
24.7,1011.99994,42.0
24.7,1011.99994,41.500004
24.6,1011.99994,41.9
24.7,1011.99994,42.300003
24.8,1011.99994,42.300003
24.8,1011.99994,42.0
24.8,1011.99994,42.0
24.9,1011.9,42.0
25.0,1011.9,42.300003
25.0,1011.80005,41.8
25.0,1011.80005,42.600002
25.0,1011.9,41.2
25.0,1011.80005,40.699997
24.9,1011.80005,40.9
24.8,1011.69995,40.8
24.7,1011.80005,41.2
-260.09903,1464.4812,-74.310684
-260.09903,1464.4812,-74.310684
-258.56204,1497.2672,-74.651436
-258.5728,1499.705,-74.65255
-258.57275,1499.8873,-74.65255
-258.57275,1499.9009,-74.65255
-258.57275,1499.9019,-74.65255
-258.57275,1499.902,-74.65255
-258.57275,1499.902,-74.65255
-258.57275,1499.902,-74.65255
-258.57275,1499.902,-74.65255
-258.57275,1499.902,-74.65255
-258.57275,1499.902,-74.65255
-258.57275,1499.902,-74.65255
-258.57275,1499.902,-74.65255
-258.57275,1499.902,-74.65255
-258.57275,1499.902,-74.65255
-258.57275,1499.902,-74.65255
-258.57275,1499.902,-74.65255
-258.57275,1499.902,-74.65255
-258.57275,1499.902,-74.65255
17.0,1015.3,79.899994
17.0,1015.3,80.0
16.9,1015.2,80.0
17.0,1015.3,80.1
17.0,1015.2,80.1
17.0,1015.3,80.1
17.0,1015.2,80.1
17.0,1015.2,80.1
17.0,1015.2,80.1
17.0,1015.2,80.2
17.0,1015.2,80.2
17.0,1015.2,80.2
17.0,1015.2,80.299995
17.0,1015.2,80.4
17.0,1015.2,80.4
17.0,1015.2,80.5
17.0,1015.0999,80.59999
17.0,1015.2,80.59999
16.9,1015.0999,80.7
-260.04565,1464.7194,-74.15775
-260.04565,1464.7194,-74.15775
-258.56244,1497.285,-74.650955
-258.5728,1499.7064,-74.65256
-258.57275,1499.8876,-74.65256
-258.57275,1499.9009,-74.65256
-258.57275,1499.902,-74.65256
-258.57275,1499.9021,-74.65256
-258.57275,1499.9021,-74.65256
-258.57275,1499.9021,-74.65256
-258.57275,1499.9021,-74.65256
-258.57275,1499.9021,-74.65256
-258.57275,1499.9021,-74.65256
-258.57275,1499.9021,-74.65256
-258.57275,1499.9021,-74.65256
-258.57275,1499.9021,-74.65256
-258.57275,1499.9021,-74.65256
-258.57275,1499.9021,-74.65256
-258.57275,1499.9021,-74.65256
-258.57275,1499.9021,-74.65256
-258.57275,1499.9021,-74.65256
17.0,1015.3,79.5
17.0,1015.3,79.6
17.0,1015.3,79.799995
16.9,1015.3,79.799995
17.0,1015.2,79.799995
17.0,1015.3,79.899994
17.0,1015.3,79.899994
17.0,1015.3,80.0
16.9,1015.2,80.0
17.0,1015.3,80.1
17.0,1015.2,80.1
17.0,1015.3,80.1
17.0,1015.2,80.1
17.0,1015.2,80.1
17.0,1015.2,80.1
17.0,1015.2,80.2
17.0,1015.2,80.2
17.0,1015.2,80.2
17.0,1015.2,80.299995
-260.04636,1464.7266,-74.159294
-260.04636,1464.7266,-74.159294
-258.56244,1497.2855,-74.65096
-258.5728,1499.7064,-74.65256
-258.57275,1499.8876,-74.65256
-258.57275,1499.9009,-74.65256
-258.57275,1499.902,-74.65256
-258.57275,1499.9021,-74.65256
-258.57275,1499.9021,-74.65256
-258.57275,1499.9021,-74.65256
-258.57275,1499.9021,-74.65256
-258.57275,1499.9021,-74.65256
-258.57275,1499.9021,-74.65256
-258.57275,1499.9021,-74.65256
-258.57275,1499.9021,-74.65256
-258.57275,1499.9021,-74.65256
-258.57275,1499.9021,-74.65256
-258.57275,1499.9021,-74.65256
-258.57275,1499.9021,-74.65256
-258.57275,1499.9021,-74.65256
-258.57275,1499.9021,-74.65256
22.699999,1015.39996,47.7
22.9,1015.39996,47.8
23.0,1015.3,47.300003
22.9,1015.3,47.4
22.9,1015.2,47.4
23.0,1015.3,46.7
23.0,1015.2,46.9
23.0,1015.2,46.800003
23.099998,1015.2,46.9
23.3,1015.0999,47.2
23.5,1015.0999,46.3
23.6,1014.99994,46.3
23.699999,1014.99994,46.3
23.9,1014.99994,46.3
24.0,1014.89996,45.7
23.8,1014.89996,45.7
23.6,1014.80005,46.3
23.6,1014.80005,46.100002
23.5,1014.80005,46.3
-260.09134,1464.6976,-74.29157
-260.09134,1464.6976,-74.29157
-258.5621,1497.2833,-74.65139
-258.5728,1499.7063,-74.65256
-258.57275,1499.8876,-74.65256
-258.57275,1499.9009,-74.65256
-258.57275,1499.902,-74.65256
-258.57275,1499.9021,-74.65256
-258.57275,1499.9021,-74.65256
-258.57275,1499.9021,-74.65256
-258.57275,1499.9021,-74.65256
-258.57275,1499.9021,-74.65256
-258.57275,1499.9021,-74.65256
-258.57275,1499.9021,-74.65256
-258.57275,1499.9021,-74.65256
-258.57275,1499.9021,-74.65256
-258.57275,1499.9021,-74.65256
-258.57275,1499.9021,-74.65256
-258.57275,1499.9021,-74.65256
-258.57275,1499.9021,-74.65256
-258.57275,1499.9021,-74.65256
15.700001,1013.89996,83.9
15.700001,1013.89996,83.99999
15.700001,1013.89996,83.99999
15.700001,1013.89996,84.1
15.6,1013.89996,84.2
15.6,1013.89996,84.2
15.6,1013.89996,84.2
15.6,1013.89996,84.299995
15.6,1013.89996,84.299995
15.6,1013.89996,84.299995
15.6,1013.8,84.299995
15.6,1013.89996,84.299995
15.6,1013.89996,84.299995
15.6,1013.89996,84.299995
15.6,1013.8,84.299995
15.6,1013.8,84.299995
15.5,1013.8,84.299995
15.5,1013.8,84.299995
15.5,1013.8,84.299995
-260.03595,1464.6255,-74.1439
-260.03595,1464.6255,-74.1439
-258.56253,1497.2781,-74.65091
-258.5728,1499.7059,-74.65256
-258.57275,1499.8876,-74.65256
-258.57275,1499.9009,-74.65256
-258.57275,1499.902,-74.65256
-258.57275,1499.9021,-74.65256
-258.57275,1499.9021,-74.65256
-258.57275,1499.9021,-74.65256
-258.57275,1499.9021,-74.65256
-258.57275,1499.9021,-74.65256
-258.57275,1499.9021,-74.65256
-258.57275,1499.9021,-74.65256
-258.57275,1499.9021,-74.65256
-258.57275,1499.9021,-74.65256
