A,B,C,D,E
2.31085,-2.9056926,-0.5343318,2.243479,2.188451
1.7395967,1.0943378,1.5845033,1.7662978,2.6579714
0.06487823,4.4849205,3.942388,4.1393194,-3.2217703
-1.8339874,-0.81646454,3.2705295,3.3949924,-2.4823
1.1474831,3.0496354,1.4515271,1.944452,-0.03497255
1.6837981,1.9384835,2.9151585,-0.1417216,0.762545
3.2129006,0.5361521,-1.1258463,1.8040861,4.9794188
-1.3002015,0.37736684,-1.3066962,-1.5277991,0.46271837
-4.0420322,-0.5574593,-2.5491245,3.1643004,2.8785167
-1.5128016,2.4154534,-1.3768255,1.909946,2.8937283
0.7668732,-0.84994113,0.4776038,1.4724205,1.3634067
-0.2799768,-1.0882909,-4.0208077,0.25625777,1.0170302
-1.1388654,-2.6680622,-6.554838,-2.8759456,0.85877293
0.4806542,-2.1935542,-2.005897,-2.5653152,-3.6530633
3.9293773,-0.93270034,-0.36487752,-1.5313312,0.06369972
5.0891275,-2.9571738,4.32193,1.9244227,-5.1560802
-0.49609232,-3.8266068,0.901843,2.3334715,1.6065066
-2.1365619,-3.4948359,-1.8085283,-1.5605189,4.5597606
-0.15085515,-2.9341283,-4.5855627,-3.1825624,-0.12635916
-2.3476377,2.206088,1.987516,-4.6084595,1.3508613
-3.0249417,-0.47912848,0.8443197,-3.8312085,-3.141458
-4.363076,1.91209,-0.54123574,-1.9527254,-8.201329
-4.325247,-0.96098435,2.965976,-1.0413003,-2.7869935
-1.9432487,-1.0807076,3.5645795,0.12590513,0.6682522
-3.4745016,1.3795906,3.1653,-0.8944446,-1.7502359
-5.142726,0.2157718,0.86201024,-3.3268292,-0.5535506
-0.1075511,-4.711233,-2.3023314,2.4801512,2.0284753
1.308275,2.8574274,0.023933887,-0.2538072,-3.1136785
-0.01679302,0.8462658,4.157509,1.1792376,-4.370123
-0.35424984,2.153733,0.47243533,-0.75577414,-7.5082083
1.822231,-2.234927,1.4850758,-3.8881276,2.7465515
3.9588368,0.7352463,1.16963,-0.1282852,0.8299477
-1.205699,-2.3829894,4.777166,-3.044798,-2.6081772
0.16102743,-0.06775439,7.169027,-5.746442,-1.5568199
1.081223,2.9720058,5.61155,1.3798993,2.823023
-0.889565,-2.6715064,-2.3686576,2.6785865,-3.4511433
-2.5266004,-6.2757864,-5.1318083,2.7516632,-2.4965277
-1.3043653,-1.5016726,1.7088408,0.48792595,-1.9672112
-3.7275648,2.0902529,1.1773981,-2.082963,0.37322766
-1.5291644,0.435063,-2.691201,2.5198257,0.5256823
-0.0994674,-3.0128775,0.10569608,2.8560362,-0.95914316
1.3694067,-4.610695,-1.6738838,4.8083396,-3.6668394
-2.4411123,0.8555185,1.2394907,6.1311026,0.44251037
4.1860075,1.6119255,0.7594439,2.6001265,4.9147773
-0.93657565,1.3380327,-1.9129107,-1.634398,2.2171726
-0.38059944,-0.53543293,-5.333224,2.9122,2.5900774
-0.19554198,1.5800772,0.0060643367,-2.7383637,1.7766116
-0.12342064,-3.1892855,4.1627054,-0.8660442,3.0685234
1.5022709,1.0752769,1.053978,-0.68959105,-3.6645641
-2.1726356,1.9139851,-1.0716844,0.68824273,1.4609635
-2.0427766,-5.224149,2.2197568,-0.1286006,3.8776577
-1.138425,1.9086196,-1.0569451,1.0228156,-1.9807255
2.2336237,0.17688882,1.6463205,0.77057916,0.17056125
-0.05941224,2.4138834,-0.055026054,4.985052,-3.4304674
-0.24620163,-0.22580412,3.506266,7.123506,-0.41698417
-2.1607444,0.20328844,4.725235,-0.84263515,1.5517313
-1.2303407,-4.3000083,-3.9052591,2.4749687,4.8535533
1.6268935,-2.449368,0.41467673,-0.29080927,-0.399174
-4.804267,-0.75637215,3.113217,-3.609972,-1.0449635
-5.0358224,-0.6108146,-0.7317234,-3.469692,2.6358461
-2.1718478,-0.7211995,-0.8366784,-2.421651,3.8201475
2.144286,-3.1784759,-1.6986147,-1.8010678,1.5583621
2.2655854,-1.5173004,-2.8331814,-1.1247673,-2.733313
-4.2200017,1.1117845,-3.3912675,-3.6053975,0.828511
-7.9408965,-1.0577807,0.09752858,0.9224851,0.3442855
-3.3578994,-3.9646714,3.9317615,2.337448,-0.38972503
-2.882906,-0.7841146,2.76432,3.1183667,2.4574637
1.0313613,-0.56078184,5.976081,1.2750322,-0.868271
1.4525582,-1.0001441,2.5206957,2.4694183,2.9036782
-0.75894177,-3.122231,5.2912507,3.3630033,3.22053
0.09741694,-1.7867513,0.38176334,3.9692593,1.3772318
-1.42426,2.0016723,-2.0560262,6.407848,1.0257286
-1.0842361,4.4209666,1.5041492,1.4172322,-4.4546227
1.86545,0.88473976,-2.5291674,2.1213958,1.0312319
2.3924763,-2.795067,-3.649937,-1.0731328,1.615129
0.26720163,1.9540749,2.1713161,1.020358,1.3233883
1.0136184,-1.0163553,2.9333165,3.3230171,2.7073147
2.3339999,1.0512503,-2.5543985,-0.15493202,2.8966763
0.942275,0.692797,-7.688534,-3.418324,6.2310686
7.297906,-0.21649328,-6.97178,-1.479859,2.8145728
5.0020146,-3.273439,-2.694767,-4.014033,-1.6329567
0.44353557,0.90845716,-1.7919853,2.1983156,-1.3187976
2.6373243,1.111767,0.35181767,0.9561862,2.833228
1.5566974,0.8574219,2.124302,-0.12315717,0.15040249
3.149006,0.5724783,4.0760093,-2.3860786,3.7649326
-1.962468,4.2834496,4.82415,-2.899162,1.6247948
1.8604561,4.883377,9.708993,-4.131114,-1.7404363
0.591021,1.248599,12.166214,-3.6699357,-4.48515
1.8403022,-4.3696103,3.3689506,-3.0349932,2.4365327
-0.10900283,-0.51684684,1.6744084,-0.40844464,-3.1206307
-2.7413516,1.7870501,3.0755591,1.8817666,2.2334542
0.8681586,2.3899882,4.0495315,-1.5399442,-0.78243333
3.6700723,3.0178275,4.9116516,2.074852,2.11381
0.11551064,2.3112373,3.1904826,2.2936866,-0.81438005
2.472295,-0.5359764,-2.9890058,3.647491,-0.33155936
0.1868788,-3.3057683,-1.3874365,4.82813,5.048721
3.9874814,5.617912,1.3015453,1.0048094,4.2338133
0.5983372,1.4185222,1.397732,1.9538474,2.7603114
0.95633215,-0.010403991,2.0913167,2.7597926,5.1449704
0.16645694,1.7114826,-1.9940639,-0.48682964,-0.5226294
2.506238,-0.41503447,1.3526137,2.6804144,0.08306712
0.30063283,2.8047462,2.3347237,-0.23727572,0.7171167
-2.0992417,6.1998234,3.8515656,-2.2270384,-1.7094434
-2.5306,4.662451,-0.50504684,-2.313801,2.0435991
0.059910536,1.8613628,-2.9561872,-3.1212287,-3.2688088
4.129732,2.768674,-1.7323912,-4.0931096,-0.34362453
4.076659,3.110972,-0.58904934,-0.342067,2.809741
-4.5339255,-0.45542622,-3.4889224,-0.5140953,0.3136716
-1.3126146,-0.5265763,2.2772243,-2.1355,1.162626
1.0053039,0.83904153,3.90903,1.1573784,-2.3627138
-0.63196325,2.6546113,3.6768177,-1.1329908,-2.9370298
-1.9659417,1.5461806,5.858435,-5.7338614,-1.3568845
-1.7257152,2.4499614,4.089266,2.8298206,-1.7112937
-1.2688686,1.1898096,2.8409781,5.76587,3.7639894
2.4849207,5.73616,1.8924555,3.0187483,-0.78304005
3.344783,0.7789705,-6.050996,0.93927956,4.9029
3.57257,1.1374806,-4.1792035,-4.302227,1.8962011
0.3670796,2.187083,-1.9222599,-0.4518962,2.000348
0.6875448,2.8727303,-0.647514,-1.7697203,-3.5173607
6.849059,4.6555343,-4.5548296,-1.6890185,0.2977128
3.9763992,1.3902348,-1.2486161,-2.481269,-0.2730353
1.8732872,2.293666,-3.9413166,-1.5710156,3.6703746
-0.27701616,-3.000049,-5.0255747,-4.074553,7.5584044
3.6314158,-2.8224754,0.39725447,-2.2107725,5.007557
-0.19170785,-1.730638,5.752002,-3.054898,0.7930912
1.1438831,-3.4624205,2.2464142,-4.4777555,2.6810226
2.067639,1.7688402,0.8702166,-5.6386385,7.156804
3.416436,0.14944676,-0.15702787,-4.6914997,-2.3230603
0.9777472,2.489576,-2.3974533,-4.0581956,0.013963938
3.2454014,6.0797024,0.29861832,-3.7125978,2.4204545
3.8869414,5.2737174,2.5216575,-2.8615923,-1.3040484
2.3467143,2.400917,4.827874,-1.0382084,-4.9058685
0.18688428,1.1563314,4.1225886,-4.0958195,-1.1767223
-1.5250765,-3.2177887,10.862778,-2.2420123,-4.557982
-2.4915745,-1.0712163,3.312934,-2.248567,2.1712832
-2.3658266,-2.5086052,1.9180238,-2.8348022,5.208235
-1.9790457,0.8976588,2.3289452,-1.471129,2.0880303
-0.7751403,-0.28808585,-1.590091,3.063796,-3.049744
2.3821504,1.9566863,-0.37461734,3.6621242,0.94403034
-3.874356,1.5556548,1.6862353,2.1242554,0.3718376
-2.6348352,1.8141806,2.7660832,1.1741827,0.045472383
-0.3263744,0.3372258,1.4005072,-0.74744976,-0.1518184
0.44434488,2.1635816,-1.7676253,1.4282196,2.833109
-4.852075,-0.3572209,-0.9637423,1.9436175,-1.5427614
-2.6472108,-3.3798094,2.1960201,3.1504936,-4.8485103
-0.2646591,0.58296835,-1.8831856,3.095587,0.55299807
3.4549985,1.466481,-0.09610641,0.60458636,-4.86007
2.463498,4.0983195,2.7670808,2.6556773,-0.5143995
-1.6751561,2.842694,-0.092615366,1.222943,2.108716
-0.3585853,3.4711413,1.8753407,-1.8535303,1.3688593
-0.95144546,1.5630456,-0.068597764,-4.9955006,2.1676683
2.5045004,-1.1513493,-3.2672153,-2.9644117,2.7559047
1.1329461,-0.17363793,-0.48478866,-4.6583276,4.6782227
2.242967,5.318968,1.7297,-3.608332,-1.174602
0.6359687,-3.228552,0.35677743,-4.8988314,-0.11620581
2.0334237,-2.4637523,0.6571213,-1.6227016,-3.5418053
1.464344,-1.0883015,-4.874044,-3.2414973,-0.53696954
0.28799355,0.9107135,-1.5482777,-0.051912308,-3.1062496
2.8517456,0.2451607,1.3636465,-1.0870302,-1.1413171
0.7133239,-1.5547664,-0.38701972,3.629314,0.731218
-0.21157733,-0.25402015,2.1065383,-0.3458203,1.2776811
1.4456811,-1.847199,-2.6296453,2.247187,-4.0304
-0.4272716,-4.520056,-3.9951916,3.629853,-2.9564161
-1.6936697,0.97532153,2.7633421,6.9120083,-1.4005535
-1.0915729,-2.677876,4.214047,2.2197442,2.4819646
-1.1694963,2.150827,4.370782,4.509675,-1.0334533
0.7670895,2.5897322,5.8761806,1.6624935,-5.349969
0.25701356,4.3481297,0.8006814,-2.7277853,-1.7306957
-4.8276916,2.9902887,2.5071712,-0.40357792,-2.1753583
-3.7620425,-0.032551467,1.2668774,-1.1758529,-1.4089804
-1.1640656,0.86041284,-4.7653213,-0.06478524,4.8514814
3.783966,-0.779249,-7.157482,-3.4610312,-1.0950153
1.465933,3.0141177,-4.7476993,-1.1188804,-3.7160876
-1.9778912,1.4747305,-4.274414,1.3488173,-5.5930676
-1.3099004,1.4475214,1.2004161,0.38418996,0.30965567
-3.5260072,0.5325007,5.9621763,-6.242222,3.9892988
-3.9006815,-2.3495684,6.5631742,-4.4128675,2.0137148
-5.8041162,-0.38482425,8.677848,-3.1279945,0.9310937
-0.58487463,-4.8941607,1.3272712,-4.3191886,-1.8900198
3.588247,-2.6380906,-2.055635,-4.1403713,5.7708726
-0.17945123,-1.1470886,-1.223326,-3.2018316,3.2117429
-1.3950784,1.4617466,0.05060637,-4.7958107,2.8068538
-1.6449324,0.44710124,3.8251014,-3.0577981,2.9811664
-1.7314603,-0.7220774,0.6883595,0.18305972,-0.124598265
0.18393087,-2.012492,0.990879,0.59280646,0.52466303
2.9756236,-0.819067,-1.1486309,-0.3330658,0.3919071
3.0585911,3.696756,-3.6463966,1.0591476,-1.9976985
2.650479,1.1092048,0.36011243,3.3401754,-0.20389485
0.1408014,5.514215,4.4635377,3.3060205,-0.20887765
-0.58158803,6.6075015,-6.1301355,7.139282,2.3504934
2.4498734,5.8198385,-2.5421784,1.5064329,-1.6518722
0.86226845,5.112523,-3.5942545,2.1719382,2.2023187
2.655872,2.4118872,2.5142074,2.53541,2.4291945
-0.49568367,-0.021697521,7.8224473,-2.477553,-1.1203425
-1.485827,-1.8323594,2.2979472,-5.2748055,-3.9440198
-6.4782166,2.0297508,-4.1750584,-10.1533165,-1.7549596
-6.656914,-1.8726149,-3.0169718,-0.25905538,-1.3478
-5.2428575,-2.3989968,-4.2906685,0.81250846,3.5129094
-5.8591537,-2.0819683,4.31188,-0.08017072,0.60289395
-3.9201963,-4.634803,3.9491615,-2.1538815,-2.4920409
-0.9931114,1.107491,3.2950678,4.2799435,-0.7386511
-0.20158654,-1.2009901,2.0449295,-1.8483919,-2.13839
-3.8131413,-4.6662407,-4.471564,4.301314,0.30606723
2.3849845,-0.4107507,-0.022376005,3.5783644,-0.05113101
0.18478696,1.4092177,-2.1180768,-0.412166,3.8124282
0.51101303,0.67506385,-1.010572,0.7268286,3.556388
4.669882,-4.2607193,4.138127,4.726647,3.588288
1.9187715,4.6167855,1.3766943,-1.298764,3.9496853
-0.6528475,4.3606486,-4.973943,-4.5667024,0.6461396
-4.102729,5.488817,-2.3012242,-0.6971817,3.0460882
3.2666435,2.7956076,-3.545824,2.5748584,2.0283606
-2.1238887,3.6970768,-1.3590137,-6.09299,-5.792182
-0.0757346,2.3777933,-1.9993268,-6.2689495,-4.731827
3.9343328,1.7187614,-3.130464,-5.1714993,-1.8840106
1.9084961,-2.0511322,0.16226387,-3.1685605,-2.6571789
1.1963847,1.99664,1.2186841,-0.6358398,-0.048606396
-0.36948204,0.007592082,3.5642695,0.71132326,-1.0634999
-2.1054869,1.6018622,0.34230357,0.5092173,2.5200133
-1.0129683,1.4491657,5.4268312,1.4195716,5.3006773
2.6002064,1.1559999,-3.9835892,-4.112793,5.1411057
-0.3615177,3.1859226,-5.395012,-4.410667,-2.9649878
0.041951656,-1.0393951,0.17433858,-1.6485999,2.1314466
3.2832425,-0.3328548,-1.9789346,-0.45853192,-2.2426267
-0.6914445,-2.46687,1.8183999,0.88915485,0.34541
-0.33889517,-0.7886386,-3.3956256,2.547435,3.1545005
-0.64592654,3.866382,3.3872614,-2.2410505,-0.5257647
1.7117866,6.671296,0.39817154,2.4307404,-4.095474
1.3181105,3.1075518,-2.635918,-0.4981848,3.4298308
-0.67113894,-2.052464,-4.079206,-1.5327495,2.8938928
0.7311135,-1.8941901,2.9509153,6.838935,-1.5512241
-1.34261,-2.1912937,-1.8751628,3.3933344,0.64400923
-0.0007367134,0.062369555,-2.7452276,-5.5113373,-1.1368241
0.037660837,0.2914502,-3.2727833,0.9815078,-1.329963
1.3277149,2.0591478,3.9259691,-2.8239968,-0.3342378
-0.08647123,0.5097629,2.8805625,-5.3793793,1.0707817
2.5582008,2.7616997,6.42144,0.73147774,3.603003
-0.5501835,3.9451547,5.9164314,-1.1050307,2.7055736
6.078698,4.0024257,4.569938,-2.65682,-0.76336646
2.8458083,2.3961682,4.5800934,-4.127265,-1.7332575
1.7713287,1.9338181,4.773339,1.651478,1.4062111
-0.6380297,-1.2083732,3.3697371,0.34960985,2.918437
1.0339581,-3.513462,0.53153,3.0100875,-4.0067406
0.65980744,0.2388748,1.4709028,1.2682731,-0.2844872
0.35527945,1.0688765,-3.040898,-3.1537235,1.4181409
0.8176276,5.0543456,0.49796462,-2.9229646,0.73704636
-1.3082389,2.8423257,2.8322024,4.273905,-7.8519626
-0.6602333,3.109521,0.9486137,3.050712,1.4058155
-7.032616,1.3173733,4.3279386,0.63815475,0.081345245
-5.3315535,-5.6788015,-0.0611732,-2.360971,-1.3911353
-2.7797065,-1.7002069,-1.3325692,4.1809773,-0.070173144
-2.003634,-1.7293338,-5.8561068,1.1298642,2.5889006
6.0712147,1.3660938,-3.8633277,-2.7143254,0.7947099
5.348898,0.08136183,0.7399452,-3.0994554,0.3516786
1.8664778,-1.0719608,-1.4877958,-4.1470566,4.4428053
3.2700944,5.4275684,-1.0413768,-2.1271722,-2.1595707
-0.058427215,1.0343114,1.6899831,2.2721107,-4.046486
1.8586588,-0.47791535,2.30667,4.2453327,-3.9892926
2.436171,2.5229769,1.2710805,3.6385903,0.35539222
0.15784371,4.172629,6.491502,3.296123,-1.7869974
2.7997289,0.9713472,4.256361,3.3428512,-2.2091434
1.3615804,-2.1270344,-1.8789345,1.8068333,-1.3512468
1.0953386,2.2121983,-1.547622,-0.45387322,-2.9040136
0.44239777,-0.31129628,0.89227647,4.6716895,0.33096933
3.5962772,0.9186693,2.47903,4.7646813,3.1545005
-2.7434871,5.0034432,-0.56009626,3.4316726,2.1311033
-1.2809637,0.7149428,-0.68947595,0.8230452,2.9581275
0.48953623,-0.57823664,-0.98378897,-2.3662338,4.794846
-5.61968,1.2143018,2.614148,0.843316,-0.81148434
-0.90487075,0.5019249,3.111411,2.719365,-5.591232
-4.161075,-3.9827306,-2.0346377,-1.554151,-3.9375372
-4.4727283,-0.060264587,-3.0749152,-3.8648,-3.3419557
-3.3522704,3.9846718,-3.4697337,0.3666922,0.12823796
0.78579384,-0.9097755,-3.3267007,0.4028135,0.5533842
0.9429039,-1.0028261,-5.0063243,-3.0081158,-8.222587
5.254116,0.69393635,-1.8651807,-1.8839817,-9.470971
8.44948,-0.3981576,0.8086109,-2.059777,-7.341371
5.6818795,-1.9663975,-1.5310473,-3.0312848,-2.6199245
-3.1391776,-2.2779722,0.5845077,0.43637463,-2.026477
1.4296246,-4.3809733,-3.7657552,5.7321334,0.0491058
-0.860764,1.7921593,-2.8498302,1.4986496,-3.142167
-2.421823,-0.3487591,-2.7520108,3.928234,-6.8579197
-5.784834,-1.8881123,-1.9789472,3.1693475,-3.5711281
-3.641338,1.7767372,-7.4976587,0.3499117,4.2471204
-7.9268637,1.096633,-0.6072235,-1.4345129,3.6811237
-0.8162713,-0.9710369,-4.3264294,-2.6890361,-1.2193552
2.3803148,-2.4271555,1.7243541,3.3357644,0.30444187
0.74251115,-0.32604766,1.1409055,-2.2986965,2.9400015
-0.02690722,3.3172286,-6.868135,-3.5094285,-1.5402957
0.8020208,2.758701,-1.466238,0.7563703,-0.40961742
-1.0696115,-0.5803783,-1.0714056,3.9097893,3.557678
1.4507576,1.8163362,-3.0899553,-0.21444964,3.737799
-0.83724034,-3.266044,-0.8341931,3.9553223,-0.21349919
0.88762206,-1.528166,0.17620528,2.597688,-3.6650422
-3.216363,-1.4809096,0.04693663,0.8991858,-3.072229
-1.6169653,-6.1747956,-1.2011144,-5.3514624,-0.1788764
-0.81906736,-5.2683864,-0.0952549,-2.564879,5.299876
0.16794942,-6.560793,1.8580966,-2.1651044,-1.7283889
-2.8114758,-3.1820836,5.5671644,4.2799435,0.26919225
-2.7696004,2.7581828,6.5512295,-2.387391,-0.45713758
-0.47421843,2.1201754,4.5419774,-4.52979,2.3149908
1.6208252,2.9689155,2.4528124,-6.7944818,-1.0321949
0.969582,2.6798189,-1.2661322,-3.585947,-0.5347061
2.154342,-1.6770818,-3.782331,-6.0998983,-1.224512
-0.22346383,1.5517566,1.0486317,-5.1449056,-0.4553749
2.5791898,-1.0194685,0.37527546,-4.506506,-3.230154
-2.0818813,0.34502286,1.9127026,-3.2150018,1.7346774
-3.9838383,4.013086,3.7368495,-0.9337535,0.13461827
3.0594842,1.3764175,4.3292184,-0.17867082,-3.8117666
-0.4238335,-0.042871475,6.7108216,3.1549125,-1.8179511
-1.7108328,5.4164877,8.245209,4.627824,0.47647965
-2.5918074,6.0632153,0.98604465,2.6232712,-0.77319515
-4.023159,3.604724,1.5799073,0.36309624,1.298222
0.7853594,-3.782672,1.1240277,2.3941538,0.3949867
-1.2658488,-3.066752,0.055089533,1.7195281,2.7587442
0.7947948,6.0506554,-6.1143475,-2.157294,0.8911638
2.5761445,-0.55624723,2.0561879,1.7349892,0.90418184
2.2666051,1.3919194,-0.16566384,0.5883811,-0.5977446
0.08139032,-1.9685532,1.7282635,0.38646108,3.6847103
1.85968,-1.7045982,1.0603955,-4.0954485,-3.2160926
0.22523624,0.84441835,2.67238,-0.21917701,-1.2150775
0.23239136,-2.2657151,4.149897,0.9409245,-1.4468944
2.5415165,0.46454406,4.405458,-3.8269472,-0.9347371
1.0186439,1.5122344,4.8370547,-1.6188784,-1.5605603
1.3228773,2.0997434,8.478199,3.5223942,0.42075396
1.0370407,0.17639112,2.9470518,0.44845414,-3.8568933
0.032846928,-1.8778068,7.198023,-1.3007544,-2.0646095
0.3852375,-5.000386,-1.6255689,-0.50258875,3.636275
2.2995956,-2.4991336,1.6107802,-4.2973733,-1.8689222
0.89349806,-5.939719,0.29870722,-5.1425133,1.6656938
-2.7558615,-5.7352343,-1.9435323,-4.434401,1.9557164
-3.3817706,-1.457144,-6.723179,-4.26798,1.8030899
-1.0804553,-0.3184651,-2.0172405,-6.7131777,-0.023732781
-4.326886,-0.26878837,-0.3085034,-4.4379625,2.6478739
-7.7083206,0.0714106,1.8476121,-0.53107214,-0.19819583
-2.1160932,-3.9475408,-3.4171329,-2.0462203,-1.951004
-0.8992392,1.6455314,-2.8068318,-4.372337,-1.8297973
1.0302505,1.46818,0.0049572624,-3.191745,-2.650868
3.1210532,3.4499006,-1.3981549,-2.9016485,1.209212
2.3117013,3.6623068,0.20765588,-1.8559773,0.48526096
1.4089277,1.5659947,-2.1861937,1.7770838,3.1863608
-0.8693049,1.6484658,-1.4905562,-0.3425402,2.8983495
2.0794592,-2.0201073,-2.3863862,-3.0630543,4.0165133
1.6397347,0.28725582,-4.455505,-3.7127042,-5.7218757
1.0946325,0.9998227,2.6501179,-0.984208,-7.999326
5.1408277,2.8849895,0.5531765,0.9774083,-0.22744864
-3.4764612,0.4783026,3.814401,-0.83237076,3.4789727
-1.7371757,-3.4615154,-1.9167373,0.021012485,-0.78622055
-1.1244631,-3.504287,-3.1180463,-3.3772757,0.54745805
-3.1044226,1.1697619,-3.0084987,-5.0805507,0.79472804
0.72501755,0.75998294,0.4326228,-0.47983003,1.9775496
-2.7949033,2.1562862,-1.6267068,-0.48602927,0.6841438
-7.3965144,1.6430066,-2.730856,-0.54998744,-2.220321
0.9902985,1.6650527,-7.4511414,-3.5255795,1.2821829
3.6860898,1.7200607,-6.6877394,-4.4517303,-0.36187783
2.4206438,-0.010510474,0.849735,-2.5750413,2.0717626
1.2048186,-1.6860588,-6.7702975,-2.2454722,1.2609918
3.4260669,1.695863,-0.45711827,2.4307404,-1.92409
1.3914579,4.4882183,-3.7217875,-0.991784,-0.1149081
-0.9613106,1.5953076,2.7853665,1.4774776,0.08003861
-0.541608,4.3064213,6.3315845,3.1806982,-0.58662117
1.8964607,1.1895287,1.3784294,-1.459374,1.4423256
-3.1661367,4.340324,-2.9951444,4.326351,-2.6040761
-1.5112453,5.9419103,-1.2152883,4.688768,-0.82438254
0.4583025,8.11842,0.19649315,2.8300765,-0.8093054
3.5393236,6.1158667,-3.1007724,3.9595265,-2.3143206
-7.8889112,2.5286388,-1.5644901,1.2537392,1.3928428
-6.5755434,-1.809433,1.826967,-3.8714018,1.7668331
-0.7152648,-2.1429453,2.259145,-2.52294,-4.2948318
0.53634,-1.0584888,0.8520437,-1.7752819,-0.6234393
2.4056213,-4.0744147,0.27555,-5.4018736,0.8671947
-1.3879887,-0.946446,6.138729,-5.3001337,-1.8746862
1.7790805,-1.9595739,7.8843226,-8.260935,-1.615071
0.8148484,-1.0526437,8.307548,-2.4580007,1.5746818
2.2435048,-0.38940528,6.5578823,1.5517237,1.37315
-1.330301,2.2278118,4.848669,0.2570312,3.2551708
-0.04382935,-0.7620889,6.8733335,1.8482635,5.4102182
2.673621,1.9669404,-1.1240923,0.8085265,-2.1362658
1.4520795,2.240211,-1.2798337,1.4000971,-3.803887
-1.7440757,-4.9804053,2.9009016,4.633997,-1.0134369
-1.1790528,1.321364,2.291154,0.66565686,1.0424037
-2.520862,1.0119886,1.7576549,1.7031627,0.72551244
-1.8364241,-0.87031937,2.5526304,-2.4552999,0.98824525
-1.2703542,-0.6777668,-2.7911592,-1.6614803,-0.20262033
-3.257873,-0.5412857,-0.75846016,-3.6067092,-0.897861
-4.4980164,4.0268803,-1.6374376,0.13428998,0.7803119
3.2350483,0.32453534,-1.6277536,-0.46315816,-0.81561774
-0.9794017,-1.5572075,-3.4105935,-2.7535267,-4.217547
-0.4142975,-1.6877956,-0.8608806,-6.4401894,-1.9531386
-1.1867913,0.16099696,2.6905882,0.9865992,0.61849594
-3.0426288,-1.2028401,7.5236588,0.18220302,-6.7618065
-4.4771576,-3.0040722,3.1542325,4.231814,-7.0108213
-2.9651513,-1.7373415,-0.37614954,1.3175412,-7.279457
-3.2294042,-4.201844,1.7656457,0.38336647,0.036943495
-0.8063333,-3.9683478,-0.98071456,-4.724836,3.3940556
0.9122515,-3.350699,-5.5859475,-0.41610634,0.88651127
-3.082136,-0.5235005,-6.6717825,-2.7847242,-1.2528225
-0.22064668,-3.474063,-11.529644,-7.125738,1.3698719
1.1803803,-0.2683993,-6.1610703,-3.509437,3.8097482
0.6177913,0.1906302,-5.0966496,1.4823651,-1.3905532
-1.757288,1.1240346,-5.297613,5.376112,-0.06980014
-3.1917257,1.5923223,0.5828983,1.4424133,-1.3074379
2.3973136,0.91720915,-5.4723663,-1.5406668,3.4015126
1.2972438,2.2763917,1.2397262,1.1312805,0.20320964
-2.739938,-1.4521332,-2.542972,0.012921691,0.24301298
-2.982893,-3.3599324,-3.2351892,0.12081677,4.6279125
-0.71508384,-1.9166563,-4.5003433,-2.1760123,1.3452684
2.677682,-1.2615188,-0.93405837,3.3161979,2.5859892
2.0570939,-0.33440846,-0.38276696,0.018266201,2.7374973
-0.7008668,2.6160293,-3.2051024,3.1438932,1.1285963
1.858171,7.8634195,-2.0796487,-1.5962625,0.6534882
-2.541642,5.048682,3.1075685,0.9361094,2.1202056
1.7358103,4.769078,-4.070883,1.8445001,3.0634654
3.7291653,4.216405,1.7524498,8.322907,1.6658093
-0.007091999,-2.4590523,-2.7887335,8.940294,-3.920777
-0.5450052,-5.013001,-3.5252676,0.572047,-1.7383132
0.11097127,-1.5888791,-7.3991632,-5.7290797,-1.8797534
-2.5282788,2.7738204,-3.9737506,3.5332947,1.0550559
-0.7605645,3.9729743,3.8677678,0.99368787,4.722844
1.500917,6.3643,-3.6058154,-0.4724769,5.3998046
0.8153899,4.9050035,2.060463,-3.1134229,1.6015033
-3.2232978,8.4544525,0.5654855,-7.536564,0.5084802
1.3339812,7.6576214,3.781674,2.3263772,1.9306955
-0.51897025,2.028337,0.17469648,-2.9624264,1.2542462
0.22061783,-0.18613589,0.06951326,-6.169607,-2.8338456
-1.2734916,1.0858828,-4.528374,-2.7005155,-0.12462741
-1.9932804,-3.304364,-2.1952372,1.6689281,2.1966548
-7.466008,-1.1301234,3.6669235,-1.8086123,1.471503
-2.5155237,-5.5158453,5.175967,0.3103443,1.0220908
2.0099893,1.016317,0.82544345,-0.72360176,0.074649245
0.38573033,-1.0752047,-6.299657,-0.13956833,-0.6348101
-0.10025442,-1.2636218,-3.6640275,-3.2177715,-0.7223301
1.8050487,-0.4417323,-1.2698877,-3.8420367,-2.854519
-1.1928216,0.5072157,-0.01448679,-2.292269,-2.0016851
0.89110595,4.3036547,-2.014348,0.11022699,-0.5301912
-1.0482334,3.2892308,1.4653581,-1.4003663,-0.09106475
-0.9574534,3.518926,2.9122722,0.19506931,2.9604886
-4.6526732,-0.79262877,5.1100645,6.7186885,2.9695196
-3.720789,5.276035,2.5600119,7.954055,0.8708291
1.0927315,1.6040524,-0.17081845,2.2743068,0.21142805
-2.258642,-1.1485734,-0.19708526,5.392829,0.3602674
-2.9476447,0.88480747,-0.12534034,0.372092,-0.564468
-0.79150367,3.3240156,-2.4679618,-1.4053941,0.45087337
-0.67789274,3.3495567,3.975527,-0.21568012,4.8049097
-0.26353762,3.7890751,1.3608557,-1.837575,0.30577374
0.8191807,2.5254803,-0.7768427,-2.4958494,0.43774974
-0.50399107,0.5228721,-1.2772166,-3.0618577,3.2070017
0.70565665,-1.8248806,-1.8123308,0.70658886,3.4280367
1.656858,-0.68182266,3.9613945,2.2281322,1.7963985
1.1805081,-2.1745882,0.1888864,0.6677923,1.5716406
2.13439,-1.2436134,1.1249487,3.020237,1.4661907
-4.715215,2.979954,5.7908835,1.7872981,1.6437371
-4.381698,-1.0552136,1.7263591,-0.97920835,-1.9875078
-7.140848,-5.254252,3.7955132,0.44056517,2.178568
-8.13378,-4.0477805,2.5784512,-6.608384,0.96139306
-4.1501346,-5.40791,6.0896254,-5.1353188,2.7806516
-0.47173166,2.3160007,9.467369,-3.779286,3.8329613
1.022997,-3.9185295,6.56703,-0.14041424,1.2053775
-2.942141,-0.33862507,2.5016994,0.66587985,3.154208
2.0680833,-0.4538684,0.56181735,-0.83736134,0.8804707
1.9278648,-1.7507805,3.1343594,0.6063384,-1.9342306
3.2864888,1.2337253,0.19484448,3.6248703,2.5722742
-1.4430469,-1.0465169,-5.2966456,0.28495815,0.81625295
-1.9448707,0.3791712,-7.597054,1.0622427,0.9127866
-2.8243039,-0.86951697,0.18460083,-1.4838247,-0.13245612
-8.261841,-5.6457644,-1.0327859,0.2737391,3.0269148
-1.7859007,-3.496988,-6.563705,-1.8510818,5.7464037
0.79097474,-2.7412884,-1.7648259,0.698733,3.9941473
4.636839,-4.873998,-2.9812887,1.4718658,1.181802
-0.49592853,0.84107006,-1.6989328,-2.5386527,-4.230423
1.3485764,1.8737994,-3.3647094,2.3054857,-1.1979874
-0.068032056,3.8999364,-4.861352,-0.105707854,-4.7528157
0.07934728,4.580027,-2.3255832,-0.38913512,4.8521743
-2.3406367,1.7317742,0.8515655,-1.6065122,-0.06955528
-0.4180882,6.103011,-2.6873064,-1.8786945,-3.956872
4.4318333,3.2608776,2.5592148,-2.9626908,-0.6700266
-1.1406231,3.2487707,2.49718,-0.81197006,1.1044563
-0.36214334,2.1199756,1.3232903,-1.0976238,-0.15217337
2.62243,-2.1454933,0.57463545,-0.7187575,2.8089972
1.5308514,0.24550587,0.37875977,-0.48842168,2.1287117
3.5598679,-1.4823073,4.3907285,5.279912,2.112031
-3.50843,-0.5617899,0.8221687,4.197795,-2.6546445
0.9631852,-1.0265881,0.9348278,2.0584342,1.3266329
3.130881,-2.1023173,0.12326932,2.2345686,-1.134757
0.7310764,-0.48241714,-2.5365405,2.1940093,-3.5785785
-0.08507395,-0.7402866,-3.7789948,4.9843855,-5.831599
2.6161466,-4.0115137,1.6368846,1.1504016,-1.9871552
2.989757,-1.4838408,3.1945455,-1.43843,3.3463938
-1.8262243,0.48507118,1.3867937,-4.192118,2.2739837
2.4533057,-0.80754256,1.3064523,-0.6473923,3.930559
3.8144746,-1.7755578,-1.6979669,-3.985413,0.91072774
2.2514105,2.7025566,-1.5744843,-0.66607654,1.4215626
0.62832254,1.1039814,1.9756145,-1.6304721,-2.2781384
-2.4459407,3.1069622,1.8958192,4.6387577,0.05789292
2.5770836,-2.1194324,-2.9093513,-1.0153103,3.2713413
-0.8433496,0.9512475,-1.2235185,-1.6783395,3.5263975
-0.19389534,-2.9031425,-5.7246346,2.521402,4.0253453
3.870761,-0.6562967,0.24364018,0.66133094,2.5567977
2.341411,-0.41728652,-0.8825486,7.324555,0.24510467
-0.45086995,-4.2777414,-5.9780784,0.6974571,1.0718542
1.0789423,-0.80731344,0.36023426,1.6311781,-0.8732339
3.6246161,-0.24965584,-1.47642,2.4423232,-2.3609476
-1.7896738,-1.4236226,2.8287277,2.6933823,-0.11888933
-1.2107772,-0.84616274,4.7752,-1.4578853,3.0269148
0.6625968,-0.5775949,0.7102678,-2.6705415,0.85815114
2.8551674,-1.033779,2.6729932,-1.8513448,1.1497843
0.15223831,-4.055349,-6.8965645,-2.851736,-0.24566942
5.9808116,1.8815275,1.8475924,-4.0895376,-2.4171705
-0.8804337,0.21414235,1.4275377,-4.370266,-2.9221342
-1.0930527,-0.4635264,0.8920909,-3.5914464,-2.1679816
-2.724389,1.8131087,-2.4980154,0.18940079,0.0634681
-0.3528191,2.2204285,-1.9495759,-1.0743058,-5.166252
-1.5092202,1.6342456,1.8372642,-2.0935202,-2.8029816
-5.2982945,3.4485598,-0.5921508,4.9802513,-0.1364479
-2.4717758,9.90631,0.39943492,6.859517,2.4370356
-1.2784691,4.858063,0.56887066,-2.1209452,1.5347731
-2.820393,3.2852,-1.1444435,-1.5980561,-0.85106814
-0.7375033,-0.82409024,1.2765582,-0.47089666,0.7780936
6.49559,-1.8471229,-0.061237276,-4.7676973,1.5856531
3.0099566,-0.48323226,-0.2836238,-0.41610634,3.643858
0.1774655,0.6983205,-0.650622,0.4236501,4.180773
3.2988758,-3.0167305,2.8020196,0.44235975,5.2946787
-1.8751221,-2.6653492,-3.8682585,2.8748355,2.0753577
0.19611126,1.018501,-1.5925189,-0.08745456,-0.22658437
1.9456111,-0.9218522,-3.988518,1.5240859,1.6648326
-0.21986662,-1.1108177,2.556766,0.20435166,0.610189
0.6035196,0.7411069,6.7714167,0.08953267,-3.4789772
-4.472223,3.18356,1.2386719,2.115809,-2.4965277
-1.9870958,3.6656983,-1.6108762,1.0833133,0.47270274
-1.384078,-0.26746833,1.3250271,-1.9227507,1.4929011
-2.6524193,-1.8133824,1.3281946,-2.882821,1.5723248
-3.4513097,-4.0654163,-4.1815057,-4.323523,-3.4116888
1.7986853,-4.948561,-6.1690264,-5.380687,-4.3217793
2.8274643,-0.7191589,2.9944866,0.13328874,-3.4004533
2.098959,0.7090298,1.9769357,1.6599818,2.7282639
0.7094178,0.17218462,1.2131438,1.625879,-1.4407727
3.5879693,1.2112074,1.8042834,0.015018731,-1.3570392
-2.55655,3.883304,-0.75632626,2.225202,-0.13630152
-3.7631917,5.0055757,2.432087,5.357015,2.0375648
-1.5901589,9.7790985,0.5349467,9.923737,-2.0125568
-1.1112338,1.7903762,-0.5342206,3.3933344,-1.778887
2.7585623,3.3884418,-2.23176,-2.7652185,-3.1969013
0.48325863,0.44052076,2.2630136,-1.9379685,-4.4277954
0.7753187,2.4852529,-0.9888054,-2.658735,5.2692423
1.4846934,2.140912,-7.0517664,-2.96307,-4.56456
3.0291114,-1.5982516,-4.4343452,-0.017196417,4.6413507
2.8975995,-2.8410475,-2.332658,2.3326342,1.7690881
-0.95119166,2.6038296,1.827646,0.30204827,4.2638187
-1.4038091,-0.63961166,-3.0080657,-1.8510818,-0.22314715
-3.5003614,-2.1436403,-0.24770516,-0.8589803,3.4789727
-6.475603,-0.012068152,1.0571417,-1.6510314,3.1880326
-4.8522887,1.0613043,2.4189496,-0.7385603,3.4185226
-2.3476367,0.481123,-2.4823666,2.1117892,2.9626818
-1.8562931,1.3428576,0.31293243,2.7456102,2.8215718
-2.4351156,0.5080352,-2.2042835,-1.9034015,1.409541
-0.40272123,2.0666194,-2.1037004,1.9436152,-1.6861969
-2.800406,0.2888918,3.5716162,2.3283541,1.9981723
-4.5407276,-0.7643839,-0.43859625,-1.413055,-3.0023313
-1.2541099,-2.5144534,1.0186652,0.031139612,0.11594188
-1.3408816,-2.4857886,0.40419394,-1.0216217,0.09805624
2.0872552,-0.36940444,-0.78548205,-0.16488922,6.6935306
1.7802026,0.25456005,-2.8921256,5.2220845,2.7785943
-1.6524307,2.6837268,-1.761927,1.2461653,1.5385971
-3.4024653,2.3381212,4.0143228,-2.1546533,-1.3645858
-3.7104106,2.028161,1.1830163,3.0411768,-5.664937
-0.13463405,-0.67014104,1.3368595,5.9354153,-3.018384
-0.0017340779,2.8752835,-0.53564453,1.5977075,4.224044
-5.43944,0.3380819,-4.7432632,2.2968023,0.7896867
2.0998983,1.4423087,-1.8948281,1.8790007,1.5836648
-2.9236555,4.512105,1.7950613,4.0736,4.1624002
-1.8943337,10.103438,0.5155295,-4.505773,1.3310199
-1.5851936,5.424496,6.3711243,2.2876382,-1.2917562
3.6063907,2.3735034,0.70195675,-0.44936442,2.31326
-1.070734,2.9534822,4.387677,0.39116347,1.6044952
-2.7458584,-2.2171826,4.0956545,4.629828,-3.1174014
-3.6225705,-1.1622627,-1.1320935,1.8106134,-0.95106006
-2.8435864,-0.0038149357,0.9670809,-1.9351022,-0.95315456
-2.3092642,-1.9740222,2.192187,-2.2996678,-0.61082864
-0.023291461,0.37093425,-4.2448173,0.50207293,2.976341
-2.0019352,1.8206358,-3.3939314,1.6555109,3.0438385
2.54141,2.208526,2.4112005,1.1990288,1.8198297
2.0512002,-2.000739,-0.70516336,-3.0145447,7.4438686
5.4006853,-3.7835894,0.9825363,-4.517166,3.4889553
4.2870765,2.3716583,0.8609309,-1.1015364,7.881855
4.5977964,3.322555,-0.09948628,0.09719327,-2.4433043
0.52133024,1.3863032,-3.2763906,-2.224357,0.30490112
-1.9261789,-0.9784594,3.0556145,-1.985857,2.3501225
-1.0437074,-1.0753286,-1.6062028,-2.734539,3.1460056
0.008853078,0.78038335,0.14401811,-1.3706646,0.19148731
1.0676972,3.6573164,-4.7372265,-1.5246236,3.2768667
-4.517146,6.0811305,-0.5981618,-2.090002,1.2581894
-4.975171,0.19556761,4.2200656,-3.5762444,2.5239801
-7.269965,-0.8085724,8.270682,5.1039133,-1.0334533
-6.620674,-1.319561,5.2797956,2.253378,1.5377456
-1.3075871,-2.7648787,5.0451517,5.4647155,2.866107
-0.35140836,-3.3002386,6.3414183,0.8055129,6.133713
2.9047196,-0.54424,0.770731,0.22558212,3.1713743
1.424469,-1.6661966,-1.8499768,0.5709701,2.6096067
3.7241926,-3.4066339,2.0024717,3.7646587,1.1249859
0.76025426,-0.7103042,-2.728936,0.55561364,-2.0323663
0.473398,-0.83931816,-3.9740357,-3.7367725,-2.9413912
7.0087276,-0.13053358,0.012095451,-2.1803548,0.68548274
3.7446382,1.6534088,-0.21819556,4.253078,-2.7882695
1.3297429,2.339787,1.9593947,4.54108,-7.929878
2.3953643,-1.3038437,1.8032902,6.9167957,1.9081666
-1.9399182,0.8401519,4.1788073,2.2743068,1.3303117
-1.2586367,6.6836867,1.3136041,2.3696153,-0.3336584
-2.446366,7.742218,0.8792728,-1.366028,0.33497354
-3.6101754,5.0122766,4.354317,-2.8749804,0.114717156
0.122036785,1.7096702,7.9195423,4.273905,1.3637742
-2.81825,-1.2850046,6.995797,-0.57858276,1.8380495
-1.7442377,-5.711608,-1.9298868,-4.663178,0.60591674
-1.8072748,-1.0685036,1.7540674,-2.8501668,-2.8971734
-5.5570607,0.09299314,4.2765284,-0.36658108,1.29115
-3.6788983,2.3103182,5.381301,-0.74906,-7.9757338
-3.3005154,-3.066527,-3.8351533,1.0784914,2.2389078
-3.6260993,1.8156078,-4.0290728,-0.93584424,5.299626
-2.673464,-2.348808,0.6002594,0.807391,0.8844379
-0.6836922,-3.796152,0.09811449,0.5309423,-1.2528225
1.4255532,-3.0150485,-0.94403446,-1.1611696,2.1185622
-0.057817936,3.3880587,1.4489372,-2.9040194,-0.5677215
-6.008272,-1.3934386,-1.3850957,-3.2646003,3.2592366
-3.522533,-1.594417,1.4212275,-3.8363287,5.950716
0.06436062,-0.31025273,2.2945435,-1.085615,1.1160717
1.7023444,-1.1179371,3.815106,4.3580194,-0.13774005
-0.21188557,0.2313664,5.422075,3.1733963,-2.1678016
-2.2035952,1.4380867,-2.3870306,2.445956,2.1753018
1.4195088,0.4922691,2.780815,0.27884024,2.087612
0.3801238,-1.4813375,0.21603715,0.13358378,0.34263295
-1.0496247,0.32913277,-1.6055424,-0.46315816,0.39169738
1.4476252,0.34965628,3.5926971,1.2460907,-4.301015
6.043285,1.8068733,4.2256336,-2.3218935,-5.3364124
2.8025546,-1.4802624,2.225878,-1.0502341,-4.284086
1.0488625,0.8891797,-4.6996493,0.15712547,-2.9789367
3.091867,2.4538422,-3.624457,1.6599818,0.68548274
0.8589104,-2.678005,-3.8907151,1.8766959,-2.5410695
-0.44632083,1.8231589,3.9764233,-0.67077255,-6.1217823
-0.23532936,6.2612467,5.1064835,7.9190655,-3.579928
0.4875332,0.7807884,0.30900812,0.1960175,-1.6262332
-0.7742668,5.136552,4.3619328,-1.5375047,2.7902133
4.1782484,0.9503685,1.381886,3.811955,3.4695024
3.1832798,2.6800528,2.80335,6.1182013,1.9912035
-1.0611684,-0.37099433,-2.0860085,5.4905405,-3.9111845
-2.9806657,0.30785152,-0.90435624,1.4107206,-2.5027504
-2.011096,2.5780659,-1.0010239,0.8460936,-0.3534906
-1.5179205,-0.0045201182,-3.1651595,-2.3662338,0.808124
1.387424,2.8427296,-2.3681147,3.266719,3.9589639
-0.7627217,-1.45478,-0.1491605,-0.8804139,-0.37909237
-1.9832001,1.6700072,-2.572011,-3.0137453,-1.4660373
-2.4814713,-3.6284814,-2.7897348,1.6611288,0.8569546
1.6132486,-2.7638679,-4.659261,-1.0028173,5.378519
1.0803084,-1.8057197,0.22556138,-4.233191,-7.028001
-1.6900306,-1.0237694,0.4824151,-4.0238733,-6.7634974
-5.511767,-1.2328044,1.614257,0.11220902,-1.8694655
-2.2146516,-2.8158517,2.2694013,0.93023115,-3.6917906
-0.114744425,-4.7150936,2.1984808,-2.796631,-1.9342493
-4.0637655,-1.9802246,0.77354944,-1.469436,-4.818287
-4.4773874,0.8710902,-2.8833046,-2.241741,-4.4015617
-2.875504,4.455537,1.1788958,-0.83524483,-0.8309176
0.160115,3.8150263,4.9791036,-1.9607806,2.9401052
-0.83244574,3.584729,3.6806476,1.9990923,1.8743248
-2.8458734,1.2852073,3.6076965,-0.81368697,-0.91352534
-4.1489296,0.6052134,-1.3767669,-3.5427675,-4.065963
-10.301727,1.7516917,3.2184,-3.590536,0.3270378
-4.7898173,-5.869207,-0.32925773,3.1349976,-0.49884826
-4.9483495,7.405066,-2.1215053,0.17693806,-1.1378949
-1.7856804,0.729762,2.49359,8.567536,-4.1130195
-4.542934,1.6001048,0.4913972,4.3512697,-0.7071996
-1.678735,0.7364034,1.1570549,1.5202075,0.47468913
-1.6521447,0.9952684,1.8745382,4.437743,2.2099078
-3.480483,2.4985573,-0.94713557,2.6454656,-1.3433086
1.0913702,1.3120189,-1.2126513,7.799752,0.7448283
0.40932822,1.4598544,0.86793345,1.4259129,0.7904764
1.273504,3.3189738,-0.8039092,1.4696265,0.8740373
0.38912344,0.38570383,0.68799144,0.8180988,-4.801732
0.8261167,-0.6481578,3.8079076,0.876301,-3.7741532
0.65878713,1.8308668,0.025533557,1.3774549,-2.7808652
3.170132,2.1660194,-0.591082,-2.2775385,-3.3070102
1.9658906,-2.0272932,3.64215,-1.2126068,-4.550493
1.9576432,1.7043316,3.683289,-1.9903445,-0.73269343
1.7329566,0.052843094,0.8560413,-1.2220294,-6.821151
-2.0817833,-1.951968,-2.896816,-4.638102,-2.21972
0.39991963,-2.620308,-0.07229662,3.007,-5.5924144
0.04779589,-3.7998176,-0.9792359,3.9309196,2.0095031
2.7186804,-1.1809939,1.0709283,-3.6089206,1.5662904
4.3883777,2.3263085,1.1426162,-0.7142575,4.070574
-3.5615244,0.6164433,-5.2341185,4.727435,4.571363
-2.668715,5.175114,2.1649199,5.1764674,-0.8113137
-4.365599,9.499356,-0.89194334,1.28259,-5.591181
-5.958099,3.9103765,-2.5583222,0.071908236,0.17685568
-4.2804985,-1.7229106,-3.9294095,-0.082044736,0.57394165
-11.539665,-2.499644,0.81109476,-0.29623938,-1.4822397
-4.043671,-3.6568854,-3.3278127,-3.074665,-1.2154971
-0.56318235,-2.3327196,-5.6547613,-3.0654695,4.018621
1.6831449,-2.398072,-4.2765374,-1.0293399,1.181802
-1.6327558,-1.5466058,0.9905938,-2.7607348,0.4350599
-2.026692,-1.0065503,-1.1077495,-9.264276,0.66102415
-0.9054303,0.3602345,-1.5038718,-1.8712094,2.1501331
-2.067477,-2.2084982,1.6126988,0.9132018,2.5392768
2.240816,1.6691478,5.715636,-2.519528,2.9447687
-0.7195625,-0.06197244,4.3986254,2.7556734,2.9090347
-0.7615782,-0.352782,1.1392565,-1.773431,1.159349
-1.6869788,-0.5996163,2.9572496,-3.2454274,3.4257805
0.5232377,1.5093795,-3.4170864,-1.584565,1.4530915
-0.5133267,-0.8061398,1.6890727,-3.412524,-3.1361432
-1.7434762,-1.5839558,4.4679537,-3.0767336,-6.311925
3.2965279,-2.5905008,6.7127514,-3.3479261,-2.1321595
1.1223702,2.3261814,5.635213,-5.1984687,-1.7037629
7.395725,-1.5270284,4.3707495,-7.061763,2.528925
9.634508,0.09773806,7.924544,-4.3036256,-0.15092671
1.7411633,-1.0484316,-0.65960264,0.33530927,3.7704644
1.7836,-2.1290302,-3.045724,1.5650076,0.01710391
-0.11481446,-1.935903,5.468941,0.7581897,0.62892056
0.07781133,0.68678397,0.5818476,1.036732,-2.618865
2.6530561,-3.2013228,2.4752393,1.7792869,3.011777
2.9423523,3.9475222,1.2242143,1.701429,0.85815114
4.466572,5.352351,-5.720229,-4.1034684,3.1065993
-1.0932376,3.2769327,-1.302781,-2.7037363,2.9737678
3.465926,-1.222482,-1.6318078,0.54121846,2.8254356
-2.379604,-2.073869,-3.826307,-4.3274956,-4.019854
3.029202,-0.0720669,-1.2978467,-7.4311495,-1.0891118
1.8270032,-3.9221795,1.8305737,-2.7952962,-0.9506438
4.540922,-2.6591392,1.4546307,1.4775479,1.9259905
-0.33348,-0.42581463,-0.0019708872,2.9457335,2.1106706
-0.57009923,1.8081429,-0.7993634,-1.7671797,0.1886037
-1.1814299,-0.67176455,-3.9840448,-4.2802663,0.87876695
-2.4356844,0.8519613,-3.7806063,-3.7571,-2.0651436
-1.7879486,-6.6586866,-5.0886993,-2.4537878,-4.0489645
-3.3820517,-1.2775697,0.90091616,-1.0599339,-1.9031783
-1.2856156,-1.9980575,3.5255666,-1.8726133,0.2027261
-4.0786605,0.37429714,2.8762684,-0.8589803,1.8701726
-3.4758415,-0.8814266,0.4646005,-0.5860329,4.314543
-2.4667253,-0.27914906,-4.8565087,3.232095,2.506908
-2.0523186,0.91174895,-9.7624655,-0.40344048,-0.23458183
-0.7709025,-2.3074632,-2.727005,6.5190034,-1.378408
2.7836332,-3.6845298,-1.557282,4.2134385,1.3592792
1.0367242,0.67000157,-1.3733412,-1.7353189,3.1240873
3.2312315,1.572028,2.4507692,-2.0884662,0.6027011
-1.377772,0.61216587,-0.79290324,6.6303,-2.641496
-0.09715827,4.0430927,3.734035,-2.4536717,0.5835529
-4.1534324,4.504613,6.246983,-1.5722007,-1.8235478
-0.6703594,-1.3769307,1.871171,4.2076726,-0.5785867
-0.32448775,0.8263277,0.9967178,-0.344874,-0.670637
1.3979769,3.3574197,5.440604,-1.7064464,3.5820594
2.5364895,1.8029734,4.774199,-1.928378,3.9197526
-3.3944693,0.5304122,4.4433994,3.2096815,-3.2992668
-1.4246886,0.31787163,2.3017852,4.963506,-0.9625461
0.31496173,-0.11934948,-5.6835785,5.0223875,-3.385377
-3.1330323,5.10542,-3.9599347,0.646657,-4.304241
0.5121893,1.8969557,-2.607173,-0.8847413,-1.0343003
-1.1463001,1.1857729,1.3409902,-0.31709492,1.5814756
3.6011438,0.10945612,0.3599224,-1.3182466,3.1056337
1.8444972,3.3138142,0.38207692,-3.907135,-2.982238
-2.7634187,-2.202985,-4.8963485,-2.1636782,4.167184
-1.8911911,-0.78725916,2.6891446,-0.94655347,5.9102154
-1.1072679,5.0865,-4.441981,5.0802383,2.2222528
-2.4385712,2.0055785,-1.8338933,4.376783,-0.06641245
-4.265851,-2.603618,-1.4625058,2.2212377,-3.5357447
-12.650616,-2.4217777,-0.819793,7.774029,-3.6321301
-4.601059,-4.392807,-3.9089842,4.176211,-0.552943
-1.7220105,-0.014398336,4.603762,0.8511348,-2.106
2.346042,0.35647213,0.40251097,-0.38355133,-4.3009377
1.4505196,3.7171025,-2.249378,-0.057805646,-5.228073
-7.0083227,7.015896,-0.7812504,3.4799922,2.3027983
-6.167186,0.22539318,-1.6544039,0.23374939,-5.367944
-5.353123,0.9451354,4.5133753,0.31223917,-4.745288
-6.393053,1.087934,3.5299573,-3.8390357,-0.8166116
-6.146482,0.10572219,0.095838785,-2.9524517,-0.19193628
-3.1586635,-3.7565398,3.04319,-0.25522113,2.6407003
0.64749706,-2.6132455,4.2413263,-3.8614829,2.87158
-0.9654703,2.1402843,6.9580154,0.031027079,3.2342248
0.10356662,-2.01953,5.205133,-0.5039911,4.793871
0.80288804,-0.22977096,2.3681548,-1.3527023,3.1377559
-0.55646074,3.470197,0.27100182,5.2286696,4.8016677
-2.7969189,-1.7891078,0.4377426,4.058473,2.5543895
1.458796,-2.0555365,-1.8537595,-0.67049825,-4.7453995
1.7175081,-0.6072111,-2.849945,1.6565738,-0.7259276
5.56013,-1.4858975,0.6411975,0.08098161,-0.29137316
-1.035783,3.1656463,1.3707279,3.7832656,2.8333397
-0.7057907,6.1447425,0.74499893,-3.0669281,-2.8266723
-2.4921303,2.740737,-0.4549997,-1.547815,-4.6064277
-0.14677335,-0.10512459,-5.2622356,-3.6739974,2.4023707
0.01588121,2.2590387,0.59387887,-3.1007743,0.20032495
-2.0726666,0.8505788,-2.5171819,-7.5304575,-2.0427334
-4.7719374,3.18293,-1.5716801,-0.009025335,-5.291566
-1.1553342,-0.13031077,2.2278833,0.22436944,-1.5468178
2.021526,-3.109985,-1.1849241,1.7910101,-4.08908
0.56803983,-2.0075579,0.41414702,-1.7274889,0.043267727
4.2101836,0.18806112,-1.8501669,5.47527,2.2650242
0.9455569,7.4070945,0.5960902,2.9002643,-3.061477
-1.5059644,4.202053,-1.323602,1.6630847,-6.384649
5.0422616,-1.7823302,-1.9486825,-1.2665594,1.7070347
4.3137646,-1.6842846,-4.4184847,-4.4546247,0.31363666
-1.6147697,-3.3666716,0.8649773,-0.3283975,-0.9563369
0.43121594,-1.2519282,-0.37331814,3.4595032,0.1039235
4.303469,-0.4343875,0.12556195,6.5216546,-0.5988741
1.5831159,0.6725541,-1.3775277,-2.5713563,1.6433303
-2.043548,3.0730772,-2.0327265,-3.6303837,3.1219997
-0.032672193,3.7522595,-2.2613857,-3.9461207,7.37842
1.1175294,4.376537,4.8776727,-4.5988455,-0.24038744
-1.5259163,3.224518,3.784844,-2.9631016,3.562615
1.2812327,2.58917,3.2751074,-4.3603215,5.478129
-2.9089167,-1.262654,1.2871093,-4.603823,4.458563
-2.1517417,-2.0604017,-2.8599195,-6.313518,-0.14467728
-0.6248294,-0.65174246,3.3959506,-8.351499,2.9252386
2.670339,2.3457794,7.938054,-1.8708438,2.3430073
2.6422985,3.3369205,4.223114,-2.8544111,-1.4589498
0.5257678,9.211102,3.5090423,-1.7469169,3.7440782
3.7562313,0.5781257,-1.485457,2.2546592,1.0928415
3.249302,-1.704251,3.293437,-1.3787576,-3.481371
2.139439,0.62660015,-1.8184338,5.2286696,-3.2260427
1.0714089,-1.2699519,-2.7445927,3.6016226,0.5191457
-1.6520793,-1.3639224,2.4130917,4.9790983,6.7174892
1.5969894,-1.7267369,-4.7793345,2.3583336,4.035391
-4.097554,-2.2262447,2.296178,0.68634814,3.1366231
-5.1658964,-4.0650225,-2.6926644,2.6964035,2.2071688
-0.17710233,-2.8935816,-0.51192874,0.67385167,-0.06641245
-1.2879755,5.1390643,-3.212555,1.1580529,2.2384443
-4.628565,0.22367859,-0.3696288,-1.2887791,2.4125025
-3.9029522,-2.6400683,-0.8716683,-0.58894783,2.438994
1.8342593,-4.7225037,2.1954646,5.3164716,1.8451085
-1.210765,7.104116,6.1849537,4.70097,2.4672961
-2.7511353,6.3497806,2.6748295,-4.0261927,4.435918
-2.0111048,1.4336493,4.7457085,-2.5965416,-0.72800934
1.5121336,-2.4215791,7.6783895,-1.408242,-0.072732985
-2.3283436,-3.6145391,3.687293,-3.6013403,-3.1128051
-1.9821459,-2.3162298,0.12351084,0.12418759,0.84637094
0.5154187,3.7253287,-2.420893,0.93023115,4.180507
1.3779559,-0.5321057,0.75117624,0.49652067,5.063591
1.5238209,-0.22153103,3.7515345,-0.88680863,1.584528
-3.1222367,0.50222874,-0.08046579,-2.363739,4.426893
-3.4502363,2.5391533,-3.3928485,-2.3325717,-0.9777223
-3.648297,2.934112,-6.97321,0.4442047,4.543341
-4.940436,2.064701,-0.6265948,-2.3060498,2.8747067
-3.4185994,1.8969946,-2.2892907,0.2747475,3.095951
-1.1955014,-1.2517365,-1.459798,-3.5259519,1.965776
0.24733031,2.5982642,0.43263853,-0.08611083,1.3010058
0.5118009,-0.42551792,1.3370514,1.7294456,-2.3334036
0.093288064,1.6572876,-2.051819,-1.9280863,1.0658766
-0.64426196,-0.7477156,-0.8911884,2.3738348,4.2977467
1.6578879,0.63789517,-5.64527,0.7999871,5.5067983
2.4108791,1.558179,-3.1769524,3.6484063,5.3757973
-5.341113,1.0596602,-1.0758076,-1.3820554,-2.3647642
-4.617842,0.49913332,1.6497239,0.9400145,-2.733466
0.2798276,0.8443643,-1.9694014,4.25556,3.6459937
0.46990398,3.0530214,-0.88102627,-1.2397146,6.261632
2.5493186,1.4578115,-6.671055,-0.12648344,-1.7408414
-1.1945919,0.98867106,-5.064637,-0.7692477,0.73127794
-0.23218252,-0.39561462,-3.3219209,-2.7241747,-3.9066286
-5.442809,-0.51977766,-0.6834276,-0.5659042,-3.313254
-12.001211,-4.99076,1.3836994,-1.3386868,-4.5941615
-0.9763861,-5.075569,-1.463741,-2.898923,1.3189548
3.4934812,-1.1705285,-4.0888896,-3.1260047,0.1103642
4.076987,1.4750181,1.1319983,-5.8339343,-1.6694859
1.0208201,0.93263876,2.5499744,-3.3631802,1.5412673
0.41472435,2.8946824,4.4097447,-1.6431302,3.3961248
-1.3168094,3.3971848,3.4412584,-2.4324312,3.1907408
-0.29009575,4.4239445,6.059437,6.5314493,2.710671
1.7365972,4.69478,5.16672,1.0718851,2.1202257
0.7957853,-1.886899,3.5942204,-0.39346224,0.41418007
2.643691,2.6266599,-0.40660697,-4.5479198,-1.1907328
0.51034796,1.118129,-4.9605713,-0.31658292,-1.4905564
-0.09462261,-0.21112984,-8.163347,-2.0159206,0.4801185
-1.191477,-2.3123927,-0.38766813,1.361754,0.37993392
-0.6428112,-0.65017813,4.565876,3.2283287,-0.98156595
0.28415635,-1.0208935,3.494658,6.803712,-5.47543
5.054744,4.7556434,3.4908504,5.246765,-0.31971788
-0.45234966,5.998745,0.055045962,-0.104539394,-5.5691357
-0.15659927,3.7197406,1.981192,-0.31213325,-4.2175283
3.180895,-1.0540088,-1.6007874,-0.32084587,-2.0132163
6.2837563,-2.092936,-1.6637869,2.8649352,0.6343825
3.1715665,-1.2090857,-4.1115956,0.34320474,1.6928883
-1.2464231,-0.57658386,3.334539,-0.39611405,3.138982
-1.9540063,0.5692966,5.5047693,1.9299793,-2.3423471
-1.0983676,3.1914146,3.6326194,2.6024275,-2.666342
-2.4083042,0.54829764,1.1460757,-0.13318223,-1.3030186
3.9551842,-1.1991192,-0.869274,0.505185,-4.1214232
1.4671824,0.45429647,-0.17895198,1.0987619,2.375444
-1.070852,-3.3948286,-2.105577,-1.4857489,5.9488893
1.1531587,-0.93511903,1.7714145,0.64665914,8.343439
1.6240709,-1.1369557,-0.39967918,-1.2002811,3.4889553
1.3677092,-0.2631723,1.1766641,-3.0397644,-1.2271852
-0.83026934,1.1553137,2.493721,-5.6354866,3.6165671
0.4463023,0.9885565,1.1964418,2.2359886,-0.43733144
3.8165097,0.269185,0.35674942,0.7167635,-6.193849
3.31615,1.8154955,5.0278797,-0.58938414,-1.5691884
0.95434654,-0.22939336,5.8773894,-3.2010162,0.23605394
-1.2553936,-0.8352212,8.201535,0.9133048,0.6685727
-1.0502499,-4.135701,1.3914219,0.8468547,1.067864
-0.06420025,-3.3861012,-1.1610318,-3.19938,-4.566818
1.9006292,-1.0620979,-3.5485473,-4.483055,-2.2157335
-0.82287014,2.8003623,0.31541014,-5.2564507,0.36443102
0.04737729,-0.49796546,4.214283,-3.36193,-2.218342
1.127758,1.836859,6.4547873,2.7375703,1.3216629
4.621045,1.4075614,5.8642273,-1.724244,0.54623896
-0.43724155,0.7249342,4.744915,2.1674373,-3.417789
-0.31834024,-2.623422,4.641251,2.12711,0.5799767
-2.6275606,0.24136505,5.483347,1.2551125,-1.3657601
-6.633193,1.8232212,2.2970078,-1.6774939,1.6984178
-5.03887,-0.9710239,-0.88048774,4.6387577,-0.7118234
-2.9266717,1.6832,5.3893595,-3.2410898,-0.8767191
1.2022121,2.333362,4.517375,-1.1618669,-3.2855492
-2.5792842,-2.9077997,0.9152715,1.4992466,-0.0830642
0.069027185,-2.823503,-3.2331252,3.9125712,-1.0267689
-3.0919871,-2.4480631,-0.6878753,4.4037414,1.4482757
1.1019801,-4.8186,-1.655537,-0.105968475,-0.8870069
0.7017567,-1.4313669,1.903971,-0.4926086,1.278696
-0.4039399,2.34774,0.38598138,4.98556,-2.1190805
2.8382688,0.12034863,3.8746705,2.0062075,2.5804007
0.6737919,1.1477224,-0.8431026,-1.1958753,1.8952972
-0.4294615,3.3587542,-0.62174606,-1.2184952,-0.32899612
-0.71113646,2.9330306,2.5289638,0.2755412,0.96765167
3.0722241,1.9611492,2.7611067,2.6798735,0.39555138
0.5164416,5.71251,4.1750507,-0.30389762,-8.010076
2.8578708,1.3654373,2.7238376,-5.1196475,1.960196
-2.0143418,0.6740329,-2.3382442,-3.711872,-1.5787377
-4.329712,4.288455,-0.37501198,-2.629367,-1.1035507
-6.6293235,0.46761632,6.548859,-2.263045,0.26544762
-4.4650354,-3.1094306,2.7886224,-3.8028798,4.4893036
-3.309743,-0.2156221,6.325354,1.8767736,3.4226332
0.6578233,-1.6052709,3.346347,4.0736,-1.9659716
4.591145,1.08187,-0.27535343,-0.53190255,0.5808064
2.6964264,2.937323,2.8041286,-2.0462203,-1.9722714
3.834137,-1.4804354,1.7427318,-1.9662409,0.6328384
2.537896,-3.7587857,-2.7040799,5.3872046,3.2772782
-1.1603763,-2.0855813,-2.826148,0.043427706,5.21843
-0.14562334,-3.061837,2.6155474,1.1447,-4.4054065
2.5038655,-1.0691653,-3.7060847,-1.7641473,-2.4328945
-0.21447833,-2.5983474,-3.5807486,0.9582437,-5.663471
-0.9904293,-0.98790646,-5.2964964,5.1357517,-8.660663
-0.099641085,1.0496467,-6.1115074,2.6771703,-5.9009523
-1.408878,-2.089034,-6.041396,3.2264783,2.6569586
-0.9413664,0.3600431,-2.0310893,-0.26517892,-5.242196
-0.07417405,0.45085382,-1.7794337,-1.0451397,1.0879643
5.769961,-3.5244536,-4.6921887,-0.048234224,4.101258
-0.5152287,-1.4482162,-1.5912138,-1.6565859,2.7011466
1.9706315,-2.6701736,-1.2437332,-1.5427117,1.6200769
-1.8101778,-0.4119876,-1.6579636,-2.418654,-0.5911256
2.5709827,2.723684,-1.6846706,-3.3372781,1.8135672
2.7280703,0.31596208,-4.6976333,1.2500815,0.8814731
-0.76112336,2.590386,-3.4499035,-2.735115,1.8924257
-3.7054434,1.8266371,-1.4700032,6.1081705,4.1525064
-0.6318884,0.05106139,2.2855136,2.1115103,0.27787685
2.219583,0.5297799,-2.276482,1.1741827,1.0647954
-1.2795434,3.9454074,0.58141965,-3.7799854,2.4878278
-1.9868944,2.9792678,1.4310907,1.8767736,-0.9611087
-2.410314,1.1831535,0.12545049,-2.1881583,1.0259769
2.71769,-2.5002174,-0.6016806,0.4217497,4.4893527
-1.1852859,-2.8150291,-2.7865822,-0.9204264,-5.5052114
-1.3318332,0.5027365,0.35985148,4.0059013,-6.612735
-4.358392,2.281044,2.4229832,-3.0945415,-4.7772593
-8.835462,1.9164596,-1.9456658,-5.0689106,-1.3255607
-1.8072803,3.7152896,-1.6229249,-3.8235018,1.078841
1.7870305,2.1966224,-2.7655082,1.2156637,-1.645708
3.1367667,2.6090305,0.90061384,2.7677588,5.55863
1.232065,0.36977735,-2.2567453,-2.299298,0.11211467
4.7474065,3.582581,-0.0008164644,-1.8284614,0.5321789
0.1535213,-1.3195473,-3.796576,-1.2498155,-3.5629034
-1.4186753,-2.7811625,-7.43979,-5.4341874,1.550919
-0.14146185,-0.29880762,-0.41298032,-4.0065455,3.571447
0.60233665,1.3452367,-1.7658561,0.7353143,-0.7168534
-0.598083,-0.39038673,3.0895567,-1.3031527,-3.1004317
-7.626412,-2.186818,0.35783887,-5.682122,-6.6929364
-7.816482,-2.1698804,5.1570663,-2.3537383,-1.4699944
-5.6448126,-2.5877843,6.501808,-1.3175678,-0.10481173
-2.8833966,-1.9915947,7.5039115,-3.1915622,0.73489964
-2.242328,-0.3417576,12.791979,-2.1735933,-2.465361
-2.515608,-0.84179175,5.1393075,-0.2161537,-5.455969
-3.2278285,-0.2376442,-4.821438,1.2837107,-3.2148266
-3.3789825,3.2609775,-7.6665683,-2.6352258,0.5757004
-2.893837,0.7161901,-6.708113,-1.8584086,1.55265
-2.054381,-0.49591476,0.28532696,2.646902,2.779555
1.3355818,-1.6957357,-0.08462751,-1.7497852,6.460897
2.7953568,0.7082056,-1.9121983,0.7641612,2.5563278
-2.4896696,1.6062789,2.858256,2.3227828,-1.7855507
-1.319202,0.6383447,2.7889132,-1.9482205,-2.53757
-1.8451352,-0.30684307,1.6280131,0.16954207,-9.7106
-3.8340654,4.126656,-3.323662,-1.0154724,0.28031874
-0.3248875,-0.50830746,1.3293172,1.5688109,-0.45191485
2.6924543,-0.28150374,-1.7605745,0.014468908,0.5646641
1.9652394,-2.9171371,1.9307792,0.12081677,-0.3307983
-0.11604446,1.1625178,-3.5198522,-4.1104894,2.8333397
3.9530845,0.6977745,-2.268141,-3.2462223,-1.0718082
-0.6213136,5.4100566,-2.4584231,-1.5744627,-4.2257195
-2.050333,1.1181781,1.8800441,-0.14864159,1.5183191
1.1194406,2.3745806,2.0432706,-3.9549797,0.16651309
2.339636,-2.7739697,4.230118,1.5155456,-1.957641
0.5166824,-2.7933373,-4.789861,-0.025923014,0.053541422
0.2679432,-0.61971664,-0.6147326,2.7995923,-1.8003783
0.7146139,-0.42070758,-0.6785189,5.499538,-1.6331855
0.3508582,3.3405592,-0.6425909,5.9129415,1.6262717
-1.4030901,1.2618978,-0.24179885,4.017207,2.1485858
-3.1176293,6.200591,2.152948,0.028786838,4.851605
-2.014172,5.172716,-1.4601271,-3.7991362,0.3576905
-3.2477722,-1.1801412,-0.8465725,-2.2360396,1.3790921
-0.57069755,0.8905963,-3.0721784,-2.5820222,-0.3263985
-0.3899119,0.074379444,-4.507475,2.1859376,-1.0830522
-1.259583,0.2436429,-6.1760035,2.1628027,3.005135
2.1524656,-1.4758024,-3.3867927,6.799061,4.2087317
-0.51677537,3.8730187,-1.4476457,2.3055182,4.5621896
-0.032261655,3.9696856,2.7330487,-2.1792276,2.2032785
