A,B,C,D,E,F,G
0.53993,0.37853998,0.5161266,0.36144936,0.3882894,0.37037018,0.21499209
0.4746775,0.3729561,0.5172133,0.36148843,0.39161834,0.37346137,0.21985729
0.4901788,0.37210396,0.48807108,0.35786453,0.3937724,0.37419757,0.24150987
0.4843337,0.3643224,0.45401773,0.33299088,0.39230213,0.37014103,0.25988066
0.5103525,0.36252472,0.34885624,0.34592685,0.38747674,0.37061614,0.27785417
0.3657031,0.36851385,0.32600164,0.32713744,0.37993762,0.37040648,0.3000904
0.36234602,0.37484965,0.32962695,0.3470484,0.37829322,0.3709663,0.34183976
0.3277007,0.3653753,0.3310393,0.3566792,0.37691972,0.3686307,0.36208886
0.3593281,0.33002952,0.33506402,0.34195286,0.38218677,0.3642384,0.37658477
0.21430174,0.36171213,0.33367154,0.34666345,0.38347706,0.36554113,0.36065036
0.38614127,0.36349493,0.32543612,0.34301284,0.38512966,0.36747646,0.37582242
0.33040202,0.34868914,0.4219278,0.34462664,0.39507005,0.36700526,0.39039773
0.51619315,0.36546627,0.4338638,0.32980037,0.38818955,0.37178355,0.34750357
0.47274232,0.3606485,0.43850097,0.32862756,0.3940926,0.36897296,0.3578505
0.45047474,0.33916178,0.49062678,0.33603147,0.3914286,0.36477247,0.41580313
0.51123315,0.34691817,0.48326108,0.32226682,0.38969558,0.3668641,0.42155248
0.41554397,0.3462499,0.5302311,0.33020613,0.38372412,0.36412168,0.44074696
0.56288433,0.3844053,0.53099525,0.3227355,0.38014704,0.36712155,0.3924979
0.51604605,0.37233144,0.5090665,0.3441309,0.3782294,0.36908484,0.39796883
0.5176249,0.36008942,0.49889615,0.3485646,0.382028,0.36763304,0.39229172
0.5196097,0.3494378,0.5003019,0.34951317,0.376479,0.36474317,0.40225387
0.5908175,0.36679825,0.49868745,0.35904962,0.3824151,0.36540145,0.4603514
0.5067997,0.3553016,0.5374209,0.35155785,0.38760805,0.36593533,0.46723762
0.51318353,0.38503525,0.52508366,0.34442645,0.3931259,0.36655632,0.46560267
0.5483095,0.37820458,0.48719302,0.34582284,0.3878699,0.368493,0.47392327
0.49227732,0.37243065,0.4773337,0.34991455,0.3878566,0.36770827,0.4914863
0.49065214,0.3639998,0.4685745,0.35692745,0.3827109,0.36653692,0.49180666
0.5117753,0.37606487,0.44416714,0.3430637,0.3847347,0.36848578,0.5131614
0.43797752,0.39170718,0.4439221,0.35859305,0.38831872,0.36577484,0.5016786
0.5146465,0.37823275,0.40661645,0.36264753,0.3858767,0.36535344,0.51123977
0.4699851,0.39045793,0.34533978,0.36275238,0.37972087,0.36617956,0.5125674
0.39035746,0.38164815,0.31318212,0.38668978,0.38237935,0.3660458,0.51660913
0.33007953,0.40297204,0.28652546,0.36612558,0.37874532,0.3680635,0.54211366
0.3434516,0.40489745,0.25522378,0.39812922,0.38217103,0.37167695,0.53026223
0.2851556,0.40593255,0.2504256,0.3715028,0.39574558,0.3756779,0.541887
0.26765856,0.39365876,0.25656205,0.3642103,0.38997668,0.37181488,0.551134
0.2823559,0.3690821,0.29127112,0.35736126,0.38888362,0.37077942,0.5636391
0.31080756,0.35206547,0.26647758,0.345134,0.39483926,0.37119266,0.58775014
0.29513,0.316339,0.24370433,0.3451649,0.38846412,0.36889195,0.59069157
0.17119952,0.3317097,0.27771866,0.32323197,0.39209163,0.3649482,0.5387704
0.37593418,0.34014446,0.38408208,0.32729357,0.38791654,0.3665442,0.52832085
0.38208804,0.34016633,0.5020337,0.3122297,0.38564047,0.368049,0.5276504
0.51057494,0.3445969,0.50598013,0.30790848,0.39055791,0.3670625,0.5365501
0.5126635,0.32168025,0.50262797,0.34113297,0.3942132,0.36758482,0.55187017
0.5372193,0.3662758,0.48390594,0.3224719,0.39918602,0.36547056,0.54014504
0.49013162,0.36085558,0.491329,0.32958516,0.39254722,0.36518046,0.5384862
0.5533031,0.34881,0.45759758,0.32977843,0.3899995,0.36448693,0.5329615
0.45521596,0.3462961,0.4926314,0.34734234,0.3928007,0.36689848,0.51145416
0.5236309,0.36721867,0.52625453,0.3317099,0.39577088,0.36787447,0.4945789
0.54957044,0.35300258,0.51779157,0.3330712,0.39588124,0.36681452,0.4982438
0.547328,0.34272435,0.5040684,0.34996745,0.39030164,0.36768234,0.48333588
0.50470203,0.32029834,0.5006059,0.3217266,0.383981,0.3656155,0.49766147
0.49572378,0.3256449,0.44917476,0.30155942,0.40272054,0.36387268,0.49552605
0.47308722,0.3178555,0.4777218,0.3049241,0.40399662,0.36592916,0.5104794
0.61036533,0.32254833,0.4608638,0.29685184,0.39133745,0.365031,0.5228697
0.51094276,0.33128157,0.4498944,0.308305,0.3879418,0.3638686,0.50653994
0.49372387,0.33958688,0.4681481,0.31346413,0.38734287,0.36137953,0.4910729
0.4272823,0.3613572,0.46314266,0.31578815,0.3910886,0.36278188,0.49038085
0.47523072,0.34354407,0.5083303,0.3150601,0.39048493,0.36250564,0.4857912
0.5290911,0.35043123,0.50495815,0.31720853,0.38954952,0.3610893,0.49809876
0.5675014,0.3622517,0.5242036,0.34987417,0.38636872,0.3629435,0.49292204
0.54133934,0.36947036,0.51194686,0.34688073,0.38426757,0.36078948,0.47681224
0.5412531,0.38614458,0.48716995,0.34696037,0.38623613,0.36167318,0.4761613
0.50795305,0.3718387,0.54212344,0.3571917,0.38656917,0.3654947,0.4768537
0.56975853,0.37900007,0.6025038,0.33020964,0.38302293,0.36365426,0.49439046
0.6975309,0.36846194,0.5602597,0.3309906,0.38373125,0.36710012,0.49104062
0.57072186,0.37161553,0.55991226,0.34257668,0.38035777,0.37070385,0.45164135
0.6258967,0.37537643,0.5722746,0.34223408,0.39286318,0.37210608,0.44009018
0.49015665,0.3658207,0.5959802,0.34171686,0.39041564,0.37018582,0.44092658
0.6224715,0.36602524,0.559972,0.3439725,0.38795152,0.36873096,0.45119452
0.60151476,0.35990116,0.503761,0.33771843,0.40671825,0.37043455,0.48689947
0.6243703,0.36561805,0.5079627,0.33623156,0.4049292,0.3702063,0.49079666
0.54985607,0.35994795,0.47348472,0.3427043,0.41039932,0.3698859,0.47834438
0.349797,0.37188274,0.43573362,0.33290616,0.4027665,0.36533466,0.4596457
0.43223625,0.38535362,0.420621,0.34217164,0.39382195,0.365477,0.4622989
0.45587826,0.37114993,0.44514823,0.34633335,0.38406682,0.3662777,0.46499056
0.44075364,0.38407728,0.43850833,0.33570874,0.37971035,0.3677403,0.43685454
0.48553085,0.36094132,0.46607658,0.35020596,0.38276964,0.3701517,0.43111116
0.47510165,0.36432818,0.45217448,0.33559832,0.38712314,0.37166977,0.44375902
0.5270527,0.35638002,0.47287932,0.3366218,0.39622906,0.3695565,0.46558768
0.4789074,0.38133022,0.47678667,0.33330026,0.40091643,0.36770332,0.47057876
0.5342953,0.38643232,0.46055132,0.32712033,0.40730017,0.36745742,0.4662629
0.50876826,0.3631511,0.43852437,0.3576968,0.39599323,0.36776078,0.48386338
0.4534253,0.38035116,0.36447304,0.35405302,0.3948278,0.3660111,0.4707381
0.38870093,0.37836546,0.34129217,0.37704745,0.40061495,0.3666276,0.48944333
0.32249346,0.39137325,0.329603,0.3547785,0.39434868,0.36713496,0.5145919
0.3508675,0.3699597,0.31669554,0.3580852,0.39095458,0.36620232,0.5029609
0.33324876,0.36751002,0.28929767,0.34233373,0.38655192,0.36522236,0.5081301
0.2919042,0.36462098,0.25488836,0.3462959,0.38344255,0.36575583,0.5160032
0.30565578,0.359216,0.26631302,0.35084406,0.37809646,0.36672544,0.5059872
0.30458048,0.34569243,0.3656217,0.35331067,0.38222373,0.36655378,0.5197128
0.38133448,0.34779117,0.3954812,0.33701742,0.38050207,0.36609256,0.5220467
0.40186384,0.35643327,0.3804331,0.32766604,0.38456437,0.3653845,0.53572583
0.5000639,0.34091577,0.40445638,0.33841878,0.38480905,0.36540177,0.55073565
0.48789406,0.34540832,0.40918478,0.32263657,0.38250327,0.3643354,0.5610902
0.41903958,0.35353267,0.39951742,0.33172464,0.38271153,0.36347625,0.55440784
0.46407363,0.38035452,0.35301402,0.3240394,0.38036475,0.36291724,0.5602604
0.4078718,0.36481845,0.37235802,0.3489969,0.3776625,0.36786246,0.555228
0.38936892,0.36488762,0.38588628,0.345816,0.37403998,0.36545804,0.56490487
0.41031542,0.35496616,0.40093052,0.3508016,0.3823877,0.3682697,0.56445795
0.44941652,0.3684612,0.49284852,0.33624968,0.37843204,0.37162367,0.5641954
0.5324314,0.35026994,0.47014254,0.3453765,0.38442838,0.37022603,0.55868423
0.46912703,0.35362878,0.55366576,0.32957283,0.38524583,0.36812383,0.5593158
0.62884575,0.3576273,0.53576,0.3190494,0.39228308,0.36704162,0.57077485
0.5693462,0.35193592,0.5431871,0.33567244,0.39468074,0.37207904,0.5861027
0.61098355,0.34696773,0.5657016,0.340718,0.3992987,0.36986816,0.5816257
0.5830185,0.35981813,0.5397178,0.35046083,0.39821577,0.36574662,0.57385284
0.5682556,0.3656047,0.51134247,0.33690974,0.3989528,0.3655347,0.585214
0.61879545,0.36475873,0.505772,0.3504524,0.3970367,0.36458847,0.57608634
0.51900387,0.36598012,0.4987977,0.3332044,0.38832757,0.36336353,0.56700385
0.5134917,0.36151415,0.40275136,0.34717306,0.3887196,0.36437514,0.5656675
0.3841778,0.3611905,0.3689562,0.3421045,0.38527453,0.36875048,0.5484433
0.38928214,0.36006728,0.39582804,0.3405157,0.38527513,0.36622393,0.5436
0.44045907,0.3597753,0.40864256,0.3272654,0.3857305,0.3702485,0.5329124
0.44467205,0.36262256,0.39897236,0.35528615,0.38690963,0.37039733,0.5108445
0.46224397,0.38243562,0.45465648,0.34766275,0.39178196,0.37115964,0.50301117
0.4771186,0.37502414,0.4544412,0.3521188,0.3927702,0.37466308,0.501424
0.3842603,0.3512056,0.44531396,0.3522132,0.39620993,0.3705265,0.51978683
0.4439617,0.3721798,0.4494706,0.32173452,0.39702603,0.36547783,0.51923794
0.49058408,0.36366683,0.45044282,0.32375848,0.3893626,0.36746013,0.48760086
0.48433,0.3604945,0.4318584,0.34123322,0.381743,0.36789295,0.4917206
0.4713262,0.34774205,0.39715624,0.3371271,0.38747495,0.36950842,0.49088982
0.46639207,0.342466,0.39311716,0.33748224,0.38756302,0.36454368,0.5024455
0.33382627,0.35251254,0.40035996,0.3245771,0.39311323,0.3668704,0.5035509
0.43952957,0.34935626,0.40672153,0.36596817,0.39066628,0.3660308,0.50606066
0.417485,0.36055353,0.28968218,0.33517405,0.39024827,0.36441818,0.5088352
0.29966,0.37366852,0.30962148,0.3458113,0.3837191,0.36605772,0.48146832
0.37538275,0.36705676,0.3238452,0.34948397,0.39809313,0.3682825,0.466123
0.449512,0.36470824,0.41722643,0.33542648,0.39263114,0.3682523,0.4719943
0.5034596,0.34411767,0.42100176,0.3246878,0.3815083,0.36942065,0.46863502
0.44214052,0.34641486,0.43264103,0.32966095,0.38364926,0.36663243,0.459801
0.5428118,0.3325873,0.44966432,0.3204571,0.38329813,0.36497515,0.4494384
0.4843456,0.3396133,0.4587778,0.3213013,0.39004275,0.36349466,0.4459179
0.53969246,0.3432666,0.42291477,0.32261163,0.38934302,0.36288217,0.45110038
0.4517092,0.33645695,0.4384376,0.33368254,0.39096388,0.36387125,0.44372994
0.47059125,0.34081468,0.38831872,0.330993,0.39269495,0.3640362,0.4336575
0.3917896,0.33525804,0.394093,0.32202107,0.39135188,0.36646637,0.43594325
0.4002742,0.32707947,0.27642435,0.35197625,0.39007452,0.36558193,0.45766512
0.31417635,0.35799477,0.28826994,0.32271743,0.39008465,0.3634574,0.46901548
0.33497074,0.3454539,0.27531692,0.3301752,0.39489266,0.3639647,0.47702453
0.30938652,0.355427,0.23737346,0.3256403,0.3917402,0.36652508,0.5031231
0.2796435,0.34969965,0.2533994,0.34437403,0.39320406,0.36435723,0.5060996
0.1624887,0.36016408,0.29256278,0.33319518,0.39234486,0.36762366,0.51170087
0.34415257,0.36628142,0.29410917,0.3314066,0.38618365,0.368266,0.52912897
0.3544922,0.3424549,0.29270247,0.34164232,0.38229617,0.3685553,0.5320436
0.3484337,0.36606508,0.29298657,0.32616335,0.39486477,0.36872348,0.53119427
0.34453264,0.3643405,0.2969904,0.33873075,0.39530763,0.36732206,0.5358734
0.33310527,0.3682263,0.3317706,0.3383459,0.40281495,0.3687375,0.5559666
0.34939745,0.34087664,0.3625087,0.33733734,0.40525928,0.37246892,0.56791687
0.38666776,0.34440896,0.40657464,0.3145769,0.40315604,0.36855635,0.5674532
0.48018816,0.32749423,0.41010156,0.31058353,0.3926574,0.36906555,0.57802755
0.4363646,0.33915612,0.41086972,0.31068665,0.38523525,0.36773837,0.5844115
0.5150629,0.33019716,0.39223465,0.34101003,0.38112137,0.37057954,0.58093
0.47128,0.3397521,0.4039303,0.3430153,0.38985428,0.3668031,0.5737928
0.4474357,0.35105246,0.40660715,0.32603544,0.3969652,0.36432624,0.58724177
0.4473756,0.36099532,0.46233812,0.3328308,0.39936712,0.3681197,0.5815041
0.496089,0.37901828,0.46437657,0.3220712,0.39128715,0.3744825,0.572306
0.53454196,0.34998888,0.45539668,0.35404462,0.38627282,0.3727419,0.54538924
0.44438556,0.34665796,0.3653726,0.33557174,0.38102072,0.3713834,0.56277525
0.41446066,0.35966495,0.35900584,0.32842734,0.38587335,0.37277752,0.5606473
0.5008001,0.35392278,0.38010806,0.33078834,0.38848338,0.3699728,0.5791518
0.4953472,0.35370046,0.39769685,0.32516435,0.3906251,0.3672528,0.57678944
0.48338398,0.37499237,0.41538084,0.31572258,0.391714,0.36820525,0.5734497
0.4794084,0.3622101,0.4344158,0.3415342,0.39152297,0.36924526,0.57493055
0.46016958,0.3576196,0.41270816,0.3528282,0.3867614,0.3673365,0.5639602
0.43042928,0.35234386,0.42640617,0.33781937,0.38345778,0.37125036,0.5625448
0.45498544,0.35625404,0.44646317,0.33133563,0.38716078,0.36914682,0.5561364
0.48322642,0.3557225,0.44699037,0.32670605,0.38412344,0.367526,0.57572883
0.445365,0.34880278,0.42177275,0.3316636,0.39282748,0.3698942,0.57786185
0.4550206,0.37153444,0.4477282,0.3209772,0.38673365,0.3663779,0.57045656
0.47612044,0.34826946,0.45705187,0.329768,0.39213267,0.36456072,0.55331194
0.6076451,0.34360382,0.44942397,0.34661624,0.39751494,0.36467782,0.5522777
0.4842008,0.3681468,0.45544982,0.32546103,0.3935891,0.36450094,0.54966426
0.5101296,0.35828525,0.42329845,0.3376128,0.40808818,0.36581647,0.56536466
0.45168728,0.3698136,0.4194754,0.32990694,0.4075374,0.36588705,0.5396979
0.43265292,0.38006517,0.33277553,0.33459046,0.4060359,0.3660413,0.54480994
0.40464944,0.3780979,0.34425807,0.35624853,0.39556265,0.36516917,0.5435505
0.4069126,0.3846714,0.31647134,0.35451132,0.3890298,0.36667487,0.54900306
0.37311387,0.36675987,0.33123875,0.35155198,0.37914857,0.36576572,0.53467566
0.4027672,0.3671929,0.3303096,0.3600917,0.37877798,0.3685616,0.52325064
0.3543041,0.389826,0.3204891,0.36635968,0.38423792,0.36552754,0.56500316
0.31891465,0.3784513,0.30870318,0.32979482,0.39753503,0.3707098,0.5799931
0.3476414,0.3765001,0.34466374,0.34853017,0.39892617,0.3694506,0.5640462
0.37636277,0.37700167,0.3196264,0.3266144,0.39075828,0.37017572,0.58210087
0.37937936,0.36156943,0.3438563,0.3364446,0.3961285,0.37292984,0.5932669
0.39782512,0.36789146,0.23166004,0.33927336,0.39513177,0.36946192,0.60593736
0.33185992,0.35306263,0.24068372,0.3418698,0.38557234,0.36970532,0.5867573
0.27640897,0.35578597,0.24713926,0.33283317,0.3864659,0.36771736,0.5831333
0.31191868,0.34400427,0.25325277,0.33542505,0.3868993,0.36677,0.58878
0.32456958,0.3372007,0.15522155,0.31679899,0.38597608,0.36533266,0.5766482
0.23300718,0.32908225,0.20945872,0.32901028,0.38484746,0.36714807,0.58990455
0.3469373,0.3405205,0.21325435,0.324944,0.393361,0.36361614,0.58530515
0.37354112,0.32733414,0.27761802,0.32544112,0.3835356,0.36615202,0.5848326
0.3418097,0.32650605,0.33272067,0.31225353,0.3796227,0.36699262,0.5781778
0.38608468,0.32455537,0.36588678,0.30973113,0.37876981,0.3657251,0.5741296
0.47414613,0.32954785,0.39785865,0.30679536,0.3794305,0.36327624,0.5794954
0.44864082,0.3313585,0.44334713,0.3109774,0.38626483,0.36156136,0.57231766
0.51247054,0.3345825,0.46049988,0.3185072,0.38614473,0.363278,0.57340217
0.55001026,0.33591345,0.47593254,0.31979737,0.38208628,0.36283654,0.5791279
0.5395533,0.34264457,0.45042294,0.35013977,0.38244057,0.36623174,0.56119996
0.3560748,0.35812926,0.44056088,0.33074576,0.38149858,0.36575383,0.5714262
0.50360286,0.35505593,0.40236178,0.33853182,0.38651228,0.36263815,0.54516244
0.44554374,0.34448642,0.40939412,0.33261693,0.38726422,0.36422488,0.5444739
0.42972806,0.36318666,0.42703497,0.31481707,0.38724983,0.36586043,0.5540034
0.43193498,0.36218652,0.43386123,0.33322796,0.38771427,0.3687488,0.5509362
0.4582979,0.3501972,0.45508546,0.34284812,0.38800165,0.36323443,0.5385724
0.49222314,0.35769403,0.34318858,0.33429506,0.38781482,0.36216357,0.5334785
0.37795812,0.36409232,0.35939848,0.34845465,0.38601974,0.3653152,0.5650454
0.3498592,0.37952232,0.3686145,0.3604462,0.37695557,0.3672833,0.57511854
0.3678732,0.37182516,0.35177502,0.3483669,0.37085393,0.36866707,0.5816121
0.36568466,0.36841133,0.3397517,0.34518355,0.37595037,0.36603275,0.5802135
0.38740218,0.3517099,0.37699622,0.34142607,0.3778032,0.36506087,0.5784483
0.4442315,0.3406922,0.39328703,0.35436565,0.41350356,0.3647759,0.5710694
0.4373415,0.3505619,0.36157253,0.32740828,0.4039955,0.3676169,0.5671944
0.39759073,0.34242702,0.29644448,0.32744223,0.40622565,0.36850625,0.5510874
0.25634414,0.35786563,0.30122843,0.30711448,0.4000359,0.3701158,0.54005426
0.32854024,0.3359275,0.299551,0.32292923,0.4132859,0.3689395,0.55197155
0.30891725,0.3488614,0.27593893,0.3111848,0.40145224,0.3657285,0.54885924
0.2411572,0.33817267,0.23661502,0.3269448,0.39365858,0.36233965,0.54220486
0.30698925,0.34610233,0.25808564,0.32466513,0.38986924,0.35840636,0.54276466
0.30161065,0.34295633,0.33951896,0.32013756,0.3833679,0.3588839,0.5350089
0.33670354,0.32723626,0.34553334,0.31919876,0.38764212,0.35965505,0.53054523
0.41034752,0.31838053,0.37474233,0.30573973,0.3820203,0.3605142,0.52225477
0.42510206,0.31992182,0.36321,0.2967498,0.3752701,0.36373132,0.5248603
0.38360736,0.32211685,0.36245015,0.3120044,0.37533757,0.36298013,0.5435217
0.42052943,0.32401824,0.40071025,0.28519133,0.3729872,0.3616996,0.54439557
0.4222862,0.34610352,0.44614846,0.3181087,0.37787193,0.3653682,0.5249691
0.5276857,0.3547925,0.43040362,0.31443605,0.38336012,0.36693314,0.50040627
0.5185019,0.35160282,0.47502333,0.3247346,0.38959438,0.3656327,0.5015758
0.50700235,0.35690615,0.51655734,0.32561538,0.38667753,0.3631806,0.5041549
0.54530853,0.3492186,0.5298776,0.33299118,0.3833392,0.36446366,0.49981788
0.5290977,0.3522918,0.5303382,0.33179194,0.37655,0.36611253,0.4977997
0.520914,0.36855963,0.5330805,0.33790165,0.37876374,0.363805,0.5161494
0.6677752,0.37765434,0.49409658,0.337824,0.37897742,0.3642083,0.52204585
0.52714705,0.36216524,0.49262747,0.35425812,0.37580007,0.36511153,0.5016125
0.51872617,0.3899477,0.48753107,0.33140588,0.38078734,0.36421323,0.48558152
0.48810932,0.3578374,0.4935776,0.34926283,0.380483,0.36714917,0.4700854
0.5198206,0.36274073,0.49752125,0.33124506,0.38881922,0.36678264,0.47067928
0.524133,0.3512543,0.5024114,0.3303278,0.39359248,0.36905098,0.47012776
0.5329023,0.35411698,0.608162,0.32284424,0.38837308,0.3679119,0.46794924
0.6280005,0.35139242,0.6295471,0.35000113,0.38889715,0.3678102,0.46609268
0.6844736,0.3495121,0.57887214,0.33840683,0.38518992,0.3698823,0.47483364
0.59678245,0.36871827,0.57865274,0.3444469,0.39292288,0.3659438,0.49155378
0.64686656,0.37292504,0.60905296,0.339571,0.39389142,0.3662404,0.5079998
0.6415522,0.36803904,0.58395016,0.33752552,0.3923551,0.3698666,0.50619036
0.5969354,0.38129163,0.5847911,0.3373624,0.38907793,0.3677827,0.49883765
0.56702656,0.37819278,0.5598692,0.36217543,0.38337234,0.36464787,0.5100093
0.5734448,0.38296533,0.42477363,0.35611555,0.3786235,0.36556804,0.50340897
0.47826666,0.37923965,0.41869935,0.3645406,0.3906623,0.36801976,0.5058434
0.37845072,0.37453237,0.39601585,0.36631638,0.392136,0.3664086,0.4873139
0.42790383,0.3782684,0.38923636,0.36223838,0.3908726,0.3685526,0.49243292
0.419824,0.3637739,0.37087616,0.35018268,0.39069608,0.36748707,0.4991975
0.42648628,0.36294022,0.21233907,0.33728033,0.3969461,0.36891425,0.48884672
0.25882316,0.34701166,0.31665862,0.34801883,0.39187485,0.36897847,0.4917913
0.37113926,0.35967764,0.32277617,0.342429,0.3892521,0.36888722,0.51074773
0.376828,0.3505291,0.3126293,0.33026347,0.39582396,0.36703053,0.51372683
0.32556087,0.36220548,0.17092597,0.33322412,0.3917122,0.3675934,0.499858
0.22766073,0.35543132,0.28029975,0.3529548,0.38892964,0.36771935,0.5213259
0.32787958,0.3630974,0.285301,0.3257017,0.3965611,0.36994722,0.54409796
0.34408498,0.3392441,0.31341675,0.32509804,0.39169002,0.37108457,0.5412501
0.34575576,0.3313832,0.35722783,0.32859465,0.3849404,0.36818546,0.54450744
0.38436216,0.3500281,0.415615,0.32792976,0.3912547,0.36524794,0.5574786
0.46679488,0.3525633,0.32463923,0.327792,0.38570455,0.3707011,0.5595977
0.33760875,0.35880038,0.33539453,0.32784927,0.3859533,0.3662017,0.5703503
0.41296142,0.36064774,0.32497963,0.3416727,0.3857465,0.3662668,0.5659072
0.27484715,0.35222676,0.34125543,0.3372865,0.38540098,0.36803904,0.564093
0.38096246,0.35695362,0.3710379,0.3408123,0.39048314,0.36676875,0.54794914
0.4101225,0.34504557,0.36672902,0.33898836,0.39133018,0.36986062,0.5496485
0.32665193,0.33813226,0.27078038,0.33223075,0.38825393,0.36878115,0.56055593
0.2892541,0.34474233,0.2899659,0.33054626,0.39261138,0.36722556,0.5753349
0.3245587,0.33022603,0.27935627,0.3205319,0.38883364,0.36405513,0.59210044
0.3283285,0.32621375,0.38278803,0.31561172,0.39476123,0.36350095,0.59835714
0.44985342,0.3327907,0.3840104,0.31053,0.39120445,0.36506218,0.5865462
0.42326492,0.32910493,0.41458547,0.31350487,0.3839624,0.36690712,0.578977
0.46673173,0.3274978,0.41145736,0.31041804,0.39386824,0.36543941,0.5649013
0.4886539,0.34528422,0.40428278,0.30823842,0.38991472,0.3626817,0.5760769
0.3592141,0.3543795,0.38331768,0.319969,0.3853451,0.365191,0.54871315
0.39663613,0.3458373,0.4192468,0.33780828,0.37400824,0.36410138,0.5652436
0.4575219,0.3581494,0.38766,0.32602596,0.37484184,0.36391535,0.5936044
0.39835975,0.35131893,0.38901085,0.35787338,0.37919474,0.3668946,0.5868064
0.41267315,0.35250503,0.27319342,0.33727318,0.38228697,0.36851385,0.5707616
0.3108327,0.37267926,0.27919152,0.33353156,0.37901005,0.3669388,0.5707376
0.32453647,0.35173818,0.36621717,0.33948746,0.38300046,0.3660844,0.5701936
0.4135921,0.35463437,0.39833882,0.33378813,0.3843893,0.36451745,0.58543867
0.4453767,0.34599933,0.45290238,0.3497467,0.38438368,0.36453992,0.589924
0.48891875,0.3483085,0.4153176,0.3328711,0.38861626,0.36932206,0.58037347
0.46700513,0.36047414,0.4658631,0.34242657,0.3880509,0.37108654,0.5773313
0.49311018,0.38506487,0.4739136,0.3422504,0.3910861,0.3681642,0.5604069
0.47337556,0.39343852,0.45128357,0.3529464,0.38659704,0.36832118,0.55380535
0.48156843,0.3815133,0.41833958,0.3509707,0.39144942,0.36820436,0.5571626
0.42602363,0.36367998,0.37731072,0.34875825,0.39660546,0.36664712,0.5446295
0.46061677,0.36373946,0.35459086,0.35360873,0.38885656,0.366556,0.5421633
0.4338925,0.38029596,0.33104247,0.3635238,0.38734058,0.36877525,0.5416706
0.37190828,0.39739785,0.28228194,0.3562408,0.38448402,0.37069803,0.5563865
0.28768432,0.3887774,0.2654153,0.36456653,0.3825057,0.3703946,0.58072543
0.2231732,0.38583475,0.28054377,0.35592908,0.38173002,0.3692258,0.59705037
0.36729813,0.39171833,0.3226172,0.36341977,0.39305216,0.36953613,0.6155907
0.3521967,0.36010465,0.32878003,0.35157326,0.39350677,0.36958328,0.5985477
0.38739607,0.38809195,0.30752993,0.34478077,0.38431066,0.37001115,0.6054631
0.3276371,0.39466456,0.3436695,0.3561672,0.37868965,0.36945698,0.58631825
0.3867373,0.3731204,0.22012107,0.35938248,0.3887103,0.37201115,0.57375824
0.2735056,0.3681589,0.24009174,0.347826,0.39384857,0.36857668,0.5715004
0.29524893,0.37328807,0.25646576,0.36514193,0.38769493,0.36898828,0.59475857
0.21772617,0.361788,0.2667113,0.35724178,0.3886503,0.36837137,0.59303105
0.32492325,0.3669954,0.3657738,0.32475823,0.38353613,0.37466753,0.6155453
0.2913104,0.33926323,0.37511644,0.32708126,0.38800478,0.37395963,0.62690425
0.40875134,0.3419802,0.39344785,0.3259428,0.40614405,0.37103444,0.6219309
0.41273946,0.34363616,0.42248806,0.32288647,0.40560398,0.37051782,0.65567225
0.45679927,0.35478103,0.38839403,0.31483212,0.4001558,0.36818993,0.6438865
0.4664828,0.3439051,0.36705318,0.32546598,0.39334846,0.36576205,0.62260634
0.4281778,0.33605635,0.37819394,0.330233,0.38940924,0.36538154,0.61240256
0.38955608,0.37066782,0.39078057,0.35358492,0.40258354,0.3678628,0.605222
0.4618939,0.372389,0.40273547,0.36037788,0.3928049,0.3652521,0.6032206
0.43336332,0.3786029,0.388767,0.35626766,0.39001873,0.36555028,0.60524035
0.43235832,0.3752056,0.35276008,0.3540371,0.38244665,0.36370254,0.58884495
0.3586902,0.37053895,0.35445413,0.3427544,0.3797364,0.36484015,0.5903991
0.31560144,0.38163102,0.3693764,0.33954966,0.38234684,0.36197284,0.58686066
0.42188755,0.3873589,0.30613494,0.34366867,0.37822643,0.36364508,0.5670204
0.3336485,0.37736216,0.32794586,0.37573925,0.3863526,0.36655128,0.5663508
0.31598127,0.37836975,0.31073943,0.3649041,0.38137063,0.36650598,0.5597411
0.34186503,0.3737054,0.32590818,0.36376137,0.38241938,0.36455408,0.58292913
0.26836577,0.39268255,0.31361693,0.3508901,0.38059023,0.36870617,0.5835224
0.35427573,0.3737306,0.31973174,0.32692805,0.38046968,0.36853978,0.58090025
0.4003008,0.35379472,0.36257607,0.36992103,0.38608953,0.3680524,0.57955205
0.41312152,0.3740721,0.37135646,0.34241048,0.38717833,0.3664085,0.58154464
0.4209588,0.3633338,0.35924983,0.33912036,0.3880359,0.36855087,0.5761154
0.41482404,0.32296145,0.41192776,0.35047945,0.38411132,0.3682585,0.55884415
0.45092875,0.34941265,0.3893722,0.31781352,0.38505137,0.36561447,0.57363707
0.4259907,0.3640393,0.4921082,0.34974235,0.3919407,0.36339894,0.57353425
0.48598525,0.35646057,0.48376793,0.3404861,0.39219424,0.36631355,0.56917065
0.5061356,0.3520928,0.4905937,0.33724132,0.38774514,0.36520234,0.5776915
0.5103197,0.3863756,0.46051,0.3153781,0.3838393,0.36425334,0.59177256
0.52586585,0.35798824,0.4373482,0.33979735,0.37983742,0.36572197,0.58163166
0.43657494,0.3836044,0.40932828,0.35420647,0.3855946,0.36429363,0.5747409
0.4942338,0.38118786,0.38726792,0.37286994,0.3837085,0.37036815,0.57222354
0.38801378,0.3807941,0.35743406,0.37808612,0.38794288,0.36710852,0.5817677
0.34925508,0.3919661,0.35360485,0.35567704,0.3866817,0.36706093,0.5949048
0.42417854,0.3774861,0.38326377,0.35887238,0.39720047,0.37011904,0.6220005
0.37997836,0.36196437,0.38476792,0.34563404,0.3737075,0.37248468,0.61561817
0.42034197,0.3592203,0.38107646,0.35722652,0.377837,0.36873734,0.613555
0.40702447,0.3742891,0.38332456,0.3288735,0.3851026,0.37246576,0.6189084
0.42312223,0.3531338,0.3743652,0.34069884,0.38777784,0.36989576,0.6284312
0.391726,0.34351924,0.3377173,0.31812233,0.39073128,0.36880744,0.6289426
0.38498554,0.34196487,0.32723442,0.32105294,0.3910873,0.36912173,0.62782544
0.43749604,0.3601259,0.33164528,0.31901416,0.38735816,0.3664493,0.6240903
0.35668814,0.34338894,0.43211198,0.31473166,0.39133286,0.3659932,0.63329655
0.4979607,0.36815384,0.34181964,0.31846267,0.38928214,0.36551356,0.6287696
0.39763206,0.3504917,0.366429,0.34620216,0.3843179,0.3677667,0.6170825
0.41747966,0.36165395,0.3359922,0.3189408,0.3816849,0.36649057,0.59954906
0.37867367,0.34333548,0.34513748,0.33718303,0.37857816,0.36935136,0.5838766
0.46774447,0.35160762,0.3133492,0.31449732,0.38122565,0.3672593,0.57718945
0.39495495,0.33459693,0.38019937,0.34874,0.3828582,0.36477914,0.5717452
0.42577508,0.35246113,0.38237202,0.33600986,0.3825365,0.36718684,0.5577813
0.3897239,0.34795102,0.39197147,0.33401632,0.40158275,0.36775216,0.54625654
0.44394404,0.34039253,0.387313,0.33626232,0.3935277,0.3680051,0.5641829
0.395044,0.33396977,0.3466658,0.3323608,0.3905901,0.3662521,0.54065883
0.41867188,0.33233914,0.31770724,0.35464358,0.39020422,0.36602294,0.5566945
0.34094843,0.33067703,0.31432548,0.32948172,0.38317424,0.36822125,0.52672476
0.35767686,0.3489215,0.31000715,0.32447398,0.3982633,0.3661776,0.5358395
0.3573735,0.34519812,0.2977921,0.34332436,0.39967188,0.36512664,0.52429944
0.30813852,0.36871868,0.14510408,0.3602584,0.39703983,0.36504748,0.5276384
0.22689144,0.3697314,0.21517918,0.3456611,0.3922278,0.3657133,0.5305949
0.31238508,0.3667201,0.22937317,0.36182678,0.39051354,0.361524,0.5354424
0.27748683,0.36260617,0.23461,0.32919195,0.38888577,0.36116776,0.5314981
0.27229565,0.36269435,0.23083664,0.33603135,0.38323402,0.36269322,0.53254986
0.3123251,0.36658612,0.1810252,0.33395833,0.3885744,0.36499462,0.5528009
0.1941284,0.35517967,0.23899966,0.350911,0.38364068,0.36494488,0.5495874
0.2669292,0.35958233,0.25980166,0.3466547,0.38690367,0.3628754,0.5452627
0.2853121,0.3449611,0.25081977,0.33051136,0.3879995,0.36277977,0.49404046
0.24318716,0.36623457,0.25668648,0.33861336,0.38971764,0.36486265,0.499599
0.30840167,0.3596127,0.28164557,0.36255807,0.3820903,0.36718053,0.49194565
0.28041282,0.35640427,0.23680985,0.35614377,0.38191128,0.36836737,0.504965
0.2679137,0.36470148,0.20804414,0.34611923,0.3799261,0.3691639,0.5119652
0.23688473,0.36535862,0.25053015,0.35037452,0.37515628,0.36893284,0.5256016
0.29267415,0.3522385,0.23528373,0.3435672,0.37562782,0.36841163,0.5482853
0.3232113,0.3423222,0.18091461,0.32903263,0.41298383,0.36795974,0.53464144
0.22479653,0.36226285,0.20132671,0.32740396,0.4105926,0.36945984,0.5206996
0.25628874,0.36701593,0.17705837,0.33165097,0.4094463,0.3753777,0.54100895
0.24384606,0.37350217,0.1887556,0.33469075,0.39863378,0.37208593,0.49512613
0.22142896,0.36260393,0.16798303,0.34252197,0.39398813,0.3680378,0.5052356
0.25348604,0.3648479,0.18872584,0.3272476,0.38953158,0.36710083,0.51114243
0.23158969,0.33446372,0.21347645,0.34054363,0.38566357,0.36843127,0.48719496
0.26361012,0.34217107,0.2423267,0.3148513,0.38328096,0.36535907,0.5091795
0.2912795,0.3382809,0.25028744,0.31699327,0.37311205,0.3617218,0.5153775
0.27378243,0.33951703,0.2754408,0.3145105,0.37720484,0.36449435,0.51738405
0.3198095,0.33450568,0.27058032,0.31334904,0.37624577,0.36376432,0.501264
0.32194287,0.32439053,0.31681916,0.316215,0.37639552,0.36314502,0.51019245
0.3618724,0.32966983,0.35113475,0.34284425,0.3789751,0.36344746,0.50078344
0.40289408,0.3391444,0.40999287,0.3278074,0.37903503,0.3636728,0.5112125
0.4439286,0.33318156,0.3526152,0.32845256,0.38005975,0.363205,0.50580066
0.47297683,0.33297324,0.3299021,0.33162466,0.38038102,0.3631156,0.52221656
0.37891936,0.33365643,0.35775045,0.34932846,0.38332728,0.3601856,0.51997113
0.3770085,0.36303648,0.37290743,0.33852777,0.38867414,0.36151862,0.5170072
0.39685738,0.3753954,0.36987785,0.3468005,0.39324188,0.36445126,0.5171672
0.41818228,0.3672213,0.33451584,0.34161484,0.38807434,0.36290237,0.52555513
0.383207,0.36453825,0.34656814,0.34565488,0.38991642,0.3635257,0.53408533
0.42898008,0.3595628,0.32759973,0.33917564,0.38375077,0.36467066,0.53453416
0.40428773,0.3557318,0.3470243,0.33918726,0.38098443,0.36524785,0.54383165
0.3955099,0.3632156,0.41876686,0.3569392,0.38443142,0.36411658,0.55138737
0.4305825,0.3700288,0.41458455,0.33764142,0.38905975,0.36500806,0.56225216
0.47729778,0.34810832,0.4145213,0.34440666,0.3792608,0.36794052,0.57529205
0.41445193,0.34948063,0.4070726,0.33899742,0.38338208,0.36825716,0.5733364
0.41115135,0.3455827,0.41783082,0.33002424,0.38049796,0.3661256,0.57921845
0.46488202,0.34459674,0.4744897,0.32788908,0.38368714,0.36575198,0.5774153
0.5220165,0.34825402,0.46811104,0.32778934,0.3798811,0.36723343,0.5701355
0.5042648,0.33804896,0.4230484,0.31863248,0.41392565,0.3663857,0.5596247
0.3913998,0.33564913,0.35723087,0.31749725,0.4063299,0.367847,0.5695571
0.3776118,0.35260865,0.3452605,0.33042046,0.39881718,0.36696535,0.5705231
0.40114415,0.35428187,0.3478799,0.3364564,0.40082034,0.36798826,0.55304205
0.38090393,0.3651272,0.35361862,0.3671826,0.39075068,0.36250752,0.5728938
0.37966055,0.37344313,0.3510164,0.35452667,0.3874877,0.3605984,0.57488346
0.37733194,0.39366725,0.3960073,0.36743605,0.39257967,0.366006,0.5831688
0.4036632,0.37463346,0.35707584,0.35469168,0.38348848,0.3651902,0.5660083
0.40345392,0.37937474,0.35506135,0.33514857,0.38036752,0.3669156,0.58034533
0.38866612,0.35716847,0.3318234,0.3408794,0.38248885,0.36646107,0.59369713
0.23945358,0.37973332,0.32327828,0.3534989,0.38357958,0.3684149,0.5910551
0.27269194,0.37733144,0.29613858,0.37201902,0.3829789,0.37135753,0.5916916
0.30426702,0.37223002,0.30767497,0.35092574,0.38515696,0.37269798,0.60170454
0.3379165,0.35573205,0.27306467,0.34759218,0.39510894,0.37128744,0.602013
0.30371642,0.35318157,0.29107895,0.3569327,0.393317,0.3677709,0.6099677
0.2986187,0.35872012,0.33902737,0.3427279,0.3826451,0.36995804,0.609805
0.38250116,0.3472549,0.34630883,0.33403736,0.3839541,0.36986998,0.598613
0.44304144,0.35869095,0.34553337,0.3350027,0.3857637,0.36748195,0.5917267
0.37453943,0.35542628,0.343846,0.33176687,0.3877098,0.3663039,0.59352773
0.4079432,0.3604903,0.35700268,0.31560373,0.38709402,0.3661689,0.6089921
0.40213963,0.34246105,0.38351265,0.32939628,0.38765743,0.3670385,0.6251454
0.47479883,0.33810282,0.39803177,0.32664594,0.38635126,0.3663031,0.6171846
0.48577425,0.34063417,0.39249182,0.3354563,0.38129362,0.36710674,0.5738158
0.44519752,0.36786377,0.39625648,0.32855636,0.3731807,0.365963,0.57183987
0.4651245,0.36137727,0.45524782,0.34535366,0.37857231,0.36363924,0.58344674
0.5393198,0.35659155,0.4666047,0.33832717,0.37686938,0.36363113,0.5849299
0.49440682,0.3463688,0.44266158,0.3349181,0.37670594,0.36261192,0.5760741
0.47543278,0.3579029,0.4500424,0.34316105,0.37603658,0.36640662,0.5800813
0.4735713,0.36365622,0.4850111,0.33031198,0.37669963,0.3625892,0.561731
0.5150793,0.36497188,0.48120248,0.3374269,0.3845007,0.3638351,0.5621824
0.55956787,0.34723765,0.466078,0.34627005,0.38624424,0.3648785,0.5427164
0.4887158,0.3633757,0.4780935,0.333412,0.39242673,0.36400285,0.5555623
0.54240936,0.35111916,0.4770227,0.32110435,0.3879015,0.36668742,0.5487998
0.5018493,0.3504284,0.4840213,0.32238364,0.3828184,0.36802194,0.54380345
0.5100803,0.34993082,0.38337594,0.31421843,0.38735142,0.36600414,0.53621984
0.4318816,0.3378908,0.30508885,0.32484016,0.38555327,0.37037772,0.5650521
0.3401484,0.34736162,0.31338334,0.33040234,0.3800475,0.36814883,0.5582111
0.35448208,0.37587038,0.30965468,0.32928696,0.37863004,0.36510935,0.56436867
0.34123415,0.377027,0.33319426,0.3254786,0.37448928,0.3659444,0.55282843
0.3889817,0.35245708,0.33927336,0.33860958,0.38624328,0.3642196,0.5483809
0.3915154,0.37020394,0.34856316,0.33752772,0.37609056,0.36646152,0.54581195
0.3972185,0.3632634,0.23892713,0.33993006,0.37677088,0.36836603,0.55099595
0.29991814,0.36719534,0.25467166,0.34064376,0.3725356,0.36796868,0.56108606
0.2940414,0.35816383,0.2774662,0.3647997,0.37924695,0.36761186,0.56112736
0.31146854,0.3675932,0.35234904,0.35614276,0.38380724,0.36733434,0.5504577
0.37629023,0.35561207,0.34623125,0.3366328,0.3888221,0.36636984,0.5513662
0.37425673,0.3472423,0.36614922,0.32860056,0.39151093,0.36628178,0.5592881
0.33257908,0.35267422,0.2512195,0.32840216,0.38842756,0.36590236,0.5363378
0.34734905,0.35081643,0.30704626,0.32951415,0.3854159,0.36500013,0.55222577
0.21937507,0.3807231,0.3231017,0.3366948,0.3845595,0.37056673,0.5482293
0.37622407,0.36579004,0.32236683,0.34811372,0.37834737,0.3706021,0.54428893
0.34386086,0.35585693,0.33989766,0.3362449,0.37797454,0.37286088,0.56896293
0.4004414,0.3546428,0.36688602,0.3456035,0.38594735,0.37102646,0.57253283
0.397903,0.3528841,0.40059233,0.3324044,0.397886,0.36707962,0.57406425
0.43379977,0.34786025,0.42710364,0.312241,0.39758724,0.36894056,0.56607777
0.48855287,0.34464505,0.42929906,0.32069814,0.39793983,0.36520642,0.55041647
0.47289744,0.3414218,0.42645782,0.33131862,0.40569445,0.36505535,0.53532743
0.48491266,0.3594932,0.4482424,0.32337394,0.40428308,0.3640252,0.5453159
0.33772182,0.34960738,0.40316892,0.3244116,0.3935754,0.36614522,0.55205745
0.42704487,0.35010964,0.3848378,0.32558623,0.38346753,0.36533657,0.54660517
0.43376634,0.34575474,0.3984331,0.33788148,0.38351765,0.36481503,0.53177005
0.43196794,0.35055962,0.4117986,0.32991046,0.38908952,0.36603186,0.5263189
0.44195393,0.36634317,0.4582541,0.32577392,0.3956256,0.3672004,0.47419572
0.4943587,0.34935996,0.46176377,0.34127864,0.39442688,0.37170035,0.47688052
0.49759418,0.36070356,0.36667055,0.3407839,0.3940507,0.3670161,0.49168175
0.32320818,0.36834165,0.33873615,0.33880037,0.39078724,0.36672747,0.49749994
0.3484115,0.35576096,0.18563291,0.34874305,0.38660485,0.36756703,0.5255977
0.28194857,0.35374242,0.24136198,0.34836808,0.3809205,0.366575,0.5331554
0.26064125,0.37409765,0.2259217,0.34369043,0.3850402,0.3685744,0.50236976
0.2656865,0.37902007,0.20459124,0.33596668,0.39261967,0.3669735,0.49793252
0.24298267,0.35931873,0.24822816,0.35540733,0.3927104,0.36655214,0.5066028
0.26809713,0.3679744,0.25816298,0.34040657,0.390528,0.36792853,0.5311992
0.30835527,0.37252155,0.28691152,0.34297612,0.3860762,0.36735374,0.5371175
0.3591142,0.35711434,0.31555957,0.3362713,0.38955688,0.37198654,0.542286
0.36022586,0.36285776,0.34822002,0.34211063,0.3913719,0.3705076,0.5492362
0.30974537,0.35972303,0.354884,0.3457567,0.39679053,0.3692208,0.5552586
0.4709176,0.3587063,0.33520237,0.3419714,0.39332235,0.36698002,0.5442244
0.38568443,0.33884075,0.29111373,0.34053528,0.3922981,0.36646518,0.5522639
0.36119217,0.3454413,0.30492517,0.3343034,0.36891612,0.36232737,0.554848
0.3435236,0.39483768,0.2821725,0.35310808,0.37196833,0.3627768,0.56793493
0.34681678,0.37841025,0.34930825,0.3778736,0.39441726,0.3677466,0.5590737
0.40740278,0.37546682,0.3532572,0.3514204,0.39541683,0.36666185,0.5785887
0.37620112,0.35685638,0.34918123,0.35452792,0.38933203,0.36872342,0.5781101
0.38238192,0.35331002,0.36710864,0.3320816,0.38216412,0.36770156,0.5690666
0.4030499,0.3397992,0.35505792,0.32926738,0.38739428,0.3661695,0.58509535
0.39675668,0.34745014,0.32909226,0.32324353,0.38431555,0.36585,0.57984
0.3729479,0.35716295,0.36372548,0.3386222,0.38286597,0.36532253,0.57926863
0.41248977,0.35624638,0.36724782,0.343903,0.39201453,0.36510926,0.6057667
0.39444003,0.34098852,0.35495815,0.33365753,0.38549757,0.36442477,0.5991112
0.3762031,0.3472651,0.3647742,0.33354896,0.39146852,0.36404276,0.5916408
0.40497425,0.36575142,0.43613952,0.33976665,0.3890281,0.36488757,0.58240575
0.46348092,0.3560369,0.51264435,0.3382898,0.38299623,0.36479187,0.57711154
0.6135733,0.33998775,0.5051201,0.34934214,0.3830428,0.36574078,0.5692001
0.52599514,0.33021292,0.45937893,0.3331535,0.3852464,0.36627668,0.57150793
0.48644555,0.36495745,0.3047601,0.33162805,0.38522443,0.36601034,0.56759983
0.3513678,0.37444994,0.30411255,0.33992705,0.38945228,0.36358097,0.56938106
0.35733798,0.36426598,0.31499052,0.36096728,0.42126468,0.3695757,0.56406695
0.3938444,0.35989496,0.32220706,0.34439588,0.41249385,0.37146458,0.5761821
0.38264135,0.39034837,0.38761908,0.33220133,0.4042739,0.37120724,0.5875631
0.4272817,0.36520255,0.38198328,0.34572852,0.40831596,0.3739957,0.5860427
0.45618874,0.35409153,0.3768255,0.3464732,0.40548217,0.37430295,0.5898819
0.4505499,0.36334196,0.3621359,0.33510116,0.39800793,0.37359437,0.5900408
0.4354655,0.36700028,0.4388638,0.36744073,0.40046677,0.36987856,0.577358
0.33983546,0.38339296,0.3927614,0.34171554,0.40282926,0.36536688,0.57829535
0.5219172,0.35976255,0.42220333,0.35562336,0.40268812,0.36446875,0.58738637
0.5002041,0.35374424,0.3976438,0.3398063,0.39365086,0.36690444,0.5779913
0.4630313,0.36785567,0.36145148,0.34504488,0.38922623,0.3667445,0.5799578
0.4331859,0.35666922,0.35977238,0.3417646,0.38501874,0.366102,0.5673859
0.3691031,0.35801223,0.2578861,0.36855385,0.37534162,0.3646911,0.5529547
0.2043896,0.3782855,0.28170383,0.34585467,0.38062707,0.3640014,0.57176816
0.31913447,0.36449608,0.29983982,0.33954665,0.38045162,0.36550766,0.5594728
0.32894647,0.34871876,0.32712772,0.31889,0.38252324,0.3626821,0.55982214
0.22958589,0.34656227,0.3578436,0.34427294,0.38538843,0.36307597,0.5546685
0.30291024,0.34809262,0.36211526,0.3429161,0.38569134,0.36470923,0.49875155
0.37810194,0.34929818,0.39974767,0.30035374,0.38467592,0.36381632,0.5027555
0.41904014,0.34474495,0.48486382,0.30946672,0.3858356,0.36382028,0.50360954
0.5033914,0.34040114,0.3936783,0.31457958,0.39169633,0.364166,0.5113629
0.43888202,0.35067874,0.44947013,0.31806645,0.3887809,0.36497155,0.50996226
0.56623757,0.34758735,0.46218035,0.3267323,0.3876289,0.36779967,0.5227487
0.5053935,0.36910504,0.46670336,0.32103693,0.38111266,0.36980602,0.5195817
0.46350443,0.37141523,0.46758804,0.35004404,0.38451204,0.37017405,0.51301855
0.52081996,0.38006037,0.46892676,0.35434347,0.38619933,0.37222856,0.5060453
0.50842273,0.36741415,0.46472505,0.3419469,0.39174595,0.3709522,0.49782804
0.36875588,0.36610684,0.4318799,0.34532627,0.39192027,0.36895147,0.5035142
0.47105595,0.3924357,0.51557934,0.360738,0.39262134,0.36745942,0.5269477
0.51814973,0.38157517,0.49848548,0.3580345,0.387948,0.3670253,0.5244283
0.51250726,0.37104714,0.4259174,0.3516217,0.40216988,0.3693907,0.5293541
0.4182697,0.37395206,0.45264116,0.32978925,0.40169135,0.36760825,0.51485604
0.52911,0.3616059,0.4147055,0.3354213,0.39272386,0.36995837,0.50157243
0.45358935,0.36453962,0.39341393,0.33573344,0.3884916,0.3688072,0.520324
0.2932238,0.3703014,0.2684371,0.3425122,0.3928849,0.36794338,0.5380422
0.31231314,0.35862085,0.23990676,0.35943174,0.38777167,0.36666438,0.56649363
0.27140123,0.36101148,0.27922598,0.34163594,0.38272136,0.36491424,0.60767496
0.35469183,0.34844828,0.29407865,0.33689845,0.38425857,0.36773428,0.6030342
0.33700702,0.345098,0.31251702,0.33249828,0.38597125,0.36554042,0.6049708
0.26960886,0.33644667,0.32772177,0.3243841,0.380495,0.36823976,0.617492
0.39035025,0.34455016,0.34419063,0.34678608,0.37727064,0.36550388,0.60834306
0.33346826,0.34653112,0.44605148,0.35195524,0.38581592,0.36511612,0.60869265
0.5252537,0.36772808,0.42918262,0.32944974,0.38786528,0.36506227,0.5930879
0.34808093,0.36341175,0.44580078,0.3348976,0.38555086,0.37112156,0.5863318
0.49122766,0.36098343,0.44977567,0.32281658,0.40332806,0.37123057,0.58177346
0.4626245,0.32778397,0.44311854,0.3287526,0.40060347,0.3696014,0.5838831
0.44760758,0.33600137,0.44229308,0.34765026,0.39140257,0.36694542,0.5913903
0.51454216,0.34467685,0.39384764,0.31679234,0.39135903,0.36589742,0.5729858
0.44722286,0.33371872,0.3567237,0.3191486,0.3877768,0.36715633,0.56956434
0.40421823,0.34850305,0.41552013,0.31716198,0.37874827,0.36548063,0.5981247
0.37076008,0.34874332,0.49162948,0.32711124,0.3815215,0.36374748,0.58671
0.5543368,0.3398364,0.49358663,0.317039,0.38362804,0.36424124,0.5784586
0.5557661,0.32760048,0.5365284,0.3176461,0.38491368,0.3636582,0.5765354
0.4919577,0.3517539,0.49367934,0.3254116,0.38994193,0.36900184,0.56577814
0.55578923,0.3563216,0.5017329,0.31723827,0.3883756,0.36819404,0.55360687
0.53219014,0.32882434,0.49941826,0.32601032,0.38600767,0.36781684,0.5549478
0.5072821,0.3479986,0.4736593,0.32473204,0.38757744,0.3686092,0.53761756
0.524905,0.34293815,0.5110552,0.33784795,0.3907917,0.36867702,0.53292584
0.52825415,0.36574754,0.5496824,0.30998138,0.3865311,0.37017882,0.53276664
0.5813207,0.34633332,0.5471721,0.3251926,0.38786522,0.36742896,0.5295587
0.58405167,0.33447367,0.6525332,0.32882684,0.39167213,0.3666715,0.5288734
0.67916864,0.33700824,0.6512364,0.31488776,0.38848293,0.36630636,0.5159541
0.68995655,0.33981863,0.6198946,0.31387952,0.38291448,0.36534098,0.5058848
0.6717867,0.35322407,0.613729,0.34225133,0.377941,0.36348534,0.48702642
0.62974995,0.34913048,0.5992918,0.34039602,0.37721974,0.3660474,0.47936577
0.6248555,0.35695168,0.6180533,0.32992488,0.3798172,0.36695138,0.4651307
0.6042824,0.35592026,0.64579695,0.33922163,0.37797484,0.36725602,0.4591215
0.6653226,0.3602388,0.62660563,0.33207992,0.38223064,0.3665824,0.44907966
0.6491224,0.3764938,0.56615865,0.35454148,0.37951735,0.36743146,0.4638771
0.5515519,0.39311662,0.5491563,0.34874582,0.38872045,0.36924663,0.46687812
0.5317065,0.38286778,0.57049304,0.38141045,0.39071062,0.36925742,0.51865745
0.54946536,0.39760605,0.45847893,0.3553991,0.39323866,0.36954594,0.518295
0.46201304,0.3860729,0.43982875,0.36357912,0.42463136,0.36608648,0.5345878
0.48907912,0.383031,0.41623062,0.35126853,0.41591194,0.36853808,0.53702945
0.41117424,0.38617197,0.403723,0.34221625,0.40523273,0.3664847,0.5325322
0.40924513,0.3889487,0.35210887,0.3510025,0.40112296,0.36522782,0.5205791
0.3837669,0.37236103,0.3431423,0.36050296,0.39467812,0.367481,0.5173669
0.36731264,0.40420595,0.30893344,0.35565302,0.39116383,0.36514717,0.49905643
0.31494123,0.3804798,0.37069264,0.36926916,0.40762717,0.36745605,0.5214673
0.38019425,0.3921671,0.39150587,0.35079363,0.40529338,0.36374816,0.5166935
0.27324492,0.37343013,0.327569,0.34545052,0.39226946,0.3672291,0.5019782
0.36305827,0.35565442,0.30804777,0.35050306,0.38928506,0.36866227,0.51891303
0.33724368,0.33768994,0.3423086,0.3383165,0.38890284,0.36774832,0.5358848
0.46079475,0.3343969,0.34776574,0.32938507,0.42123452,0.36883542,0.54120916
0.47292763,0.32697916,0.444668,0.31703296,0.41095427,0.36684707,0.5603525
0.4786536,0.34735915,0.4241492,0.31204224,0.3961222,0.3653363,0.5529932
0.46409938,0.32866117,0.4323479,0.3127696,0.3905469,0.36822453,0.5638778
0.5269145,0.34316418,0.43457836,0.3208401,0.39293823,0.36945474,0.5634343
0.46893066,0.34032595,0.4409689,0.32517183,0.39069802,0.3668051,0.55834955
0.5219154,0.34346998,0.45018515,0.31919917,0.3821072,0.36616793,0.56819534
0.4732138,0.33300573,0.4193184,0.3231646,0.3839163,0.36612818,0.55032384
0.46716365,0.34605402,0.417776,0.3246272,0.37743253,0.36711276,0.5615878
0.40597293,0.37147754,0.41232082,0.33146834,0.38410446,0.3687537,0.5563425
0.4432684,0.34403145,0.405211,0.34300748,0.39668015,0.36957368,0.55851054
0.45887637,0.35593238,0.4325539,0.32961893,0.39305916,0.36970434,0.55647624
0.4533356,0.35368136,0.4535036,0.36025286,0.38702992,0.37234715,0.5672225
0.44068474,0.35031635,0.44268584,0.3569719,0.38322437,0.37175494,0.5526021
0.48238093,0.35959664,0.4343836,0.35384965,0.4043049,0.36982083,0.5464644
0.47195157,0.3681478,0.4119474,0.34469873,0.40959296,0.36812714,0.5610137
0.49427933,0.36525506,0.3620753,0.34083194,0.40990362,0.36723256,0.5779753
0.39514625,0.36453035,0.34376663,0.3325297,0.40877616,0.3712741,0.58150285
0.36177605,0.35459718,0.42033684,0.33371037,0.39867434,0.37282836,0.57274693
0.5493235,0.34197667,0.4253935,0.31868076,0.38719702,0.3656108,0.5702638
0.5107994,0.32603398,0.44226047,0.32060233,0.38370603,0.3652588,0.5658163
0.4844704,0.3290491,0.44774663,0.31769463,0.3811644,0.36651242,0.5599885
0.4602629,0.34640476,0.5411078,0.323235,0.3849256,0.3653854,0.541685
0.56575394,0.3507749,0.53211254,0.32689205,0.38752905,0.36530703,0.53439623
0.59128577,0.3351109,0.51456934,0.33161876,0.3869948,0.36619172,0.53058094
0.50694156,0.3521128,0.5099125,0.32321686,0.3862076,0.36499313,0.5257783
0.53917015,0.35551757,0.4746803,0.33406228,0.3884942,0.3673996,0.5027039
0.53205776,0.3565957,0.47596154,0.3389339,0.3874484,0.36851832,0.49956968
0.52510524,0.37820283,0.47155002,0.33297113,0.39113843,0.36933523,0.5014655
0.5917848,0.3820086,0.5518378,0.34043658,0.38750276,0.37053505,0.5100437
0.5843683,0.37258425,0.52947766,0.3494112,0.3881123,0.3691978,0.5086747
0.53896856,0.37654084,0.53546745,0.3663226,0.39024496,0.36952007,0.4942783
0.54119724,0.3719396,0.52063906,0.3540603,0.39709538,0.37115127,0.509208
0.5551433,0.37774947,0.47315162,0.34950218,0.39477265,0.37173444,0.50911975
0.5509568,0.37608445,0.53572094,0.36696205,0.38993672,0.36983073,0.5018047
0.5479636,0.39056218,0.51004153,0.36832556,0.38736063,0.3682241,0.5025213
0.5028378,0.38387945,0.53050554,0.37042433,0.3917662,0.3679128,0.50736594
0.5521104,0.40108356,0.52093416,0.35179454,0.39459488,0.36751768,0.5080528
0.5184299,0.37923416,0.51885414,0.36810058,0.38393068,0.367618,0.50655335
0.5458971,0.37350294,0.47414076,0.3729781,0.3810643,0.36672848,0.52175677
0.49815655,0.3813124,0.46497408,0.3672351,0.38397825,0.36740342,0.53188956
0.4731783,0.37958845,0.5319625,0.35622767,0.38340607,0.37222797,0.5454394
0.55863017,0.3715002,0.47872618,0.3464739,0.39121684,0.37200037,0.53917253
0.46928698,0.35527596,0.47354925,0.35947976,0.38995916,0.3718102,0.54732066
0.47528666,0.35791105,0.43904907,0.34303445,0.3890004,0.37187582,0.5459072
0.43453804,0.3674045,0.4194842,0.36797383,0.39721063,0.3690198,0.56389356
0.43751776,0.38524982,0.41499647,0.34419146,0.4009127,0.36973572,0.56036925
0.29987118,0.37524214,0.3943645,0.35183695,0.4009962,0.3736255,0.5370207
0.40971008,0.3972456,0.37945995,0.34378627,0.40397862,0.37197202,0.54467267
0.43845445,0.3653948,0.3441134,0.36046386,0.37937427,0.370492,0.5592439
0.36615938,0.37502694,0.28490376,0.34461838,0.38607103,0.3686603,0.5667917
0.3398084,0.37777537,0.33510503,0.36064014,0.38593403,0.37001118,0.5391298
0.45934618,0.3907184,0.33120558,0.34187752,0.3843746,0.37096643,0.551435
0.42587695,0.3768199,0.42280653,0.35432363,0.38190487,0.3686075,0.54891753
0.46254325,0.37604073,0.3904462,0.34336105,0.38201872,0.36805716,0.5672015
0.38981968,0.35878667,0.41312283,0.3627376,0.38386416,0.37000993,0.5903474
0.4016277,0.37625182,0.4373952,0.34491357,0.38118804,0.36787668,0.55742437
0.47703522,0.36227268,0.33314943,0.34876844,0.38392442,0.36592442,0.5695605
0.2935497,0.34772012,0.33155993,0.34686887,0.38272932,0.36744383,0.57255286
0.24893424,0.37121877,0.31378353,0.3424254,0.38465592,0.3666054,0.5735346
0.38469988,0.38142705,0.17240968,0.34994042,0.37728897,0.36562726,0.56622756
0.27957135,0.34602946,0.0395564,0.36605778,0.38173413,0.36710176,0.5794092
0.10354604,0.39158267,-0.023621567,0.34554592,0.38868007,0.36765352,0.5726606
0.05023066,0.3859495,0.02855676,0.3504736,0.3899905,0.36691746,0.58221865
-0.027654424,0.35641745,0.074325226,0.3449712,0.4043912,0.3681176,0.62768275
0.14354724,0.3599162,0.11325113,0.33264533,0.39386436,0.3658273,0.6366677
0.23285298,0.34246615,0.1441353,0.33498383,0.39589536,0.36391702,0.62480503
0.21551584,0.34383988,0.145606,0.35280132,0.38977858,0.3629183,0.63061315
0.23015423,0.345913,0.20044632,0.32468987,0.38773683,0.3680066,0.6174862
0.27158126,0.35238883,0.21722522,0.34398833,0.38591003,0.36557618,0.6204033
0.27921036,0.35858804,0.19424188,0.30340642,0.39285836,0.36421993,0.6075839
0.30475572,0.33810678,0.24017596,0.31433132,0.38483888,0.36452138,0.6174861
0.36003006,0.34925476,0.1634372,0.32610422,0.38063064,0.36339208,0.59715176
0.2173624,0.33976877,0.2012246,0.3361985,0.38702038,0.36414012,0.56559867
0.25749972,0.35149878,0.22930664,0.32301825,0.38789636,0.36646405,0.5628205
0.33728576,0.3435642,0.25374314,0.32525134,0.3851026,0.36713046,0.5841052
0.3049529,0.34228268,0.31809247,0.34435636,0.3826316,0.3624156,0.58263475
0.43929616,0.33135617,0.29431677,0.32462594,0.37525997,0.3622674,0.58683336
0.25781915,0.33663264,0.16475344,0.34295258,0.3716621,0.36332017,0.5837163
0.22929998,0.36077833,0.23853955,0.34165204,0.36962885,0.361192,0.58577394
0.2720946,0.4015851,0.2644183,0.3288198,0.38158315,0.36296132,0.60042137
0.34195256,0.37822735,0.32866198,0.36419842,0.38730183,0.366792,0.59521705
0.37235916,0.37340838,0.4149595,0.34800175,0.39037403,0.3686414,0.6246677
0.45619193,0.3734432,0.41673866,0.33174166,0.39215913,0.36716312,0.63528794
0.51450366,0.3716409,0.42006972,0.33971995,0.4236114,0.36687192,0.62679684
0.46252245,0.37072518,0.40682727,0.33782426,0.41994673,0.3667516,0.62132055
0.4854978,0.3585121,0.3747159,0.3457334,0.41340363,0.36694145,0.63318664
0.42377415,0.36002588,0.3353055,0.33958444,0.4039832,0.36827403,0.6243668
0.37602338,0.35793316,0.16813064,0.3398673,0.3976345,0.3698518,0.6154915
0.23328744,0.36327526,0.16946642,0.34727222,0.40073305,0.37026018,0.6231887
0.28226668,0.37693575,0.18850061,0.33225647,0.39803073,0.36740565,0.60905874
0.2618934,0.3563471,0.20960061,0.34030253,0.40176895,0.36799276,0.6125511
0.254361,0.35636845,0.21060032,0.3338671,0.4019232,0.36686498,0.60968304
0.24899083,0.33856404,0.23300749,0.3510879,0.39817664,0.3719278,0.58760554
0.29316732,0.34975407,0.21666332,0.32481766,0.39774927,0.36681575,0.5864598
0.27381817,0.3681012,0.2876791,0.32940334,0.3971812,0.36590654,0.6178261
0.31696308,0.35564506,0.30264258,0.3424097,0.39039785,0.36303946,0.6127885
0.36926883,0.35791883,0.29309928,0.33579642,0.38733006,0.36200503,0.6067238
0.35589984,0.34448683,0.2793415,0.3340076,0.4036147,0.3597763,0.58954495
0.18383431,0.3532238,0.3047836,0.3334798,0.3991817,0.3597103,0.5875759
0.3195846,0.36502564,0.3146138,0.33195376,0.39497694,0.3595099,0.5687793
0.37429798,0.3490485,0.3401621,0.3476271,0.38967222,0.36154506,0.5515444
0.4700533,0.33928007,0.34694,0.33431944,0.3878545,0.36457917,0.53598917
0.3293133,0.3457705,0.35196492,0.32482314,0.36397463,0.3648981,0.5336038
0.42334205,0.35243315,0.382535,0.33062863,0.36533827,0.36335966,0.5439838
0.4442329,0.34621876,0.41722623,0.34811556,0.37091884,0.3615052,0.5226783
0.5192514,0.34955165,0.4343421,0.33315042,0.38322523,0.36123988,0.50827956
0.4642374,0.3381677,0.4493649,0.3478934,0.39134943,0.36337996,0.5085551
0.502041,0.37052232,0.45333654,0.3341204,0.38627714,0.36320236,0.49789605
0.5089275,0.35299328,0.43224034,0.3400484,0.38294876,0.36235636,0.4923967
0.5343931,0.38157725,0.45607805,0.3319072,0.38207373,0.36246094,0.510414
0.47370654,0.3713611,0.4476102,0.35232696,0.38005075,0.36409235,0.52563655
0.44857213,0.35574484,0.43890423,0.35672328,0.38172203,0.36282337,0.54016817
0.46585977,0.35625887,0.38391423,0.34784272,0.40109313,0.36460727,0.5405716
0.41826418,0.3755901,0.39241347,0.3231211,0.39293382,0.36746308,0.5344655
0.4018148,0.36246148,0.39793304,0.32995862,0.39322305,0.3672246,0.5404724
0.42352578,0.35499105,0.44864967,0.33201534,0.39106283,0.36564144,0.5386952
0.45003444,0.34900805,0.38778794,0.32626837,0.38825428,0.367639,0.5516163
0.4266305,0.3702965,0.41480193,0.3256026,0.4019623,0.36633757,0.5182419
0.44895956,0.35783675,0.36520368,0.3461159,0.40007484,0.36670843,0.49922144
0.40784666,0.36990738,0.35511035,0.34150666,0.39213106,0.36691123,0.51673967
0.47002077,0.41065538,0.35420653,0.34793425,0.3874988,0.36935145,0.4976678
0.3808609,0.37345475,0.32569265,0.3324481,0.39758217,0.3694041,0.50849956
0.38033277,0.36901125,0.34404904,0.3314881,0.39384758,0.3684254,0.5121572
0.35112467,0.35563263,0.35527968,0.349678,0.38201788,0.37087384,0.53083855
0.2982854,0.36968696,0.3515611,0.3316683,0.38182664,0.37607956,0.5401745
0.4188749,0.35401243,0.36174873,0.3433179,0.37955147,0.37342507,0.51185954
0.40407878,0.35499272,0.3350308,0.3238567,0.3843771,0.37079173,0.5123421
0.38875434,0.353974,0.32487684,0.3282359,0.38827378,0.367694,0.5197282
0.33788708,0.3430502,0.3441215,0.3406348,0.3936174,0.37399656,0.53674424
0.3584498,0.3447483,0.34058368,0.3228725,0.39111847,0.37280142,0.52609146
0.421526,0.35623223,0.31881988,0.32825077,0.38841164,0.3739861,0.5401499
0.34793654,0.34629163,0.2272294,0.3351574,0.39472017,0.37173057,0.5482616
0.27172264,0.3794946,0.24945424,0.32788008,0.39265165,0.3696191,0.55477744
0.22499216,0.36117664,0.21186872,0.337143,0.39193,0.36825764,0.5597162
0.28925416,0.3520741,0.23535411,0.34843296,0.3874647,0.36821964,0.56048113
0.3184968,0.3450751,0.23292819,0.3300471,0.39415824,0.36637223,0.54484326
0.30378172,0.37662637,0.15919197,0.34314474,0.38850236,0.36573842,0.544346
0.18197125,0.35648054,0.19294608,0.33853218,0.38850287,0.36553413,0.51887894
0.29614946,0.35799727,0.062483326,0.33566296,0.38495559,0.3646995,0.5227577
0.17425603,0.37078086,0.09115939,0.34511742,0.3814386,0.36682534,0.5302623
0.14646815,0.37962708,0.1161956,0.335288,0.36079738,0.36823076,0.5556031
0.18809101,0.3714515,0.18859205,0.3501763,0.3666942,0.36488354,0.5628573
0.23513147,0.38448083,0.23839748,0.36198193,0.3753416,0.36746445,0.5691571
0.2888111,0.36765134,0.2593772,0.35074657,0.38511142,0.37236348,0.5703509
0.3006927,0.35228175,0.26730847,0.34479475,0.3876709,0.368037,0.584743
0.33932498,0.35071054,0.24042514,0.34361088,0.39111096,0.36980787,0.59406507
0.28376916,0.35164708,0.15580995,0.33318484,0.39143035,0.36924377,0.59155846
0.23232366,0.35104915,0.19410023,0.33383262,0.39781895,0.3686669,0.594176
0.2468208,0.340883,0.26314002,0.33129117,0.40054548,0.36746228,0.59827894
0.3357676,0.3384715,0.2849901,0.31548333,0.4049201,0.36793235,0.59625703
0.34612477,0.33549777,0.19637717,0.31027707,0.40033117,0.36613968,0.56162673
0.27901527,0.34101963,0.20474753,0.32246348,0.39872074,0.36506197,0.5584695
0.2554402,0.32529235,0.21195625,0.31867483,0.3913698,0.36668342,0.5659405
0.37145573,0.3237466,0.20149052,0.30812123,0.38460782,0.36525783,0.54659975
0.2501178,0.3133332,0.21027973,0.3180983,0.3812536,0.3678834,0.5360438
0.2607183,0.35789755,0.2209525,0.31328204,0.37343702,0.36715725,0.55335104
0.29039308,0.3589271,0.2807217,0.32519853,0.38448012,0.3663266,0.5611245
0.25437874,0.3639073,0.35351598,0.33178163,0.38641167,0.3675509,0.5688173
0.3949039,0.3525993,0.3774306,0.32736143,0.387859,0.37085328,0.5618302
0.39326042,0.37436876,0.37482208,0.32200694,0.38254547,0.37355846,0.54874325
0.45130417,0.34747556,0.39132148,0.35078844,0.3821612,0.3706654,0.5622905
0.42295852,0.3653294,0.47499895,0.32895622,0.38272408,0.3662803,0.57244366
0.6073905,0.36787316,0.48640808,0.35221052,0.3899987,0.36873898,0.59288245
0.48845145,0.35559416,0.4791148,0.3413221,0.39100453,0.36867788,0.5793616
0.50116664,0.381325,0.4872964,0.3281639,0.39166117,0.3668765,0.59315336
0.52820045,0.3593611,0.49389172,0.3391833,0.39162746,0.36995545,0.57597965
0.5349744,0.35313275,0.50572443,0.3342868,0.3897838,0.37052953,0.56715685
0.5052125,0.36426684,0.47741637,0.32878077,0.38176364,0.37115327,0.56315035
0.49428663,0.3481675,0.35519177,0.3376436,0.3808551,0.36861873,0.5717688
0.40288073,0.34934857,0.3499267,0.3447577,0.38737544,0.3671916,0.5810268
0.43792975,0.36209035,0.26058164,0.3365418,0.39219183,0.3667972,0.5815277
0.30079147,0.35864228,0.28672415,0.32342663,0.40612254,0.36276692,0.5760286
0.26548725,0.37895358,0.3027433,0.3358292,0.39949885,0.3635431,0.59113777
0.34922382,0.35915062,0.14714018,0.34425557,0.4034373,0.36353955,0.5949275
0.2220372,0.35578382,0.10832244,0.323,0.39479932,0.36403015,0.6003791
0.14211941,0.36354154,0.056214176,0.32745457,0.38083416,0.36526716,0.58734244
0.16009775,0.35602722,0.10304438,0.35652533,0.3770491,0.36669138,0.5891297
0.2739284,0.34548473,0.13161887,0.34369648,0.3763321,0.36878815,0.59156907
0.20546402,0.35377017,0.13550209,0.3242178,0.37941507,0.36756817,0.59111583
0.22118379,0.34889665,0.20814204,0.33367503,0.37977353,0.36931804,0.60723823
0.36263663,0.35582593,0.22621699,0.35891038,0.37730914,0.3678392,0.5534534
0.31793216,0.36483446,0.22162744,0.3445021,0.38835016,0.36624333,0.54736316
0.26976034,0.368234,0.31324467,0.34086233,0.38671485,0.36502546,0.54934
0.34351426,0.36218628,0.33913192,0.33882585,0.39133477,0.36482278,0.55644083
0.36962855,0.3343967,0.32298484,0.32895005,0.36838317,0.3633441,0.5623136
0.35943413,0.34258813,0.33751684,0.32159317,0.3816162,0.36224523,0.55990523
0.36747164,0.34880716,0.41581404,0.33621514,0.38757724,0.36364812,0.5521813
0.43563145,0.34847027,0.40805703,0.32871088,0.36515537,0.36662304,0.5802974
0.44698033,0.34645414,0.31277257,0.34389284,0.3695983,0.36903447,0.56031525
0.33725354,0.35210785,0.30604756,0.32987416,0.37850448,0.3675511,0.5808305
0.38497645,0.34723756,0.34640837,0.32654142,0.3849113,0.36607876,0.56056654
0.4234853,0.35655704,0.334571,0.33765918,0.38678873,0.36251408,0.5595518
0.38769883,0.35732782,0.33500734,0.3258524,0.38724226,0.3638414,0.60293496
0.39102376,0.35171354,0.33282506,0.34423155,0.38576293,0.36433953,0.5978096
0.39187628,0.36628738,0.35951307,0.34176576,0.3774519,0.3643372,0.6033137
0.3978004,0.36297777,0.38337055,0.3232178,0.3733457,0.36466902,0.5986924
0.40282953,0.3537714,0.41974175,0.35604674,0.38025084,0.36700022,0.5773519
0.4793656,0.34874153,0.4536293,0.33379638,0.37927565,0.3705529,0.562562
0.47895545,0.35150355,0.42992544,0.3367521,0.38225624,0.36862376,0.55631816
0.47624344,0.3646698,0.43671978,0.33197483,0.38727304,0.37063116,0.5545454
0.45009384,0.36441174,0.4088199,0.35201588,0.3969857,0.36875334,0.56376195
0.42242327,0.36666358,0.41150486,0.34055024,0.39813468,0.36854893,0.55174077
0.4763444,0.36261946,0.37484196,0.36847392,0.4000141,0.37157512,0.569076
0.4005266,0.35714987,0.3398075,0.34061584,0.39434326,0.3686466,0.57039195
0.40713248,0.378067,0.4018514,0.30760244,0.3999398,0.36613643,0.5705221
0.45115763,0.34310538,0.39585412,0.34343538,0.3951087,0.36788967,0.56282645
0.42944902,0.3739078,0.33665276,0.32412416,0.386052,0.364475,0.54676116
0.35826853,0.3607914,0.3298762,0.34306726,0.383057,0.36547276,0.5691374
0.35198545,0.36562917,0.38463485,0.3312717,0.3780122,0.36441445,0.56861633
0.43017852,0.34554073,0.43377116,0.32114998,0.3811429,0.36989787,0.5800498
0.35295612,0.34835318,0.40072235,0.31905064,0.3832315,0.36770198,0.57508004
0.43094066,0.3510925,0.42326784,0.32780647,0.38083225,0.36750215,0.57372415
0.4707449,0.33707696,0.41218573,0.3596756,0.3804417,0.36854997,0.53926945
0.43425974,0.34110126,0.39686206,0.33215916,0.38182923,0.3650525,0.55260223
0.42735812,0.35043752,0.4049634,0.32612547,0.39041147,0.36435905,0.57191133
0.41360956,0.35239032,0.43770194,0.3249675,0.37997195,0.364684,0.57392544
0.44696754,0.3488901,0.28391474,0.34441692,0.37852508,0.3667801,0.5815664
0.32940596,0.3539273,0.2992407,0.3361482,0.37757444,0.36805066,0.58046603
0.31608856,0.36914116,0.4134382,0.33731386,0.38425148,0.3664535,0.5985687
0.44289547,0.35134003,0.42683524,0.34332108,0.3812377,0.36709478,0.601068
0.44137332,0.33525613,0.49050155,0.31716442,0.38399872,0.36728397,0.59485507
0.53679985,0.33525595,0.4168278,0.3022928,0.38229325,0.36624604,0.59293735
0.48523635,0.32868692,0.47639644,0.32127166,0.38129374,0.36914653,0.549664
0.46368605,0.34432584,0.5757098,0.30746964,0.38237774,0.36891046,0.58280635
0.6159934,0.34575248,0.59980583,0.32056862,0.3859361,0.36807024,0.5798017
0.63350815,0.34624472,0.5898652,0.32077742,0.3878143,0.36374915,0.5675335
0.5836025,0.35695848,0.58532596,0.32085446,0.3885364,0.36183897,0.56033295
0.6141928,0.35430354,0.5531352,0.36294183,0.38392666,0.36551678,0.55769706
0.5296323,0.38158253,0.5236427,0.34482405,0.3880827,0.36237746,0.54883605
0.5394418,0.40117595,0.57246834,0.35902476,0.38604048,0.36334524,0.52593046
0.48854446,0.38428274,0.5933848,0.37503088,0.38636157,0.36776376,0.5645325
0.58312744,0.38610238,0.5294828,0.35733783,0.3862373,0.36665073,0.5613901
0.59670216,0.4015259,0.4864761,0.34956422,0.3910788,0.36406344,0.5693627
0.50346994,0.3843538,0.41764006,0.3723015,0.3914853,0.36760703,0.56485337
0.36128193,0.38661763,0.3820807,0.36375,0.3956656,0.3685363,0.55509764
0.40781066,0.4114142,0.35619703,0.3593873,0.38698345,0.3652917,0.57259846
0.35196197,0.37918496,0.29695538,0.36855346,0.39077118,0.36554295,0.6163436
0.44499522,0.3893006,0.29183835,0.37133464,0.385448,0.36478963,0.60746163
0.3420746,0.38048118,0.26483828,0.36032557,0.38736957,0.36796764,0.60692143
0.29325408,0.3759783,0.24174291,0.3556923,0.38859442,0.3675837,0.6060671
0.3241324,0.37385666,0.22963023,0.34521952,0.39198142,0.36714992,0.60227984
0.28303185,0.3552422,0.27823526,0.34825307,0.3982503,0.36685959,0.5984786
0.37365726,0.34487036,0.2854122,0.33673796,0.3916669,0.36684185,0.6094448
0.3418762,0.36175382,0.26980144,0.3325438,0.38365597,0.36466014,0.655515
0.35112345,0.38053882,0.29119313,0.32844183,0.38962048,0.36642018,0.63606066
0.30913228,0.3556306,0.31819654,0.34500155,0.38426432,0.36457393,0.6466473
0.35280478,0.34778535,0.33013868,0.33419356,0.3952357,0.36485922,0.6353917
0.36275205,0.34362376,0.319049,0.31069976,0.39773914,0.36400852,0.61709714
0.36608428,0.33590165,0.33709687,0.32073918,0.4029864,0.36569226,0.6116262
0.42785683,0.31961024,0.31360778,0.32871538,0.40114897,0.3627659,0.59172505
0.3766493,0.34660012,0.32668066,0.32501882,0.39975777,0.36141777,0.5903746
0.39779258,0.31221732,0.3680561,0.32532293,0.3884517,0.36486942,0.5893807
0.4640999,0.32115698,0.4205884,0.3220973,0.3898735,0.3624048,0.5985615
0.46232188,0.2948713,0.44474736,0.307948,0.39563146,0.3648023,0.6028966
0.4799617,0.30566227,0.5060611,0.29386583,0.39151794,0.36509946,0.57895607
0.61102384,0.31427902,0.5324209,0.28738126,0.39279744,0.3646173,0.55197334
0.630912,0.32562682,0.5297949,0.30866963,0.38848877,0.36471108,0.5570694
0.5384899,0.3538863,0.5786825,0.31140018,0.3869155,0.36476284,0.5629111
0.62638384,0.34458336,0.6668246,0.34151292,0.39683577,0.36456504,0.5820154
0.6765374,0.3477528,0.6181621,0.3235453,0.39374048,0.36431575,0.55873
0.65412635,0.352384,0.5703563,0.33993393,0.3824193,0.36685637,0.54632866
0.5949233,0.36845213,0.5352441,0.34000486,0.37801147,0.36791176,0.5429588
0.53961897,0.37843534,0.5415873,0.34551987,0.38077775,0.36753598,0.5553101
0.57149184,0.3720196,0.5800112,0.352774,0.3810682,0.36831233,0.54876673
0.5834883,0.37307975,0.6093741,0.35516128,0.38390198,0.36587408,0.5561743
0.6289916,0.40433273,0.5829151,0.33972427,0.38934132,0.3666917,0.5507216
0.65715307,0.39090312,0.54409295,0.3470573,0.38837367,0.36822984,0.54251105
0.5470055,0.37796256,0.5850344,0.34974805,0.3919294,0.3673706,0.5441001
0.6351778,0.37701523,0.53947186,0.3427523,0.39780375,0.36594447,0.55401105
0.5502162,0.4002347,0.5204341,0.35009336,0.39762625,0.36665633,0.5864026
0.5377414,0.37813598,0.44608033,0.35145327,0.39157307,0.36531615,0.5797416
0.524519,0.3751474,0.4518267,0.35275626,0.38597202,0.3679641,0.5758207
0.47975168,0.36484727,0.48582786,0.34367675,0.38525677,0.36734548,0.6148434
0.52506596,0.36696824,0.4791771,0.3419996,0.3845399,0.3697486,0.57611483
0.48200038,0.3509996,0.53688353,0.33710596,0.38568166,0.36500144,0.56379414
0.5705723,0.36721358,0.52716917,0.34145352,0.38811168,0.36585662,0.5564309
0.51597923,0.35940546,0.4962999,0.33679086,0.37866935,0.36750713,0.5569192
0.5095887,0.34942275,0.5132331,0.3438747,0.37678164,0.36771423,0.55339
0.5504828,0.37173367,0.49205372,0.34708306,0.4128632,0.36863464,0.5481723
0.5452425,0.3588693,0.44250742,0.34362498,0.3971686,0.36600927,0.5336177
0.4773528,0.36626443,0.400573,0.33411878,0.38216224,0.3668871,0.532037
0.43629578,0.3743504,0.40607294,0.3379182,0.37923154,0.36774534,0.53080344
0.43785557,0.35544175,0.39813778,0.35538006,0.37813276,0.36945918,0.5297254
0.45830745,0.36051086,0.3945951,0.34862676,0.37591836,0.36604005,0.5759336
0.40505865,0.36460668,0.40417168,0.32785985,0.37891737,0.36794764,0.5438325
0.434905,0.36957467,0.37688908,0.33421385,0.36060244,0.36924633,0.5505915
0.40089256,0.37462616,0.3873591,0.3512867,0.36522424,0.36769435,0.5654071
0.3992489,0.3516468,0.37193394,0.3598981,0.37699077,0.3672475,0.5508443
0.4318363,0.3832928,0.27845305,0.34270293,0.37939715,0.36706942,0.5522905
0.35912243,0.37200046,0.3259118,0.34867644,0.3762197,0.36650276,0.56798863
0.3466727,0.3631346,0.35004684,0.34247646,0.37539312,0.3710131,0.56373185
0.36481348,0.37535605,0.34985444,0.34124973,0.37633094,0.3702154,0.5755689
0.40794063,0.36611763,0.347279,0.34539306,0.38068208,0.37053698,0.54522127
0.4594624,0.35008073,0.42516315,0.34989172,0.37964216,0.37055027,0.54742104
0.42472294,0.3538083,0.3902168,0.33081824,0.37899536,0.36499947,0.5451473
0.42735305,0.34771463,0.42268366,0.3393952,0.38578466,0.3650757,0.5457815
0.44504738,0.37476894,0.2737933,0.34559157,0.38727796,0.3631558,0.5501524
0.3452766,0.3692901,0.26990554,0.3428295,0.38429996,0.367672,0.5501306
0.29175073,0.3713264,0.24038526,0.34243172,0.38048214,0.36962074,0.55741704
0.36766475,0.3654576,0.2744724,0.34345427,0.38337377,0.36668926,0.56738687
0.2761378,0.35987324,0.29062375,0.35932317,0.38695487,0.36671764,0.5700614
0.3433063,0.35440382,0.3320572,0.34209907,0.39692882,0.36698133,0.5208538
0.41018668,0.3428434,0.34774545,0.33151153,0.39383233,0.36651337,0.5227332
0.39486048,0.3404199,0.2772704,0.32645026,0.38937044,0.366384,0.48772517
0.36412245,0.346979,0.25203544,0.33141991,0.3837691,0.36582258,0.48582846
0.33642003,0.33734706,0.28076443,0.34660482,0.3924256,0.36549062,0.49890956
0.28973642,0.34935713,0.13999438,0.3088937,0.39177087,0.36371177,0.505132
0.21905307,0.33230346,0.2662355,0.32357994,0.39075103,0.36182985,0.5285574
0.33138943,0.33513528,0.33742294,0.31274295,0.3950302,0.36347842,0.55918026
0.38796118,0.33120826,0.40591982,0.33069885,0.3917312,0.36468282,0.5479547
0.4066107,0.3246507,0.40817854,0.34558535,0.38611352,0.3606743,0.5593298
0.43932304,0.32950398,0.29679382,0.32651109,0.38564062,0.36289826,0.5583343
0.34451234,0.35461268,0.32725295,0.34642354,0.38419446,0.36346233,0.55436975
0.28929472,0.3835548,0.30108768,0.3337313,0.38435176,0.36163723,0.57197267
0.35433957,0.39959756,0.31679904,0.3421446,0.3789723,0.3634966,0.56999415
0.2991306,0.36876076,0.3478414,0.3584639,0.38110757,0.36596596,0.57996863
0.33688784,0.3606,0.37747154,0.36432463,0.37712154,0.3662801,0.5775715
0.37053964,0.3769254,0.33949515,0.34557164,0.37481424,0.36893827,0.5690201
0.3609991,0.35151613,0.40274125,0.3503291,0.37914938,0.37142742,0.5687964
0.42282242,0.3659632,0.4112414,0.3243997,0.37797624,0.36792585,0.58544457
0.4614082,0.33925486,0.41324145,0.3214539,0.3853438,0.36564246,0.6268488
0.4610694,0.3378814,0.43496338,0.32169423,0.38723302,0.36469987,0.6173214
0.50760716,0.3367388,0.45344886,0.3247985,0.38781622,0.3640356,0.6095576
0.46215665,0.3469008,0.45169494,0.3294105,0.3880852,0.36414984,0.60026026
0.49000388,0.34891745,0.4533352,0.32002273,0.38796866,0.36630884,0.60635436
0.40313938,0.35610497,0.50865996,0.34387198,0.38817677,0.3645872,0.5966657
0.51893353,0.36865243,0.5031496,0.31910574,0.38696373,0.36390808,0.5756875
0.44613057,0.35116455,0.504275,0.33254936,0.38787866,0.3652864,0.5731964
0.47469762,0.4003697,0.50564694,0.34687108,0.3935882,0.36522985,0.5650873
0.6035673,0.38598856,0.48801252,0.35521418,0.4096744,0.36496723,0.5655059
0.51226056,0.36965472,0.4562424,0.3466502,0.39961678,0.36583364,0.5600739
0.50025326,0.37060243,0.4300853,0.35428506,0.3866412,0.37328508,0.55790097
0.45458102,0.35870498,0.37508398,0.355003,0.4027981,0.371036,0.5572379
0.45800585,0.3672937,0.45498735,0.3471038,0.4085895,0.374665,0.5897283
0.4695365,0.3656647,0.40005454,0.32909673,0.40343472,0.37198883,0.614848
0.41313466,0.361495,0.3549453,0.35321054,0.39896846,0.37068784,0.6031591
0.36905214,0.38179487,0.3381208,0.33794168,0.39299947,0.36815035,0.6032458
0.38479662,0.37272346,0.31948066,0.35081363,0.38268566,0.36975592,0.60916215
0.38955244,0.36135405,0.29859495,0.34597167,0.38456258,0.36728567,0.61870664
0.39006743,0.36873618,0.28122553,0.33551994,0.38329196,0.36509287,0.631944
0.31644756,0.35080507,0.2736843,0.36227086,0.38803998,0.36795536,0.63370866
0.30731043,0.3559927,0.25234544,0.33252993,0.3845001,0.36839268,0.6799527
0.39936024,0.34342596,0.30099046,0.34101483,0.38229096,0.36703205,0.6713012
0.35874307,0.33868262,0.296332,0.33486515,0.38520065,0.36618987,0.693932
0.32642147,0.3526096,0.29025096,0.35820517,0.3875435,0.36535022,0.6725147
0.32271856,0.3557429,0.270397,0.3422613,0.38687465,0.36756602,0.6791566
0.35170117,0.40055603,0.28962964,0.34416965,0.37838417,0.36559865,0.6691665
0.34833026,0.37395006,0.28689972,0.35672614,0.3878866,0.36698955,0.6693761
0.32921156,0.37323016,0.2568864,0.35672364,0.38671565,0.36606145,0.6612543
0.24481937,0.36182064,0.26464525,0.3532833,0.3909519,0.3735396,0.6492914
0.33871824,0.3750675,0.2694264,0.34680983,0.3916744,0.37247097,0.6458839
0.3207642,0.36225504,0.27580166,0.34963366,0.3895206,0.37162125,0.65344214
0.33448303,0.34871268,0.28544366,0.3405011,0.38677076,0.36762953,0.63582903
0.32076687,0.36804205,0.32161528,0.33236137,0.39307457,0.36670855,0.63168377
0.35727397,0.3587658,0.37419608,0.33328623,0.39898643,0.36768535,0.62272507
0.5106987,0.35271987,0.34878138,0.32898653,0.410436,0.365767,0.60317373
0.4003928,0.37839612,0.32416213,0.3243939,0.40414923,0.36416194,0.6109637
0.38970596,0.3630566,0.288563,0.33659315,0.397384,0.36473605,0.59196603
0.3320654,0.37597677,0.25991273,0.34420758,0.3925257,0.36485294,0.5664154
0.33824357,0.37375432,0.23292625,0.34729418,0.38625318,0.3611643,0.57964766
0.18601021,0.36923543,0.20978615,0.34949666,0.3887019,0.3651892,0.581704
0.2567285,0.36964315,0.31347334,0.3549922,0.38548064,0.3651596,0.5873015
0.34203997,0.34868297,0.3280499,0.3363769,0.38148105,0.36428815,0.6055978
0.3828082,0.35540956,0.34519044,0.33264554,0.3805565,0.36830404,0.5992661
0.37400863,0.34241956,0.3709733,0.33425707,0.37421224,0.36835906,0.6383041
0.3798134,0.3447833,0.38893288,0.33762473,0.38053873,0.3660705,0.6304212
0.42347005,0.3549331,0.40047532,0.3305892,0.38779247,0.36469,0.5941155
0.4910476,0.35837066,0.39151248,0.3313146,0.38471243,0.3672774,0.58154815
0.4270504,0.3423429,0.36452425,0.3311672,0.3855306,0.36861566,0.58159786
0.49880043,0.35900062,0.4250067,0.31908718,0.38357803,0.36624378,0.5738507
0.45523077,0.3502137,0.33100152,0.33114672,0.38789794,0.36597085,0.5605444
0.36142987,0.35125327,0.35204923,0.3319591,0.38611168,0.36605707,0.5603957
0.45065674,0.3528763,0.34405667,0.33424452,0.38306224,0.36629656,0.55545014
0.44267285,0.34301695,0.35697657,0.3300329,0.3786475,0.3697155,0.555275
0.4158776,0.34882155,0.38568822,0.3295693,0.3782468,0.37253937,0.5535519
0.43602163,0.34715062,0.2823438,0.34229824,0.38431263,0.3672627,0.56691813
0.3357669,0.35305747,0.2676571,0.33467925,0.39207277,0.3667895,0.5686018
0.33611175,0.34629148,0.3270239,0.34542575,0.39058834,0.36961243,0.5717204
0.38347998,0.36416188,0.33937317,0.33254713,0.3884959,0.36965168,0.58954656
0.43361625,0.38651192,0.34963673,0.33637354,0.39126045,0.3669924,0.5997694
0.40161386,0.3607908,0.35419324,0.35648736,0.38563842,0.3641164,0.5897956
0.37167293,0.3585713,0.32048336,0.3395611,0.38231578,0.36710355,0.5727849
0.3458276,0.3501835,0.3413841,0.36872202,0.3897883,0.3640852,0.54991496
0.40148637,0.35979384,0.33490643,0.36102104,0.3889959,0.36451456,0.56955147
0.3800305,0.35962632,0.41268647,0.3538632,0.38455728,0.3675115,0.5769114
0.31976026,0.3626313,0.40460417,0.33326134,0.38505358,0.36903292,0.57294565
0.47321922,0.35474294,0.4196269,0.35712314,0.38174772,0.37248734,0.5538721
0.35730585,0.34685668,0.42307818,0.33353683,0.38109082,0.37023902,0.5558274
0.50056064,0.3465098,0.43403444,0.34095028,0.3860941,0.3681489,0.54021627
0.4931461,0.351228,0.4443959,0.3337631,0.38703403,0.36858723,0.5099185
0.35578933,0.34236124,0.36302215,0.3469625,0.38697535,0.36807388,0.49268457
0.35738042,0.36124238,0.3448672,0.33992648,0.38330108,0.36679912,0.47657496
0.38912913,0.35819292,0.37183043,0.34103912,0.38487208,0.3645786,0.49286819
0.41940883,0.34733856,0.41792107,0.3210788,0.38139728,0.36402112,0.518219
0.45376804,0.34525192,0.40083373,0.31074142,0.3846926,0.36572433,0.5120025
0.47197092,0.33191592,0.38031715,0.31195372,0.41736585,0.36548543,0.50886965
0.4396544,0.33019426,0.4266349,0.32378933,0.4118853,0.365583,0.5188471
0.43563396,0.33275297,0.41120023,0.32361668,0.398818,0.36690378,0.5207221
0.4807687,0.3432287,0.4088089,0.326783,0.3903768,0.36417738,0.5271031
0.5208501,0.363887,0.39469418,0.3210218,0.3828032,0.36290705,0.5252724
0.5156973,0.3412569,0.37751797,0.34840426,0.37437883,0.363492,0.48707458
0.3297605,0.34422064,0.37547588,0.33012933,0.38010654,0.3638499,0.48084328
0.4271115,0.35584942,0.40810168,0.33587623,0.38911223,0.36688602,0.48625398
0.48189047,0.34943554,0.42045856,0.34636208,0.3934924,0.36864635,0.4912778
0.41228598,0.3431042,0.42370796,0.3341909,0.3920439,0.36912996,0.49237928
0.44935578,0.33674073,0.42529762,0.32730174,0.39572075,0.36752343,0.49622217
0.44380796,0.3449055,0.43079278,0.31309062,0.39592266,0.3692527,0.5117007
0.35037535,0.34112754,0.51958895,0.32695904,0.39015937,0.36535582,0.5092566
0.55946314,0.37058488,0.50513786,0.3282793,0.388148,0.36728248,0.51006544
0.4945577,0.34241548,0.4992287,0.32187057,0.38672584,0.36732116,0.5054047
0.47938085,0.33448973,0.4993318,0.34323776,0.38773465,0.36688727,0.51061213
0.50363266,0.3739354,0.4532932,0.32810113,0.38774204,0.3698934,0.521557
0.48626825,0.38740084,0.4407304,0.3274586,0.38893253,0.3707661,0.5322618
0.4536727,0.36586714,0.4464865,0.3624476,0.39096236,0.37023795,0.5313948
0.46608335,0.3825459,0.5145789,0.33520114,0.36988488,0.3678101,0.52929455
