A,B,C,D,E,F,G,H,I,J,K
0.13440436,0.091444,0.09054091,-0.01985915,0.045314774,-0.059257478,-0.13819775,0.00880219,0.18777545,0.04182054,-0.070558116
0.082589164,-0.10172999,0.15171982,0.14047936,0.1960984,0.0801543,0.14084822,0.07731594,-0.07674444,-0.038015716,0.06540929
-0.013797998,-0.1271651,0.004814595,-0.12385119,0.15965271,0.101244,-0.124542676,0.12322428,-0.1072533,-0.05317851,-0.039094977
0.008480445,-0.011147529,0.1637303,0.14777076,0.044748053,-0.11110389,0.096953735,0.047705084,-0.07327638,0.018701628,-0.13004375
-0.0034726262,-0.056314662,-0.09278092,-0.099228345,0.10651067,-0.040827677,0.02420111,0.00056182593,-0.11298978,-0.0038994253,0.10568097
-0.12019968,-0.09939353,-0.07944207,-0.14835964,-0.1153426,0.08072698,0.09240787,0.09887797,-0.020613983,-0.12844783,0.011155531
0.029354244,-0.11389311,0.12535809,0.0702963,-0.18646123,-0.09055352,-0.050555117,-0.011795446,-0.1526384,-0.12816525,-0.18019328
0.14588249,-0.102694705,-0.109759524,-0.03995973,-0.0157706,-0.009257913,-0.002175033,-0.2705173,-0.18512708,0.12227026,0.07395014
0.059119254,-0.13429856,-0.32549882,0.077000216,0.0063826144,-0.01871331,0.14855635,-0.011348009,0.23364264,-0.09369488,0.23755111
0.11222711,-0.075674295,-0.009493157,0.10823968,0.17875358,-0.0024902374,-0.08169131,-0.036806084,-0.06011343,-0.08913317,-0.042952567
0.020886168,0.093368545,-0.040452547,-0.03851389,0.21935162,-0.12212221,-0.021529049,0.27245843,-0.1255377,-0.007504195,0.084748454
-0.045644708,0.013314843,0.38670355,-0.05753269,-0.12258272,0.113321364,0.050756067,0.1429334,-0.14469892,-0.06992662,-0.1108537
0.045926943,0.13376743,0.17792964,-0.013399303,-0.005824305,-0.10349615,-0.08902663,-0.059537113,-0.18137586,0.044886112,0.09099271
-0.13507849,0.14455467,-0.19371252,0.096427396,0.0005561635,-0.04101289,-0.14543933,-0.08848602,0.121065155,-0.091025144,0.016855888
0.039638177,-0.014881551,0.02377849,-0.07394057,-0.13393007,-0.033506677,-0.07205278,0.11720996,-0.17363325,0.10002011,-0.096713975
-0.11497626,-0.096717596,0.15840131,0.0501626,-0.087191746,-0.081487715,0.10542613,-0.25061083,0.1781546,-0.0900826,-0.046414457
-0.090698205,-0.09971182,-0.32305503,0.021799952,-0.09697406,0.06826988,0.03373234,0.009316161,-0.13394678,0.035777032,-0.20871772
-0.078541234,-0.0968146,0.10168587,0.14546996,-0.1466165,0.016762763,0.009603858,-0.038835198,0.13752523,0.016707063,0.006561689
-0.14695589,-0.09676167,-0.014274448,-0.14360614,-0.035165444,0.046492413,0.13269547,-0.23389345,-0.037510805,0.1370829,-0.08895868
-0.009648547,0.0143677145,-0.38185734,0.035087317,-0.19033241,-0.03042294,0.027078405,-0.07445548,0.27117422,-0.14378731,-0.23079135
-0.14066818,0.08697985,-0.19752485,0.10213676,0.13558255,-0.12770629,0.11912212,-0.18841118,-0.123802826,-0.02919127,-0.14998548
0.053116605,-0.040056452,-0.12525989,0.12676531,-0.025277317,0.073587134,-0.051885925,0.22356468,-0.026083723,-0.099947736,-0.060775533
-0.07825946,-0.023296848,0.14322352,0.1150347,0.0394717,0.0680473,0.121551394,-0.15859656,-0.23263809,-0.023118109,0.033859387
0.058926478,-0.09495802,-0.02309598,0.016939059,-0.110734396,0.14794433,0.0102520585,0.0428451,-0.07484065,-0.050120495,-0.023827337
0.053939894,-0.14053941,0.063528255,0.06566538,0.16224335,-0.13047135,-0.025704756,-0.17778766,-0.040640287,0.14150041,0.09121221
0.039960444,-0.10615231,-0.18474665,-0.14108862,0.13280167,0.07641803,0.029509932,0.08224325,0.17004576,-0.002233103,0.19518925
-0.09637891,-0.11835833,0.12954563,-0.14487281,0.16854894,-0.04287701,0.028847218,0.08784174,0.046961665,-0.061061025,-0.07854764
0.024172172,0.028718084,0.19199628,0.13844433,-0.17962769,-0.05181869,-0.028860234,0.25925633,-0.11803846,-0.080776624,-0.07882115
0.13830858,0.12564304,0.27142793,0.04701838,-0.025307022,-0.13618574,0.09887271,-0.03959894,-0.0801167,0.08401017,-0.03479112
-0.10640909,-0.12989011,0.07758823,0.068962276,0.14199317,0.0065989345,0.072164,-0.0083080605,0.20106857,-0.14719841,0.28558248
-0.14709619,-0.022613421,0.045184888,0.1107285,-0.23343822,-0.12248748,-0.013808876,0.052519567,-0.13626306,-0.06129411,-0.08687475
0.022947818,-0.05448255,0.10289369,0.07722829,-0.16638502,0.13666874,-0.118664846,-0.28160575,0.07447305,-0.0016511381,-0.23115015
0.13709009,-0.019043162,-0.2551471,-0.058587782,-0.08046529,-0.0640717,0.12944752,-0.27202755,-0.0962123,-0.1257597,0.033033073
0.021161735,0.030438751,-0.32035762,0.103593975,0.27299604,0.06411548,0.11557713,-0.15950698,-0.25986305,-0.12018076,0.24281198
0.046370536,0.055350512,-0.29043445,-0.026523061,0.019134253,0.038527966,0.032440007,0.38863158,-0.2410285,0.035375148,-0.048355207
-0.12502575,0.09573689,0.2793452,-0.025330625,-0.063289456,0.123009264,-0.015096918,0.10918073,0.15523422,-0.05637426,-0.08249734
-0.06382302,0.026092634,0.12954457,-0.13975716,-0.11979751,0.075745314,-0.101083025,-0.090107165,-0.05299578,0.02713941,-0.09368251
-0.10891067,-0.06284527,-0.049558245,-0.07346998,-0.10198306,0.120503426,-0.080048405,-0.028271616,-0.00018236041,-0.09898317,-0.18225905
-0.07970962,-0.07640433,0.020925209,-0.14439026,-0.08970844,0.003292963,0.061777055,-0.11575896,0.043358415,-0.14583126,-0.093487956
-0.06580979,0.08598304,-0.22829965,-0.014331698,-0.10613424,-0.12518564,-0.01898554,-0.060331665,0.0024517179,0.014534786,-0.013910934
-0.08915513,0.01829186,-0.01785677,0.054068208,0.022383645,-0.12152301,0.13489589,-0.15376428,-0.13372822,-0.13837594,-0.15714863
0.12518004,-0.14183187,-0.06426583,-0.034637623,-0.12686354,-0.12687607,0.054147497,-0.0780462,-0.1954371,0.07843892,-0.10974575
-0.0377625,0.0026121289,-0.21849239,-0.14854905,0.011743635,0.022061631,-5.748868e-05,-0.14159578,0.09105109,-0.14424352,0.18267944
0.03401299,-0.11271793,-0.23313597,-0.13484971,-0.0876826,-0.043573238,0.08578758,-0.09811482,-0.04757054,-0.062464535,-0.12357837
0.13356927,-0.06055352,-0.04925202,0.058667436,0.112942934,0.008837804,-0.01976657,-0.059189282,-0.1164684,0.053925052,-0.064346105
0.1438525,-0.12555146,-0.07404544,0.14148235,0.049150854,-0.14967793,0.0316965,0.13350447,0.12258603,0.13089281,0.24842432
-0.020282492,0.007143423,0.07913171,0.075720966,0.057586238,-0.010447592,0.12229794,0.10732429,0.055146635,0.037686616,0.16671708
0.033786178,-0.08810492,0.051078238,0.14276966,0.062509745,-0.0040118396,0.034381524,0.08507073,0.16663519,0.079940096,-0.031429216
-0.13931702,-0.11889507,0.20430368,0.13896698,0.17483953,-0.11951584,-0.104378656,-0.022682011,0.15863249,0.07706872,-0.051274024
0.11044994,0.0973265,-0.001857087,-0.039754473,-0.22067143,0.14855352,0.070361,0.12156603,0.015045099,0.10195777,-0.21325369
0.14466408,-0.13541819,0.16391833,0.031839892,0.03408137,0.055536404,0.037310928,-0.07379846,0.17695028,-0.053259425,0.076950595
0.07762982,-0.015870392,-0.0064618587,0.05123149,0.0676607,-0.04797017,-0.11015774,0.17885426,-0.19938883,-0.14334229,0.0026540011
-0.07743459,-0.08488798,0.1655904,0.03249158,0.13742405,0.029503837,-0.07151431,-0.0317974,-0.0097616315,0.01561527,0.12886184
-0.05765906,-0.058656514,-0.058731608,0.0058579296,0.021730684,0.096919715,-0.07310647,0.11910468,0.050594345,0.0965832,-0.18159395
-0.07642878,0.024137571,0.14281148,-0.104827166,0.072956026,0.07480042,-0.07544407,0.08183596,-0.038272724,-0.10208865,-0.17519811
-0.122037746,0.02216436,0.06976288,-0.14705077,0.0063578263,-0.13936713,0.13932642,0.0475704,-0.077041574,0.05336596,-0.20422438
0.03335084,-0.07224357,0.1886501,0.11013144,-0.049993075,0.055279776,0.035388857,-0.009764738,-0.019860886,0.04355316,-0.040417604
-0.11046796,-0.11971697,0.116397254,0.11058122,0.016670778,-0.08482712,-0.0369732,0.03621935,0.17610525,-0.14990978,-0.07357782
-0.05734229,0.054250956,0.07963086,-0.14513083,-0.10897154,-0.11365722,0.010049626,-0.08080612,-0.12171236,0.079973355,-0.1899367
0.018488437,0.07678947,-0.18902323,0.14814508,-0.15233092,-0.14206377,-0.02463156,0.009859495,0.14756726,-0.14846991,-0.011582673
-0.01718919,0.14386237,-0.087569736,0.14735368,-0.052709177,-0.10060471,-0.031787917,-0.035311654,-0.17508712,-0.038974963,0.07573241
0.032416463,-0.03823489,0.0054478794,-0.11344114,0.08993004,0.11118555,0.11013794,-0.20223919,0.100417025,-0.13056293,-0.02767481
0.1429233,-0.030002154,-0.16900244,0.08769341,-0.011703983,-0.10357158,0.10482073,0.22416411,-0.007991523,-0.07727099,0.10663055
-0.0056448877,-0.123454005,0.110499874,0.08799426,0.1165786,0.08296721,-0.007219553,-0.04734548,-0.17945823,-0.011320949,0.16931276
0.12301695,-0.032006554,-0.029421158,0.13260019,-0.102671176,0.06344423,0.09155281,0.012398809,-0.034399018,0.052040115,0.02988796
0.14384735,0.13190988,0.05810128,-0.059113152,-0.0151048,-0.055172913,-0.029968075,-0.19412664,-0.0068628266,-0.0856215,0.26857847
-0.099826425,-0.017559513,-0.2154112,-0.058973253,0.082937025,0.101101875,-0.052348085,-0.052049242,0.052353926,-0.045003645,0.0041399
-0.13460805,0.021682262,-0.18328372,-0.024747223,-0.07273662,-0.14777547,0.06914991,0.0054203942,0.09259162,0.038209334,-0.101607844
0.021585688,-0.0015659928,0.06550104,-0.08768155,-0.16097462,0.017205492,0.1438115,0.024215117,-0.0066459104,0.10414964,-0.10021104
-0.009988636,-0.10730702,0.06748667,-0.041164845,-0.11251618,-0.023467526,0.00914979,-0.13528216,0.029400498,-0.11371018,-0.08030191
0.041236207,0.1490939,-0.14419708,0.13697347,0.12945431,-0.09970339,0.08897984,-0.15575352,-0.20339663,0.0018722117,0.11737746
0.038085192,-0.13476926,-0.20192738,0.08395107,0.011577465,-0.0526641,0.043851838,0.19423099,0.05474715,0.13761732,-0.045231298
-0.11970619,-0.090412036,0.044516534,-0.0812408,-0.059550725,-0.14511989,-0.003013581,-0.06358118,0.0216823,0.113716274,0.07241696
0.08900355,0.06081359,0.051604107,0.044205904,-0.2584586,-0.12168961,-0.022812903,-0.08085767,0.002753824,-0.025332749,-0.25763124
-0.12830837,-0.12480244,-0.03614133,-0.041701518,0.014765166,0.04544708,-0.10112109,-0.37173277,-0.051218376,0.078671664,0.05082026
0.13482887,0.07194236,-0.42979932,0.07610454,-0.038820937,-0.06911801,-0.0048151016,0.08940319,-0.018743664,-0.1308003,0.007288441
-0.01098679,0.095677614,0.12045922,-0.03045284,-0.0008460134,0.017426401,-0.024907708,0.022881866,-0.0108940005,-0.01768212,0.2188486
0.04710801,0.11381966,0.0073123574,0.05929309,0.006719336,-0.04374799,0.13929492,-0.007475704,-0.15902022,0.038898572,0.11981319
0.14174002,0.056610852,0.09683639,-0.10617699,0.19473599,0.019133955,-0.06652737,0.006808996,-0.05903373,0.13626105,0.062029853
0.0073492527,0.12517774,0.0768777,0.0898671,0.14323732,0.13404652,-0.05351969,0.14901577,0.07042513,-0.11403483,0.06918911
-0.046022594,0.08827831,0.16776322,0.039621964,-0.048802793,0.12129784,0.075927794,0.076969326,-0.2060344,0.09999348,0.14483875
-0.0031503737,-0.012625545,-0.034833536,0.020537853,-0.18708505,-0.103077784,-0.1106631,0.08600414,0.0030972287,0.147143,-0.07795494
-0.09649609,0.12923855,0.1764079,-0.008384749,0.018272176,-0.0043700337,-0.09819628,-0.07306655,0.12358028,0.1444174,0.11771056
-0.049982034,0.11818358,-0.13581143,-0.14145099,-0.13317168,0.009638593,-0.019742206,0.025214434,-0.0025707781,-0.114440784,-0.105493024
0.044569433,0.046774834,0.06358941,-0.038458675,-0.030542351,-0.038073868,0.1290324,-0.16585144,-0.08256294,0.03291069,-0.16346404
-0.017915994,0.083486855,-0.26647002,0.13675377,0.006071098,-0.06708148,0.03189388,-0.17008543,-0.100121126,0.1384393,0.13046582
-0.11611487,0.06152375,-0.22178504,-0.10302052,0.010110959,0.095657915,-0.04338073,0.12739196,0.1730598,-0.107084155,0.09662217
0.097966865,0.030422151,0.20064457,0.06363733,-0.20195325,-0.06664952,0.045121536,-0.038463794,-0.1269495,-0.054034747,-0.17673625
0.08909275,0.014600933,0.04738412,0.06068808,0.07624516,0.033734143,0.062356263,-0.13650085,-0.035983182,0.032553375,0.16351573
0.014884859,-0.058349848,-0.13257027,-0.08123265,0.2334917,-0.03019043,-0.08418179,0.1858308,-0.049960315,-0.122785226,0.09967467
0.122003615,-0.063700914,0.19802456,-0.071719214,0.13235092,-0.08106954,-0.0026021749,0.31681666,-0.14208075,-0.056797743,0.16103846
-0.012510166,0.09559451,0.35505456,0.09566505,0.24927273,-0.0041208565,0.034980312,0.023814596,-0.16097218,-0.04214462,0.099175036
0.07587719,0.1373994,0.15008551,0.055224463,0.059890658,-0.06567916,-0.09646737,0.1532496,-0.17535037,-0.06259248,-0.02662845
-0.0765944,0.14759499,0.168207,0.09031361,0.11105925,-0.061941504,0.09640968,0.12524831,-0.20773356,0.06788537,0.039014533
-0.084136605,0.013245538,0.13023366,-0.08678824,-0.07209568,0.14395702,0.020173416,0.19778478,0.0047566593,0.13988581,0.036638573
0.061278686,0.088885725,0.32259724,-0.0026689172,-0.045240045,0.110197306,-0.14123431,-0.053729102,0.2552638,-0.13215391,0.04539159
-0.117805146,-0.11594823,0.057781532,-0.10259541,0.1935245,-0.098920554,-0.10942651,0.027428925,-0.053273395,-0.1483594,0.1463002
-0.08319161,-0.14114533,-0.089900345,-0.057324477,-0.0032114908,0.08046068,-0.08215758,0.22903942,-0.13757144,0.12007135,0.016079046
0.002883494,0.010818869,0.23716678,0.12142539,-0.048420556,0.0978571,0.0048013926,-0.0049232766,0.07013289,-0.009900674,0.049939148
-0.13597348,0.0686363,0.07544256,0.06409909,0.073763266,-0.13460392,0.056899667,-0.03803336,-0.076659806,0.12760735,-0.0840945
0.12147638,0.000112220645,-0.109613545,0.078013524,-0.18071155,0.09923138,-0.13454428,0.07002987,0.108359024,-0.098753214,-0.18388179
0.0563709,0.039818093,-0.05966021,-0.04509189,0.04421792,0.08459559,0.06664966,-0.17511912,0.005001068,-0.11240584,-0.0065539777
-0.14957589,0.10988277,-0.036203757,-0.054922663,0.14390197,-0.14498141,0.053669885,0.1013015,-0.13853985,-0.081321895,-0.014665835
-0.087692164,-0.12152667,-0.006496735,-0.09418674,-0.05265753,0.07024264,-0.01140137,0.08970753,0.06704417,0.08432634,-0.2776789
0.040847987,-0.07858018,0.10266278,-0.06523118,-0.15299799,0.0715954,-0.039858483,-0.17177612,0.11302744,-0.048461042,0.054594792
-0.13457505,-0.14409627,-0.15717188,-0.0620234,0.03791237,-0.009945393,0.088942766,-0.28507146,-0.1291087,-0.023967505,0.10248798
-0.1028251,0.09287386,-0.37771598,-0.08773349,-0.012948558,0.044690296,0.10245359,0.06067483,-0.14713034,-0.06624617,-0.20157969
0.06819026,0.025955006,0.036235586,-0.11777325,-0.12610209,0.116699606,0.023114368,-0.029977217,-0.17839354,-0.10829988,-0.076837726
0.025051922,-0.14024143,0.0749283,0.06967914,-0.067840636,-0.10167521,0.0013837665,-0.20440307,-0.093881235,-0.055736862,0.19719498
0.13437432,0.04651466,-0.23658183,0.11243987,0.14279282,0.03801152,0.08029914,-0.07879302,-0.011004843,0.008604974,-0.0045406222
0.11509812,0.084064156,-0.12906021,-0.13605209,0.20482464,-0.10157606,-0.08299288,0.1312277,0.10462332,-0.14920096,0.09757434
0.12002483,-0.13725361,0.0154026,-0.07067973,-0.008624122,-0.05496417,-0.011265159,0.25918415,-0.023039773,0.13219503,0.13457695
-0.13168828,0.14454961,0.35648787,-0.099259436,0.14378852,0.0866669,-0.013358578,0.01168558,0.17712915,-0.076871365,0.21009189
0.021229342,0.024748385,0.08086172,-0.00041545928,-0.24191469,0.13657686,0.04893072,0.13841514,0.054552883,-0.05474239,0.003477648
-0.045621872,-0.05783245,0.27217758,0.07821679,0.041984454,0.11141631,0.03931901,-0.23558682,-0.1877723,-0.008828491,0.062469468
0.047495082,-0.055455655,-0.1109305,0.0037244111,-0.19395585,-0.1314581,0.04709834,0.016926147,0.12526089,0.043061167,0.0026143342
0.053057402,-0.1337967,-0.0046211705,-0.044583946,0.16443984,-0.10100016,0.14857665,-0.05083023,0.1619614,-0.04087352,-0.01894866
0.10410264,-0.13263129,-0.065160766,-0.017141223,-0.04681267,0.11707932,0.117239654,0.17368746,-0.1680024,-0.013853401,0.10600926
-0.017852932,-0.061991647,0.18439275,-0.104944095,0.14159794,0.07505341,0.03109768,0.10251753,-0.10378923,-0.05400596,-0.025250763
0.023801118,-0.11150019,0.09893979,0.019735098,0.016634464,0.07403439,-0.12538056,0.18975617,-0.021083452,-0.05010549,-0.11986458
0.13314265,0.0111706555,0.06488342,-0.02164203,-0.078608185,0.05483465,-0.06418195,-0.07966468,-0.17256287,0.011289269,0.11437641
0.07393992,-0.0152383745,-0.15413566,-0.015640244,0.21372317,-0.11860868,0.07777999,-0.07192424,-0.0973068,-0.10159688,0.2073702
-0.07747976,-0.004661292,-0.20210785,0.07321857,0.0954493,0.13947254,-0.13763244,0.3593369,-0.2049076,-0.08087436,0.13989058
-0.020409405,-0.09661235,0.43577975,-0.09381926,-0.12761581,-0.12767956,-0.07999089,0.06957347,-0.22511086,0.027888104,-0.053997405
0.026016146,-0.087749794,0.06193582,-0.14476594,0.03293571,0.017831758,0.061554953,-0.09977834,-0.0289836,0.06824593,-0.10274128
-0.05442939,0.034279868,-0.112031296,-0.028228663,0.0044059306,-0.012367636,0.034003437,0.08167669,0.06427519,-0.03502933,0.09111373
-0.13665451,-0.06587218,0.16174999,-0.046733364,0.05152055,0.06988971,0.043450356,-0.08125432,-0.13270119,0.023028016,-0.18041548
-0.05722052,-0.06863008,-0.12780017,-0.08886498,-0.23626406,0.13212976,-0.0021182299,-0.010852903,0.1722537,-0.012186155,-0.076327115
0.08252625,-0.12029739,-0.065064,0.08451684,-0.13156423,-0.11842604,-0.03673473,-0.2153518,-0.05391682,0.060892925,-0.050135642
0.12900525,-0.055386618,-0.12510252,-0.04881393,0.12421048,0.10392848,0.09405951,-0.114626914,0.08711672,-0.014955312,0.22388943
-0.038567625,0.03774634,-0.2152246,0.022519529,0.076124825,0.08980133,-0.085174926,0.12585135,0.03253849,-0.0643588,0.22072725
-0.14710727,0.028700545,0.14361148,0.0968198,-0.1494312,0.04741241,-0.052975647,0.08079866,0.06981459,-0.06872367,0.06230513
0.008072451,0.12559667,-0.019879349,0.13977575,-0.012657493,-0.09762435,0.021036714,-0.24249765,-0.075552516,0.026413694,-0.2415382
0.0063260794,-0.14606741,-0.17937179,-0.11361086,-0.042067982,0.043923005,0.05097638,0.11374125,0.16307406,0.039960623,0.15496941
-0.0043628067,-0.06480201,0.2113901,0.118864596,0.101116315,-0.017341465,0.04771681,-0.13491082,0.14027703,-0.028247885,0.06752671
-0.08207973,-0.1049218,-0.051874936,0.046355426,-0.051813908,-0.0050593764,0.04661812,0.13726059,0.037178047,-0.024642736,-0.06771585
-0.056274444,-0.1032846,0.09555903,-0.124171674,-0.18118443,-0.1329647,0.012752712,-0.1546093,-0.12496531,0.108868,-0.20861635
-0.058045685,-0.118359596,-0.23960209,0.1332266,-0.08074665,0.015896305,0.09363051,-0.15880214,-0.039398834,0.050779328,-0.17395207
-0.07763749,-0.07254687,-0.22440103,-0.14486893,-0.037793458,0.012819454,0.037081107,-0.07974206,0.061710432,-0.010574728,-0.06821713
-0.078218795,-0.12627903,0.033024833,0.06124714,0.021318376,-0.03814044,-0.08145524,0.06193863,0.04471548,0.14798123,-0.051732108
-0.010973066,-0.12045826,0.086440355,0.007755935,0.06476941,-0.1396291,-0.12805235,0.043116227,0.09744868,0.029855654,-0.20441559
0.036008745,-0.04776088,-0.02271296,0.11772981,-0.11887105,-0.08022262,-0.04134155,0.17864215,0.04365261,0.14161777,-0.09630633
-0.10946478,0.0073557794,0.2984139,0.11315259,-0.08972904,0.02587448,0.06314966,-0.2653475,0.02414465,-0.09605786,0.16409755
0.025311947,0.044507056,-0.24464664,0.024997756,-0.104956105,0.0779001,-0.018652156,-0.16253638,-0.16835365,-0.025031738,-0.07507472
0.005284786,-0.04105214,-0.25516653,0.067653194,-0.015068553,-0.08792891,-0.13688688,-0.018379614,-0.16955888,-0.03214077,0.009570137
-0.14779289,-0.14054874,0.054605305,0.030096382,0.07247321,-0.07872788,0.00845331,0.08346311,-0.14069259,-0.033064343,-0.036222205
0.078146145,0.113404304,0.11713018,-0.008312911,-0.079120725,-0.1359284,-0.14554502,0.20919357,-0.14165908,-0.11974217,-0.101924285
0.124349564,-0.0018192828,0.29298753,-0.034985214,0.062226757,-0.07229158,-0.061206512,-0.03987503,-0.19220437,0.11490479,0.1418496
0.115297824,0.11042237,-0.07477316,-0.016435891,-0.025420502,-0.08431821,0.13912186,-0.079135284,0.22315148,0.09510037,0.23065239
-0.07023898,-0.124308735,-0.2087723,0.048188433,0.25082192,-0.12067554,-0.12433761,-0.13607928,-0.026665144,0.1325044,0.16208726
-0.13954651,0.1254406,-0.06938535,-0.091688454,-0.061662257,-0.031039886,0.11341384,0.13154933,0.25272468,0.1494903,-0.098136045
0.047823384,-0.06917316,0.21681699,0.098209575,-0.19209817,-0.062093087,-0.035358794,0.081279814,0.123673834,-0.12465419,-0.125785
-0.016302943,-0.024674729,0.20055607,0.09393628,0.09935263,-0.029433295,-0.111268,-0.15365835,-0.23813729,0.02826181,0.048956797
-0.027365021,0.06863697,-0.009330884,-0.015857413,0.109969646,-0.0025149882,-0.07463175,0.13654639,0.09339851,0.12083349,-0.13553888
-0.1496538,0.11206505,0.13023293,-0.020035923,-0.1714086,-0.008172348,0.014125854,-0.004399322,-0.013863683,-0.08453372,-0.05634837
0.08125861,-0.08794932,-0.09114196,0.11057162,-0.0687726,0.04850404,-0.14787927,-0.11810367,-0.09119356,0.048438296,-0.121062174
-0.021435648,-0.062615156,-0.20543742,-0.0325683,-0.044320345,0.1330756,-0.0650553,0.03060183,0.007846296,0.12788376,0.16866212
-0.124452844,0.048239976,-0.08410783,-0.11187403,0.04338266,-0.07907226,0.084312215,0.09237763,0.25117445,-0.04359942,0.05162111
0.009288222,0.09047811,0.0074449256,0.009052962,-0.036363333,0.1210877,0.09058748,0.017256156,-0.09401976,-0.11035609,-0.10289587
0.0075336993,0.14727268,0.07277928,-0.08101507,0.15823096,-0.13712184,-0.0653271,0.054142058,-0.17547879,-0.06318863,-0.062154405
0.017416567,0.07658064,-0.07037351,-0.09680061,-0.09267142,-0.019129068,0.0058867633,0.21537663,0.073677525,-0.11794771,-0.10596314
0.13893968,0.12369028,0.17663348,-0.051436298,-0.06680104,0.11664724,-0.11220923,-0.09493733,-0.22989245,-0.13410947,-0.10901524
-0.031940483,-0.14938478,-0.17358378,-0.053780578,0.07335119,-0.015576631,0.032593057,-0.12538946,-0.0072849095,0.14911601,0.026788577
0.06487231,0.10944295,-0.032394707,-0.052763365,-0.15732613,0.054381236,-0.072788484,0.0139210895,0.1700358,-0.06791579,-0.08862645
0.057185948,-0.052577272,0.08168701,0.016180709,0.0035160407,-0.0466446,0.1451183,-0.060101107,0.0029698685,0.08695789,-0.032174826
-0.11451756,0.081716254,-0.13701513,0.03518729,0.15884522,0.06345077,-0.13432832,0.08561372,0.101259425,0.04905705,0.10888928
-0.051919326,-0.084025994,0.23063311,0.054117903,-0.2437973,-0.0423519,-0.14085983,0.19225535,-0.07651591,0.120913506,-0.102496706
0.05696468,0.07849382,0.0865106,0.08210006,-0.08565072,-0.025914505,0.07898265,-0.28637427,0.12658317,-0.08190236,0.05240269
-0.1306226,0.060183987,-0.2272978,-0.055174522,0.13465548,-0.113551274,-0.1022334,-0.03453835,0.04648184,0.09211092,0.07109018
-0.10622775,-0.050700046,-0.16738594,0.031462938,-0.18807183,0.033539876,0.13470006,0.044836164,-0.024179071,0.10421112,0.01071763
0.039733633,-0.07182003,-0.04795876,-0.058612704,-0.1400992,-0.04942126,-0.13482569,-0.25763234,0.18018791,0.11789152,-0.19135144
-0.05025065,-0.013328448,-0.31162694,0.1118643,0.09828168,0.059148356,0.087899834,-0.28403687,0.15436427,-0.14684868,-0.0013040602
0.063000366,-0.11983061,-0.42506784,-0.07888223,-0.058642358,-0.08149851,0.09569998,0.19616203,-0.10121949,-0.05236607,0.06808713
0.040800422,0.0426798,0.0788088,-0.06674203,0.015907228,-0.03703226,-0.08875698,0.08155197,0.07432798,0.033991724,0.06649189
-0.14937106,0.06917475,0.19965985,0.013607487,-0.082606964,-0.14942905,-0.06888467,0.081935346,0.030652642,-0.03327182,0.19013533
-0.1327595,-0.1458703,-0.010967791,0.018192202,-0.19735116,-0.12162286,0.06510706,0.016418897,0.09929764,0.0022627115,-0.21876594
0.1143969,-0.03173107,-0.104053386,0.034868896,-0.0677965,-0.11858168,0.075412795,-0.23803282,-0.031882882,-0.00615412,-0.18303706
0.062871486,-0.13951956,-0.13271916,0.08302532,0.0045259073,-0.06031432,0.122400105,-0.19267961,-0.011062846,0.07746798,0.12449424
0.035701707,0.10069239,-0.10205333,-0.119711444,-0.061864473,-0.01446569,-0.082140654,0.08642911,0.22582754,-0.047415107,0.12987371
-0.097027525,0.070302844,0.004013747,0.014211059,-0.09600617,-0.1286067,-0.09588054,0.0670815,-0.12285172,0.058467314,-0.0069303066
-0.1436413,-0.14365275,0.13821393,-0.07515244,-0.013818324,-0.037655532,-0.046121567,-0.13772893,0.018679515,-0.08834593,-0.17153545
-0.082561165,-0.07993473,-0.0626457,0.12614858,-0.18034396,-0.0054805577,-0.030436315,0.111466765,-0.029594764,0.048464447,-0.023623317
0.14734992,-0.03384097,0.25613463,0.12833467,-0.09608027,0.11443603,0.10413003,-0.26174963,-0.046151444,-0.041605733,0.014183611
-0.036306776,0.0037234426,-0.2525478,0.060734153,0.1333583,0.1415081,0.099521205,-0.01927714,-0.16971007,-0.006603852,0.17271198
-0.14396368,-0.056913674,-0.14277682,0.0706255,-0.14896777,-0.1282728,-0.10280764,0.08294709,-0.115637034,-0.1159816,-0.15552393
0.1162349,0.11186612,-0.0028572977,0.0052402467,-0.09808029,0.047980398,-0.0158066,-0.06488137,-0.18514779,-0.039763644,-0.18655913
-0.031495176,0.093266055,-0.11087493,-0.0012449771,0.07919168,-0.0046533346,-0.12050222,-0.16888508,-0.035085335,0.11879209,0.14104809
-0.07588585,-0.042296253,-0.09063725,-0.05547134,-0.11290294,0.035652444,-0.06436299,0.13984275,0.033332758,0.09147188,-0.12389598
-0.08732837,0.14801022,0.055741847,-0.072477795,0.031108364,0.120657325,-0.09904973,-0.16274697,0.21617809,0.018484429,-0.013871774
-0.14463067,0.06682609,-0.014892966,-0.11664797,0.04993961,0.032945126,-0.06016451,0.06917882,0.1364962,0.10933867,-0.007132955
0.035125658,-0.14823243,0.008849375,0.07303326,-0.12176755,-0.031669326,0.0691722,0.072055675,0.19884147,0.11984503,-0.13714738
-0.11965022,0.099319085,-0.047107905,0.015058756,0.10013765,-0.022698134,0.12716383,-0.015274376,0.11525729,-0.13143554,0.09059188
-0.015429929,0.064324096,0.059319332,-0.051085874,-0.018357404,-0.0728724,0.12672886,0.21005055,-0.26104194,0.037920162,-0.064170696
-0.080223106,0.048844814,0.18203634,-0.022645205,0.04966657,0.021796271,-0.021600708,0.102638744,0.05848445,0.04693249,-0.15907729
0.05759062,-0.0103607625,-0.037197717,-0.048595816,0.0042153075,0.14425513,-0.103406064,0.06775688,0.13772793,0.004604697,-0.023608096
0.048307016,-0.086895436,-0.006472543,-0.082233615,0.02610474,-0.13961868,-0.0718206,-0.12178419,0.09155394,-0.063164026,0.20615517
-0.061609842,-0.13676195,-0.01634834,0.037793368,0.117734894,-0.090564504,0.09398796,0.16882136,-0.056224704,-0.048894845,-0.029451028
-0.12890458,-0.022814184,0.14948222,-0.0528066,-0.07980748,0.019868612,0.052528843,0.21814688,-0.15995875,-0.080933,0.020772941
-0.10273799,0.13003775,0.36136115,0.13977727,0.0003156662,0.031726316,-0.07054412,-0.19219819,0.036607005,-0.13672146,-0.13421303
-0.012216181,-0.05889225,-0.14227585,0.011902779,-0.045675814,0.087965816,0.021570668,-0.13840479,-0.016826421,-0.06331247,-0.10385682
-0.09948387,-0.040212087,-0.20886475,-0.048145853,-0.14709477,0.0032482445,-0.111919165,-0.014604211,-0.009096518,-0.037548356,0.05905436
-0.048103794,0.10315323,0.03826794,0.1307756,0.013155617,0.11755201,0.10596201,-0.1779939,-0.04210385,-0.021319985,-0.13521247
-0.031898312,0.04169841,-0.15310487,0.07564585,0.014310911,0.09461333,0.07986374,0.017535247,0.03479609,0.12575352,-0.14811368
-0.02352415,0.024931401,-0.026867315,-0.1395728,-0.151446,-0.10338518,-0.0268168,-0.12706938,0.024901599,0.0890923,-0.14389978
0.037418485,0.14301011,-0.14670998,0.091914624,-0.081894204,-0.10825992,-0.010352001,-0.27025938,0.048261426,-0.101546526,0.089132205
-0.117074385,0.006554246,-0.3740908,0.10827455,0.035692856,0.098914474,0.016389668,-0.10159384,-0.0966437,0.053785577,-0.04899133
0.10879147,-0.040773228,0.040300205,-0.14754356,-0.14601174,0.14323527,0.13710612,0.052264184,0.06141685,0.11442527,0.007624045
0.066626504,0.07100709,0.0605516,0.06816633,0.11852786,-0.09922922,-0.027649142,-0.038915962,0.03768362,-0.009103939,-0.03058429
-0.006625131,0.11203137,0.02124229,-0.04753209,0.10068284,-0.014029458,-0.03463354,0.13336667,-0.089391686,-0.0805212,-0.015332863
-0.05840423,0.1040476,0.09651167,0.03871292,-0.03196668,0.14506927,-0.020957187,0.17168087,-0.21321124,0.04916069,-0.02348283
0.06416105,0.13907972,0.20132339,-0.012315869,-0.15477127,-0.13482137,-0.010288879,-0.11453695,0.07028851,-0.0803153,-0.15371601
0.12845936,-0.03546179,-0.022112153,0.12834817,0.08540246,-0.07961156,0.11360076,-0.24699709,-0.028536953,-0.12874758,-0.08285184
-0.005127743,0.07882689,-0.34548247,0.05142282,0.01816149,-0.012430191,0.05417095,0.15381442,-0.16115862,-0.032974526,0.20653254
-0.14236867,-0.07191301,0.15012139,-0.052843794,-0.114354804,0.084532544,-0.10532834,0.13780378,-0.0071293265,-0.1318706,-0.12869623
0.066023394,-0.011481941,0.107396,-0.051216945,-0.09885587,0.0019923598,-0.07759804,-0.05516483,-0.19543867,-0.05983165,-0.016448975
-0.047776543,-0.09489538,0.024940565,-0.019008636,0.0915741,0.02564758,-0.05511155,-0.19391027,-0.098406784,-0.08393771,-0.050216235
0.046984807,-0.11432423,-0.17704025,-0.1434414,0.070562966,-0.11942479,-0.11984143,0.237634,-0.20801577,0.07714185,0.07342101
0.015927926,0.100925446,0.37643167,0.13405529,0.12605602,0.07620773,0.04366751,0.2029419,-0.033593938,-0.10557029,0.111258194
-0.14976887,-0.099571526,0.14231133,-0.061049923,0.10404,0.07799937,-0.09610225,0.03926994,-0.17852989,-0.081465416,0.074778065
-0.064267196,-0.11142095,0.18816106,0.03969349,-0.17615354,0.084869,-0.101688236,0.03753501,-0.13989964,0.07354882,-0.29501426
-0.088525616,-0.08143239,0.14226562,0.08292262,-0.1422964,0.09598768,0.094172135,-0.12581788,-0.018161327,0.09970066,-0.06553332
-0.043240897,0.08908643,-0.123704314,0.14098334,-0.09174054,-0.04216039,-0.062075526,-0.22593006,0.2449882,-0.12398338,-0.21254727
0.043237403,0.09351407,-0.10790917,0.110857695,-0.065633796,0.104207665,-0.07402475,-0.17816125,-0.038489163,0.10136062,0.06286792
0.12301344,0.039665565,-0.2149489,0.035285547,-0.08885081,-0.12741901,0.115168095,0.04759655,0.042432427,-0.029445738,0.03567019
-0.046974637,-0.08492765,-0.033227883,-0.05346608,0.2545279,-0.124875,-0.054646112,-0.21516271,-0.09616369,-0.13225296,0.21541186
-0.002850175,0.04168956,-0.29514474,-0.1430864,0.09709936,0.008313492,0.10634211,0.27239943,-0.2275519,0.13713956,0.02552656
0.0903966,0.028391615,0.41035575,-0.074499756,0.07490416,0.13710079,-0.050476693,0.21751606,0.13686444,0.14934024,-0.118229315
0.00312604,-0.011778668,0.08250579,0.10474157,0.093257725,0.06678951,0.14836031,0.20374425,0.20633297,0.064542815,0.18046786
-0.13569382,-0.13669285,0.10636352,0.06837666,0.046867684,0.13729277,-0.06415941,0.022424519,-0.000960879,0.053988412,-0.07237371
0.13590693,0.0316073,-0.00043345988,-0.104700714,-0.12357688,-0.122936696,-0.112819776,-0.019880198,0.13928567,0.14489368,-0.07561925
-0.09416905,-0.025199339,-0.12026463,-0.13982704,0.014238529,0.14375061,-0.13179505,-0.014052749,0.20492844,-0.14800452,0.08989645
-0.13860402,-0.10882509,0.038279355,-0.12647507,0.027947247,-0.047482558,-0.11361925,0.04803873,-0.1424552,0.10037455,-0.09912366
0.13321841,0.08012067,0.10950885,0.115079015,-0.16049206,0.1076543,-0.13201044,-0.081938,0.23213333,0.12553081,-0.13221788
0.101920694,0.04569474,-0.20226867,0.06886743,0.2485309,0.052266255,-0.035765722,-0.099510685,-0.015090585,-0.024553448,0.24282244
0.07641424,-0.10364621,-0.03914219,0.019012928,0.11850265,0.011784315,-0.08541153,0.19101353,0.052751005,-0.028447203,0.13715994
0.07024643,0.059082985,0.28980827,-0.05845689,0.14846843,0.0003863126,0.024627343,0.18494722,0.119913705,-0.01805085,0.07826279
0.06502612,-0.06100622,0.12973495,0.13495162,-0.07314125,0.051781967,0.116398394,0.1560369,-0.13398652,-0.048157744,-0.01646074
0.01605025,0.017958567,0.013512984,-0.12670943,0.024011903,0.0044885725,0.12756631,-0.08290908,-0.056051604,0.08459523,-0.049754053
-0.036871456,-0.10632543,-0.15242982,0.116512775,0.08700541,0.016585171,0.077518836,-0.08381661,0.11659822,-0.12899357,0.15323687
0.03710954,0.016548455,0.035470165,-0.04437547,0.028586887,-0.010909334,0.123895735,0.13405994,-0.048994645,0.02818057,-0.13453907
-0.017082378,0.063518554,0.2546765,-0.09637669,-0.055119738,0.1275923,0.0756703,0.16937742,-0.0072533637,0.05967681,-0.007845074
0.041425392,0.09153174,0.11999414,-0.09142276,-0.038289994,0.07635033,-0.1341065,-0.17029727,0.09681761,0.13820806,-0.15045384
0.03691764,-0.070433885,-0.1010149,-0.020084009,-0.0071925297,0.024560988,-0.040373594,-0.068381645,0.20212235,-0.13155134,0.0026995689
-0.14530371,-0.004112199,-0.099426515,-0.04542782,-0.10543038,0.149153,-0.09493433,-0.10618142,-0.022211477,0.12383339,-0.04943295
0.013199478,0.019624114,0.043009244,0.019266471,-0.21639976,0.13876662,-0.02986046,-0.14801595,0.09321747,0.09066823,-0.2705689
0.099236965,0.025453627,-0.14924985,0.0822752,-0.08778457,0.04713644,-0.07992879,-0.24979638,0.08130622,0.10664624,-0.09495601
-0.105717346,-0.034596115,-0.13185777,-0.05351492,0.19460468,-0.088599354,-0.11295578,0.05387138,0.25543988,-0.03900989,-0.018724106
-0.09535332,-0.14864399,0.13006452,0.05707608,-0.038997144,0.14774504,-0.13349637,0.1480586,-0.12938121,0.017281502,-0.11052166
-0.007544011,0.11798546,0.12394829,0.010989428,-0.19145124,-0.12232937,-0.13407876,0.10046169,0.09513235,-0.089188784,-0.015216768
0.007120788,0.13616449,-0.038188696,-0.03431724,0.13253117,-0.033803396,-0.10928534,-0.32527542,-0.11523275,-0.0759879,-0.08116827
-0.05696705,-0.12719822,-0.36724696,-0.1422032,0.12090537,-0.011451066,-0.008769497,0.25812802,-0.03130295,0.08897625,0.13673937
-0.065130204,0.094151616,0.11626026,0.023595989,-0.05046718,0.13837647,-0.14674534,0.11617522,-0.046406955,-0.12836047,-0.12035697
-0.1462162,0.03286162,0.16078919,-0.019109696,-0.027642608,-0.14097166,0.08097392,0.08924271,-0.0432629,0.10520339,-0.14225957
0.07304324,-0.13036017,0.004496455,0.123214394,-0.2254925,0.0793951,-0.07829041,-0.119664,-0.04397647,-0.031264454,-0.19370249
0.064269885,0.08536282,-0.12304512,-0.03247433,0.15149756,-0.10938256,0.08568792,-0.2626162,0.03168091,0.0013239533,0.1398341
-0.030006573,-0.03405284,-0.37602925,-0.02629833,0.056352362,-0.06803658,-0.017077059,0.011618748,-0.024667062,-0.1219007,-0.058225267
0.03563708,-0.0013432652,-0.10572395,-0.10016068,-0.017203152,-0.0344209,0.04592076,0.10037321,-0.046022423,-0.122177325,-0.018219098
-0.14634275,-0.110080615,0.0147625655,-0.0063761324,0.070692,-0.08475223,-0.05145312,0.12134382,0.008011408,0.046367988,-0.01364658
0.09529932,-0.11288199,-0.013823211,0.045587465,-0.03858018,0.010362968,0.13647932,0.1792227,0.15225343,0.10203609,-0.068198025
-0.07955718,-0.01327166,0.1297103,-0.008846849,0.020205207,0.045320973,0.055636257,-0.07188728,-0.02750437,-0.060738392,-0.023471743
0.06186776,-0.055690706,-0.18578783,0.040649056,0.038032204,-0.06844093,0.0018061996,-0.07785045,-0.1051942,0.067335665,-0.017143875
-0.14344853,0.07226999,0.0049489066,0.120195776,-0.02802287,-0.12802017,-0.009227902,-0.09263697,-0.02491089,-0.09309399,0.17694025
0.024405435,-0.13298292,-0.047235206,-0.019076943,-0.0017699599,-0.11519925,0.1189059,-0.16950224,-0.06419353,-0.13162722,-0.1401811
0.074238,-0.067850165,-0.02617161,-0.08310533,-0.08666596,0.038892552,-0.05524528,-0.052921943,-0.019925907,-0.018050179,-0.06475193
0.0864173,0.12468189,-0.17041694,0.10761464,0.026374735,0.07860392,-0.14724407,-0.17090899,-0.12834235,0.05747938,0.19547129
0.10337192,0.060873687,-0.06546599,0.057765707,0.033863008,0.13748929,0.066506356,0.0114550665,0.13466929,0.016995579,0.09547314
0.12215969,-0.013607502,-0.11479216,-0.07995707,0.15440738,0.058044985,0.120336056,0.12144105,0.022490472,-0.14766102,0.0020455495
-0.117768735,-0.0023017824,0.16849577,0.052283406,0.04005292,-0.13494729,0.073979214,0.033075847,-0.11115934,-0.14146483,0.10548565
0.04359132,0.1236074,0.17874864,0.14946088,-0.22294599,0.057041094,-0.13251369,0.17871329,-0.26825452,0.102911174,-0.26172173
0.0881397,0.09120822,0.22653127,-0.015199885,0.13980725,-0.11639561,0.04070258,-0.2841652,0.21861294,0.049577102,-0.037034832
0.056959376,0.060805395,-0.31897748,-0.10979837,0.17515053,0.091809615,0.111575454,0.24439254,0.06475903,-0.1315794,0.111851946
-0.052398168,0.073330134,0.32902795,-0.10942675,-0.027690768,0.031560913,-0.033291757,0.31842768,-0.047258645,-0.0626247,0.12086278
0.079261735,-0.14506656,0.37364414,0.047650665,-0.167332,0.030136973,-0.124246955,-0.12248027,0.056140058,0.0053097606,-0.13456884
0.11918253,-0.08957809,-0.052667126,-0.12510212,0.1909431,0.13634923,0.13027233,-0.099399075,0.0040744245,0.14322853,0.12572765
-0.02625686,0.06343341,-0.08063279,-0.06835134,0.19623034,0.0483796,-0.10176988,0.21410458,0.21361452,-0.07098518,0.06780235
-0.14860275,-0.028259471,0.28559554,-0.13589086,0.09356895,0.10666159,-0.14549881,0.325764,-0.023838505,0.13215318,-0.00737527
0.10632402,-0.08041864,0.44874516,-0.0192419,-0.14754407,0.09699419,-0.10799599,0.052514575,0.10200513,-0.008151561,-0.24199799
0.06214167,0.12612823,0.1842854,0.14934891,0.15514395,0.0061104,0.103205055,-0.039157704,-0.0196435,0.12922266,0.07151039
-0.12332186,-0.06317663,-0.15287355,-0.12053687,0.15258336,-0.068425566,-0.028999507,0.14459018,0.21037807,-0.04837709,0.17669739
0.12543103,-0.09474428,0.15971461,0.04242854,-0.051061213,-0.009583145,0.077227205,0.26498604,0.006119393,0.043929264,-0.06647691
-0.11981578,0.04084447,0.28253913,0.022590086,0.14498977,0.09916794,-0.02857168,-0.17496492,-0.10448483,-0.049316794,0.05636268
-0.07681777,-0.10020426,-0.044996724,-0.122330174,-0.055442974,0.122167766,-0.0350961,0.10092398,0.07176536,0.06268726,-0.028298616
0.025712833,-0.06722415,0.19230953,0.046804294,-0.15212475,-0.03669142,-0.1360618,0.05133955,0.060621977,-0.042424805,-0.08517768
-0.14268422,-0.05893393,-0.09546685,-0.037424937,0.12956096,-0.09885259,0.10185662,-0.18484592,0.02089075,0.0035819411,-0.050206862
-0.14275089,0.070380166,-0.23745556,0.14919451,-0.12308194,-0.10701576,-0.10483171,0.2637828,-0.049216576,0.033140376,-0.12053403
0.003375277,0.094173506,0.16221373,0.058515757,-0.057589054,-0.027826615,-0.12144936,-0.05532658,-0.10050957,-0.048635356,-0.0721011
0.14168704,0.023199156,-0.06514229,0.0630946,0.050893426,-0.007946461,0.1079776,0.043112785,-0.06965458,-0.06275293,-0.14049123
-0.04022997,-0.077870645,-0.07504332,-0.050077967,0.047464907,0.05482316,-0.05055789,0.18585023,0.038458705,-0.1426131,0.27422005
-0.13272713,0.013744354,0.26130885,-0.0521506,-0.09763686,-0.06712031,0.049192086,-0.080557644,-0.26960504,-0.04171472,-0.15051556
0.08999567,0.054541618,-0.035961047,-0.012891114,-0.17857999,-0.0019643456,0.14972317,-0.021280915,-0.00957834,-0.027947135,-0.09778966
-0.11643174,-0.049417198,0.090717226,-0.05572679,-0.03855872,0.091927975,0.09650129,-0.2575581,-0.10191966,0.08560252,-0.049769923
-0.014201313,-0.097120844,-0.26443952,0.0954583,0.019560367,-0.113135815,-0.12725988,-0.1078576,-0.03524693,-0.12871112,-0.0058197975
-0.14182274,0.035265,-0.24862586,0.11363581,-0.13367973,-0.063709386,0.062464684,0.15379357,-0.22676933,0.026632577,-0.09666911
-0.07163728,0.05287175,0.17970891,0.09152733,-0.2199972,-0.102963075,0.06583534,-0.07336992,-0.0069884136,0.071146324,-0.039213642
0.109092414,0.08536123,-0.088740945,-0.07936728,-0.2085979,-0.034577735,0.110649705,-0.2515478,0.020009987,0.08250113,0.061099373
-0.12031798,0.08237831,-0.31321868,0.08790396,0.17534046,0.1124827,-0.12876508,-0.07606405,0.031326726,-0.1400041,-0.020752236
0.1194092,0.09239279,-0.08504209,-0.040338583,-0.17870125,0.062519625,-0.069606066,0.093264505,-0.28357232,-0.067949906,-0.07992306
-0.10675612,-0.102233455,0.22750185,0.10942939,0.2669907,0.051731035,0.10031435,-0.2639777,-0.10267189,0.0066052377,0.23975828
0.054056004,-0.06076756,-0.35373878,-0.11393367,-0.032298103,0.1296319,-0.031809516,0.3707327,-0.06731541,0.12812611,-0.15393403
-0.12564467,0.03995803,0.31809112,-0.073833436,0.038057804,-0.073392056,-0.013887227,0.073855594,0.09181646,0.11185339,-0.0653604
-0.12728938,0.016897917,0.07610272,0.015042335,-0.090700194,-0.019695207,0.029429898,-0.014586143,0.17258252,-0.08511785,-0.015000775
-0.118562266,0.025805265,-0.12681015,-0.07249285,-0.017376363,0.0370526,-0.07908227,-0.22311504,-0.21332578,-0.014044657,0.011711717
0.13701046,0.13612005,-0.32427254,0.14939588,-0.1548272,-0.12920251,-0.1086009,0.06317021,0.008336514,0.104581386,0.021423563
-0.1142714,0.039383844,0.039404526,0.04568237,0.06736207,-0.052361265,-0.11150231,-0.121219054,0.053517953,-0.12568642,0.117209435
0.12802646,0.024293408,-0.1001571,-0.010504812,-0.17397949,0.08408561,-0.043285668,0.2005142,0.002586469,0.11393863,-0.033832
-0.029670738,0.13697278,0.31597364,-0.022996753,-0.02100709,-0.12578529,0.088216126,-0.2930747,-0.028428406,0.10480294,0.08144503
0.033752352,-0.13529043,-0.38380516,0.13727859,-0.0038786754,-0.02085048,0.09697501,-0.01706186,0.15382376,-0.03102132,-0.022013657
-0.013685018,0.13853362,0.024127007,0.09124103,0.13608557,0.070948794,-0.019872323,0.09279444,0.051926546,0.07857053,0.14098594
0.031309783,-0.028556518,0.06047409,0.054794,-0.060569085,-0.14371401,0.104197055,0.06170977,-0.06653769,0.08138713,-0.14304262
0.06771861,-0.1485229,0.10031275,-0.046171725,-0.05408319,0.051277712,0.041285515,0.05432283,0.21295395,-0.13157107,0.09242898
-0.03980568,-0.025432639,0.05211062,-0.037209697,0.20525657,-0.11557564,0.05348347,0.0020913556,-0.045080647,-0.005795285,0.1848294
-0.03623852,0.0023889393,0.051121153,-0.051668756,0.03052628,-0.14184025,0.10285014,0.1583415,-0.059869066,-0.111068726,0.038606152
0.088986024,-0.003281027,0.16501446,-0.10188493,-0.044555172,0.03919451,0.09268808,-0.05324544,-0.20938593,-0.014998481,-0.108662814
-0.090035126,0.06687887,0.023198307,-0.021877676,0.08595817,0.11794719,-0.11232062,-0.08122149,-0.001553908,-0.052819706,0.13020366
0.011275545,-0.12132217,-0.07001743,0.10339606,-0.23040369,-0.07785321,0.12007162,0.08278863,-0.08145681,-0.13950892,-0.06438124
0.0299813,0.02736257,0.07634111,-0.08343607,0.1053084,-0.013082042,0.14163864,-0.3089924,-0.06732929,0.008437529,-0.122324616
0.06955817,-0.105732664,-0.36376393,-0.10956706,-0.10019754,0.11269143,0.12639838,0.1718055,0.04562606,-0.0572119,0.1053306
-0.053769797,0.05903499,0.25549018,-0.09073152,0.106695294,0.124525666,0.06589003,0.047191635,-0.076010056,-0.0830494,0.16076778
0.13525882,-0.01609087,0.020533852,-0.12343888,-0.038956612,0.11810845,0.14483804,0.004498571,-0.092971355,0.003118351,0.09401536
0.10034099,0.02237232,-0.076077245,-0.081718706,0.24516118,0.14307487,0.14528343,0.020342201,0.005914971,-0.07629109,0.1835872
-0.07277709,0.093598604,0.11224595,0.037361592,0.07534084,-0.09421241,-0.08830192,0.28073066,-0.09427259,-0.083550334,0.026073731
-0.037414387,-0.03436114,0.1592215,-0.01175493,-0.025326878,-0.089270875,-0.12970284,-0.017966598,-0.061142385,-0.016248181,-0.186216
-0.0982634,0.014280334,-0.068970144,-0.089320496,-0.09966151,0.04221727,-0.1429634,-0.059943683,0.013111025,0.115970165,-0.15858798
-0.05377096,-0.09223055,-0.09287789,-0.07795113,-0.02788207,0.051016733,-0.099658266,-0.19820687,0.13455348,-0.017199218,-0.049740642
-0.08641776,0.10926628,-0.25151393,-0.08430165,-0.122101255,-0.11605489,-0.009332672,0.10984498,-0.0033619404,-0.14931871,-0.19524027
0.10957909,-0.119309545,0.12504053,0.031028941,-0.12450672,0.0059014857,-0.039700933,-0.029720955,-0.028146222,-0.07479825,-0.028869621
0.0034176707,-0.07269654,0.076797165,0.0052018017,-0.039611936,0.1279687,-0.048525207,-0.022533394,-0.012627862,0.03682521,-0.005835049
0.12239438,-0.07249648,0.06759093,0.048579887,-0.07512558,-0.03556039,0.06871283,-0.1772238,0.0131332725,-0.072163515,0.09430157
0.013610482,-0.111066185,-0.29485375,0.09204143,0.19986133,-0.0038162172,0.0008433759,-0.17096367,-0.111342974,-0.02830369,0.23014605
-0.14822891,0.07734041,-0.11037858,-0.018224612,-0.08175653,0.110699505,-0.071864806,0.3065356,-0.1061598,0.06088926,0.0916384
-0.12601388,-0.140942,0.33212167,-0.030176356,-0.01782599,0.12204695,-0.052539237,-0.07345909,0.15510589,-0.009041816,-0.21088172
-0.017215595,-0.018229201,0.022283629,-0.016424507,-0.19700766,0.14970288,-0.0805977,-0.099598534,0.011910081,0.04970509,-0.06425434
-0.012491316,-0.036454402,-0.013864167,-0.059712984,0.0029232204,0.09304869,-0.001056701,-0.1831941,-0.047166184,0.1454143,0.113932386
0.0080361515,0.04453513,-0.25453123,-0.12730251,-0.13861798,0.07694575,-0.026187211,0.0061689466,0.23360927,0.075544596,0.08904374
-0.10097584,-0.11396147,0.027380228,0.13457215,-0.0044777244,-0.03034623,0.12974241,-0.07212722,0.16467893,-0.091725335,0.04774274
-0.10464802,0.032871872,0.0017395616,-0.05498545,-0.06694995,0.1343509,0.016455859,-0.01796116,0.036547497,-0.0362392,0.048632443
0.10825184,0.008344874,-0.049154267,0.025261015,-0.1359641,-0.04760515,0.008099183,0.04127033,-0.08021352,0.001471892,-0.21581793
0.13187742,-0.04705537,-0.07918969,-0.09475782,0.057971545,-0.06259543,-0.041334614,0.00231871,-0.09444542,-0.03372082,0.20138109
-0.11735012,0.0026148856,-0.13009591,0.12578079,0.26792827,0.09460783,0.14640474,-0.010978751,-0.18154414,-0.083146125,0.012987837
-0.10041728,0.08676499,-0.12962556,0.06291257,-0.12834476,-0.04479736,-0.105634265,0.23290668,-0.002149865,-0.1470538,-0.14106159
-0.07487044,-0.05352688,0.23373337,-0.014878124,-0.16473141,-0.0034169555,0.13214672,-0.040992588,-0.10649204,0.031590417,-0.24874595
-0.06506939,-0.07769557,-0.013705432,-0.027010687,0.070471406,-0.059446216,-0.046031088,-0.24514067,-0.028371707,0.1173276,-0.031031325
-0.0056002587,-0.07524775,-0.26236522,0.009711176,-0.17662305,-0.008859664,-0.074711666,0.117005825,0.006709039,-0.095668375,0.0053571165
0.013080522,0.10525131,0.21773532,-0.092518196,-0.0849735,-0.08865072,-0.022276744,-0.2676244,-0.025864065,-0.016046673,-0.14877447
-0.012339652,0.03928417,-0.23905343,0.0246294,0.08870873,-0.052447416,0.00826557,0.017407909,-0.090858564,-0.04370279,-0.105979234
0.105995715,0.1263113,-0.030370444,-0.08747367,0.027256921,0.09437205,-0.0014772713,-0.05644022,-0.0014485642,-0.047230802,0.016885176
-0.10598916,0.14275396,0.011474133,-0.13486831,0.24224508,-0.061496742,-0.047777727,0.07522413,-0.021952607,0.09273718,0.20931855
0.13559166,-0.119092055,0.114419535,0.040533245,-0.17192991,-0.018995255,0.06374949,0.31154943,-0.04121384,0.016854435,0.0026106834
0.019205183,0.12467015,0.27044505,0.04500945,0.084757484,0.14356524,-0.034610532,-0.2087933,-0.0045879185,-0.076240666,0.17329057
0.023685277,0.12420264,-0.06335415,0.03662397,0.020040661,0.10786879,0.114791214,0.00915806,-0.0420349,-0.1407663,-0.08683264
-0.08920629,-0.055857413,0.055291206,-0.08203553,-0.074297145,-0.014692679,0.044664726,0.10955912,-0.26080146,-0.0026483238,0.13309133
0.13140199,-0.13584484,0.108569115,-0.052805617,-0.09062931,0.040709034,0.03315203,-0.0047409683,-0.13130583,-0.06721184,-0.000930056
-0.04904151,0.10661474,-0.08566795,0.111982584,0.27743,0.0184149,0.09723005,-0.22712171,-0.12330237,-0.076654136,0.058534414
0.04088156,0.03943242,-0.22993028,-0.13855536,-0.046574026,0.0615073,0.09499428,0.2937212,0.023772508,-0.11376837,0.09661013
-0.10812865,-0.14227523,0.19484703,-0.1066525,0.16093083,-0.044394962,0.08662774,-0.1179538,-0.09560658,0.07100734,0.17974187
-0.095026165,0.032338575,-0.22128306,0.07031527,-0.049071893,0.03469357,0.00715816,0.17919263,0.09031832,0.02112256,-0.23203114
-0.06707143,0.06157887,0.107731715,0.094345674,-0.2213073,-0.1034407,0.08881211,-0.1426308,-0.07573147,-0.051162854,-0.04773049
0.10329452,0.018556356,-0.17750224,-0.10477322,-0.09243935,-0.021158248,0.10619831,-0.072136566,-0.052986145,0.11117649,0.072901465
0.099220544,0.040596038,-0.22083353,-0.026672155,-0.03368339,0.032699153,-0.09802301,0.011747271,0.16845448,0.010526538,0.095629424
0.048901185,0.09155516,-0.13677198,-0.14175054,0.08496627,-0.13613221,0.14426577,-0.15906623,-0.10007954,-0.108183056,0.16800533
-0.05160155,-0.029922314,-0.07625975,0.037610754,0.05364497,0.119065076,0.14593846,0.21967322,-0.119781405,0.029680133,-0.041580364
-0.016426057,0.0662594,0.20921548,0.02773878,-0.060661085,-0.04667616,-0.06383438,0.045394883,-0.11197044,-0.046896152,0.09320978
-0.07842654,-0.069143794,0.08102536,0.109912485,-0.028620705,-0.069788545,-0.115838856,-0.16383854,0.0060943738,-0.09857793,0.01833357
-0.10634945,0.11355671,-0.241415,0.097588345,-0.14962319,-0.018959656,-0.002518952,0.02819401,-0.0444652,-0.071713135,-0.07258421
0.08076878,-0.034013882,-0.050261267,-0.124388985,-0.037787735,-0.012359008,0.13115501,-0.14418352,-0.09821313,-0.06987112,-0.21200953
0.027689159,-0.042199247,-0.21094923,-0.04248918,-0.007966049,0.1303545,0.13587242,0.030470029,-0.06514586,0.08169995,0.16598544
0.037320152,-0.1323973,0.114575416,-0.057463452,0.13563621,-0.06975888,-0.03729465,-0.14038175,0.18830507,-0.06380473,0.13852957
-0.019515961,0.06319682,-0.13038509,0.11789575,0.10869147,-0.08205879,-0.11675544,-0.009278432,-0.10638521,-0.046521984,-0.10312863
0.13369077,0.1486102,-0.037946455,0.039724007,0.076108515,-0.0480418,-0.06900205,-0.017460108,-0.15144184,0.14446935,-0.11470821
0.07811515,-0.115207925,-0.00060752034,0.109926105,0.2532053,-0.020638674,0.08479534,0.07138306,0.081196964,0.03241834,0.0032594353
-0.056332096,0.010576859,-0.0017688125,-0.08864947,0.038561113,0.05602987,0.10513109,0.31122833,0.12345059,-0.036659114,0.14834227
0.11523175,-0.10970135,0.35770744,0.025287524,0.02004005,0.085637,0.10775122,-0.051869072,0.03517679,0.029922828,-0.076830536
-0.032560267,0.009755567,0.09623044,-0.11705565,0.121726274,-0.044532023,-0.042006165,-0.031632975,0.07157402,-0.10587278,0.13366577
0.10294986,-0.12848434,-0.07716891,0.14449361,-0.10503438,-0.00049874187,0.10191208,0.20535085,-0.027862549,0.07692538,0.061964236
0.13207436,-0.072883435,0.21828376,-0.011603922,0.112543926,0.14375827,-0.05510824,-0.25295565,0.032194898,0.081707165,0.24464452
-0.11338189,-0.11345787,-0.1074253,0.10597828,0.15674561,-0.01039122,-0.14160043,-0.02781485,-0.06294516,0.025053442,0.111569285
-0.03501597,0.07859005,-0.08407095,-0.109369636,-0.08944616,-0.1075283,0.020394534,0.010961443,-0.0022426173,0.046442106,-0.020462587
0.05850117,0.13124195,0.101968706,0.02242288,-0.10423356,-0.12804945,-0.019619897,-0.09518333,0.10603091,0.07550265,-0.1530369
-0.025913894,-0.012643844,-0.23234417,0.1413855,0.061702564,0.08645059,-0.14394909,-0.12525423,0.010991678,-0.004231423,-0.014381692
-0.13304469,-0.107533984,-0.010396436,-0.047291227,-0.06924824,-0.01835069,-0.005237356,0.07899189,0.13518703,0.102644295,0.05515924
-0.037287787,-0.034320384,0.12712315,-0.06707064,-0.13525176,-0.038680978,0.14613855,0.063042246,0.013927169,0.14438924,-0.109098345
-0.0009955168,-0.08005396,0.026045531,0.044749588,-0.17132121,-0.116643175,0.10831627,-0.08857922,0.052836128,-0.034180664,0.05079317
0.11903718,-0.14038529,-0.050078332,0.08444776,0.0083990395,0.14028472,0.09165929,-0.3164206,0.10420761,0.090600386,-0.011290222
-0.07112786,-0.030945666,-0.2845698,0.0017565787,0.14719744,-0.12891974,0.10168049,-0.07245943,0.03243584,-0.051635347,0.15197657
-0.06481351,0.113876075,-0.17880988,0.06243156,0.049113005,-0.02672115,0.026426718,0.2264728,0.06225849,-0.13113719,0.014542773
-0.07558802,-0.14461708,0.2894529,-0.12474785,-0.081395835,-0.14985403,0.06511037,-0.09624681,-0.25048968,0.11688855,-0.104423836
-0.019263476,0.13813147,-0.08997479,-0.13003567,-0.12863922,-0.1351572,0.033552885,-0.18989733,0.0584258,0.028317839,-0.018221661
0.12029871,-0.122996815,-0.2676983,0.019930795,-0.004069671,0.1037482,0.06911504,-0.095296845,0.07127464,-0.07960661,0.12364206
0.06880918,-0.0753444,-0.21604437,-0.03370332,0.16893823,0.056401923,0.09013116,0.03967485,-0.13189462,-0.009170219,0.21373181
-0.1287689,-0.04053569,0.1590387,0.083914414,0.013501942,-0.07645487,0.12733108,0.27117664,0.12060611,0.032957137,0.06445056
0.00533247,0.08220519,0.29538763,0.12378684,0.016012862,-0.07913708,-0.008507535,0.13529116,-0.0012805983,-0.07346371,-0.2767002
-0.050134316,0.115353346,0.22139575,-0.11180064,0.06972605,0.13419074,0.050797954,0.07069111,0.037884474,0.09797649,0.14400485
-0.14556628,0.032298326,0.09816998,0.10007325,-0.14239243,0.050302505,-0.1099235,0.087060004,0.121284425,0.046490476,-0.15298416
0.09994945,0.06263888,0.1045116,-0.1186529,-0.24460638,-0.0652191,0.106000364,-0.13904372,0.15422334,0.04206808,-0.20769969
-0.11737417,-0.08690283,-0.18354079,-0.1451891,0.09323193,0.042584553,0.088758916,-0.3063903,-0.040440872,0.08470951,0.1337383
0.034605443,-0.09441571,-0.43806022,0.048748955,-0.061510548,-0.10227691,-0.11516105,0.23388864,0.23348461,-0.020040363,-0.17582826
0.032861367,-0.13688545,0.2172491,0.14920089,0.07520656,0.121798486,-0.038147077,0.031477764,0.092975765,0.031686753,0.057440877
0.072685525,0.04908076,0.14512698,-0.108361036,-0.028661482,-0.013523459,-0.018429205,-0.023954332,0.15082356,0.07245304,-0.052731752
0.100397766,-0.068396926,0.1253438,-0.148551,0.2123876,0.10068911,0.031256795,-0.12954386,0.15601061,0.0015940517,-0.030992426
0.061384425,-0.14959979,-0.13083442,-0.012068272,0.1081534,-0.08197335,-0.12003562,0.09061855,0.13031946,0.04433517,0.055558167
0.1317366,-0.04587668,0.15293635,-0.079862505,0.17070915,-0.07404322,0.10425401,0.05141613,-0.06904936,0.10608685,0.18512289
0.058085263,-0.015444145,-0.013796367,0.046138167,0.2537007,-0.13200521,-0.024647832,0.22713019,0.05612556,-0.13618325,0.051442765
-0.11977732,0.008403659,0.13557088,-0.054510914,0.054362804,0.10422987,0.11476609,0.32497233,-0.20203243,0.009637371,0.1313804
0.10106799,0.061344415,0.44935057,-0.028425872,-0.14344744,-0.038638167,0.01446113,0.17639634,-0.11569823,0.11706269,-0.15901141
0.12354478,0.14216396,0.27985576,-0.113968,0.010083362,-0.06723161,-0.13294181,-0.19641052,0.17695613,0.07471569,0.12661126
0.12025985,-0.07475549,-0.15158752,0.10194203,0.2597586,0.059051484,-0.14477102,-0.05832395,-0.06202607,0.021244377,0.097067855
0.053798184,-0.12175204,-0.18054116,0.11122471,0.18585064,-0.016774327,-0.14565635,0.13885391,-0.024514362,-0.13442409,0.10082969
0.1217446,0.06443766,0.106338345,0.08126135,0.05545105,0.10700485,0.13189122,0.21846293,-0.21742389,-0.0394374,0.14639333
-0.12971851,-0.015759319,0.21219383,-0.1161097,-0.018106177,0.029845923,0.100833565,-0.02385433,-0.12908994,0.09859519,0.0010861754
-0.032223828,0.14403135,-0.17179276,0.015310392,-0.108985126,-0.03333269,-0.06447035,0.023434311,0.17813513,-0.106766105,-0.13690159
0.055519998,-0.048254177,0.13830686,-0.09231697,0.010791518,0.02988547,0.02941741,-0.030651614,-0.13996044,0.04105051,0.024909012
0.010175571,0.05202122,0.000811249,0.0791928,0.060129583,0.116197765,-0.0865868,0.15256256,0.17643543,-0.043510705,-0.007998526
0.13327631,0.13552475,0.019609317,-0.0010396093,0.15066965,0.12838003,0.07802831,0.0039965585,-0.18461806,0.031413138,-0.12502493
-0.1000316,0.108223826,-0.004762627,-0.09315415,0.27182016,-0.08215034,-0.029237315,0.24318415,-0.052803434,-0.07811378,0.17923878
0.008560792,0.01692009,0.16516355,0.047275767,-0.18387093,-0.12850523,0.13062298,0.2886713,0.009889901,0.102543354,-0.2288282
0.026862606,0.034127712,0.25043005,-0.036810458,-0.12442519,0.01124683,-0.1435373,-0.17252271,0.18770573,-0.013472408,-0.10437418
-0.055932015,0.12599638,-0.03750144,-0.042969488,-0.08428304,-0.045963787,-0.00782153,-0.043867618,-0.058589987,-0.039079003,0.0725427
-0.13487163,-0.07592249,0.004644215,-0.010048121,-0.14863607,-0.014523387,0.109810054,-0.15428446,0.09576834,0.12079257,-0.13480797
-0.036440067,-0.1329099,-0.12501289,-0.034598373,-0.16377582,0.10609302,-0.14664213,-0.25763303,0.071407214,0.06717841,-0.105075404
0.011768803,-0.14911556,-0.10940978,-0.06254786,-0.0010375753,0.053214297,-0.06292048,-0.099721,0.12497705,-0.07363056,0.028630204
-0.11729892,-0.04221443,-0.10968672,0.1421791,-0.1061416,0.10411385,0.09163299,-0.11496044,-0.021648452,0.05068928,-0.13206947
-0.105302274,0.0937053,-0.0285156,-0.13536875,-0.2125558,-0.050950207,0.044532493,-0.15701142,0.13689743,0.11560097,0.018059708
-0.12890647,-0.006193906,-0.24627149,-0.08311316,-0.11410251,-0.06361381,0.1168603,-0.13809569,0.20025955,-0.085153736,0.017697126
0.1061469,0.10534227,-0.114356294,-0.08186006,-0.26590538,-0.014675587,0.14929324,-0.09888883,-0.19804356,0.029116988,-0.27240193
0.07102436,-0.028569065,-0.007950261,-0.13207868,0.06290851,0.10327828,0.03047347,-0.1343258,-0.05881577,0.0055754334,0.06981098
0.13298434,0.04126261,-0.04642774,-0.037986092,-0.0071173534,0.11174837,0.10937807,0.17334855,0.093658686,0.006745577,0.1308044
0.0838532,0.044010043,0.026849806,-0.09763116,0.1146272,0.045460373,0.028428555,-0.11918168,0.036871612,-0.04888671,0.10024673
0.027174622,0.078329995,-0.19382773,0.08338849,0.030818187,0.040283844,-0.14410287,-0.019277751,-0.014127456,-0.061829552,0.07173668
-0.065025225,0.0054822713,0.030734703,-0.07622913,-0.023586974,0.075040385,0.124572545,-0.08729342,-0.0025314838,-0.0013239384,0.17034766
-0.14974026,-0.044702142,-0.20283583,0.12852028,-0.002487108,-0.00890097,-0.035840556,-0.12966956,0.073050335,-0.14964236,-0.046405584
0.010597125,0.061456025,-0.091377616,-0.13496594,-0.214361,0.12595478,-0.04365682,0.050582826,-0.17741835,0.024719447,-0.23657751
0.071665764,0.12822947,-0.07436969,-0.031290203,-0.010752469,-0.05481463,0.14886916,-0.26207942,0.030965805,-0.058040254,-0.052443728
0.10966581,0.14618114,-0.26045692,-0.05259812,0.14721484,0.07622443,-0.10463518,-0.040878884,-0.20266217,-0.027986638,-0.030696742
-0.11640918,0.009234861,-0.0066062436,-0.106390685,0.12194748,0.08210553,0.069222555,0.10094853,0.020927034,-0.09962347,0.12545258
-0.13041088,0.053550825,-0.03136435,0.07172878,-0.10130674,0.13614029,0.13177362,-0.025754675,-0.076944485,0.047904536,-0.010118067
-0.029925138,-0.03914704,-0.06797506,0.046719566,-0.2682662,0.008776888,-0.124778174,-0.2102764,0.06954698,0.061396584,0.0016981065
0.057002857,-0.13200213,-0.31668493,0.0048336983,-0.063366614,-0.056288145,0.05087088,-0.1733616,0.07761346,0.05652234,0.045794174
-0.091669455,0.09352988,-0.18543093,-0.14186943,0.07508087,0.114783764,0.095805004,-0.041761182,0.16643131,-0.123849005,-0.057204664
-0.00026990473,-0.08554462,-0.15372223,0.1325944,-0.11689061,-0.02043122,-0.14834586,0.10607216,0.022530556,-0.10374834,-0.20925272
0.10419971,-0.14444867,0.090514645,-0.14554268,-0.06623757,-0.1336165,-0.014572591,-0.07677974,-0.13688427,-0.14276433,-0.028872125
-0.08197836,-0.111785606,-0.043338597,0.05919929,-0.0050682575,0.03515628,0.039840013,-0.20697726,-0.00512141,-0.090828225,0.14753921
0.013954967,-0.083146304,-0.18584238,-0.054837175,0.026129536,-0.012470916,-0.13312379,-0.08942042,-0.10708459,-0.072525896,-0.010833137
-0.03928961,0.11107823,-0.10039592,-0.107499026,-0.008186281,-0.139375,0.012772068,0.053272866,-0.09645746,0.04287778,0.1555947
-0.020681173,0.0097031295,0.04514391,0.08412954,-0.08211049,0.041693106,-0.088232845,0.086396545,-0.05356831,-0.011623293,0.025966316
0.108724475,0.07617921,-0.014344692,0.101269305,-0.14102337,-0.027137093,0.07064748,-0.015963994,-0.082179755,-0.08606413,0.053231284
0.059547186,-0.0063676536,0.06822317,-0.10800171,0.07480177,0.03674683,0.099962324,-0.050959364,-0.1259425,-0.01827754,0.049887247
-0.044938534,0.071434185,0.038448066,-0.11096205,0.117301315,0.10775265,0.07345942,0.14038514,-0.10179758,-0.13586225,0.10091543
-0.008082837,0.12834895,0.27453977,0.119087964,-0.08301296,-0.14557819,0.01923789,0.09148995,-0.09361637,-0.046770215,-0.086768106
-0.01756218,0.11520475,0.22942838,0.10311192,0.075569704,-0.065367706,-0.080182195,-0.037739642,-0.044934988,0.1301299,0.11053428
0.1322144,0.036485553,-0.1726821,-0.14811918,-0.10895978,-0.06663666,-0.10759603,-0.029052809,0.19128947,-0.13351494,-0.01397419
0.08601326,0.107957244,0.10774903,0.021870017,0.1303476,-0.016355425,0.11457661,-0.13437206,-0.23182705,-0.013696253,0.14582954
-0.109621994,0.11820334,-0.08145791,-0.03590042,0.14706317,-0.13761936,-0.015469044,0.2749707,-0.1556136,0.061562285,-0.03391833
-0.1325961,0.14962545,0.2576644,-0.0046221763,0.0052118674,0.09584433,-0.055625156,0.0924273,-0.0706138,-0.025053658,-0.22994582
-0.038436167,-0.03531874,-0.018122807,-0.08998322,-0.074129224,0.13064441,-0.13309798,0.12804204,0.04309488,0.13961372,-0.051954225
0.073262975,0.120241016,0.09243853,0.13081437,-0.03973631,0.09181924,0.003912568,0.06843135,0.12776427,-0.038039714,-0.07722159
-0.11183285,-0.11722298,0.03586182,-0.09007819,0.013809986,0.0029188544,-0.010081872,-0.021037526,-0.1277359,0.0724138,-0.04622072
-0.10121143,-0.12969741,-0.115126245,-0.030910634,-0.016708441,-0.09164422,-0.0034323484,0.019519888,0.15906228,-0.009674162,-0.20328838
0.10327256,0.08315481,-0.04023789,-0.048513904,-0.18831682,0.00543119,-0.06303145,0.06687107,-0.010452196,0.039946362,0.0009948015
-0.12969382,-0.065729804,-0.015062518,0.05018796,0.23785385,-0.025481217,0.07701534,-0.3198923,-0.0014891922,0.05592671,0.08540392
0.10965994,-0.07812005,-0.3124737,-0.1473561,-0.06158948,-0.14899266,-0.0634618,0.3729566,0.01005321,-0.11204843,-0.19541399
-0.043769024,0.027708665,0.4496886,0.0733311,0.16139463,-0.018156141,-0.1475344,-0.13954291,-0.13381973,0.12344101,0.12073058
0.0713218,-0.08684575,-0.24567896,0.007651791,-0.02869182,0.1071296,0.10530758,0.2637405,0.16125713,-0.08278215,0.059127517
0.10763717,0.0660788,0.13317151,-0.016490236,0.069282606,0.063806,0.11577061,0.021974318,-0.08094272,-0.013190582,0.08928321
0.11097205,0.1188404,-0.04720948,-0.086088866,0.23364171,-0.020408943,-0.014165461,0.079815716,-0.11037591,-0.06682551,0.13908973
-0.029371299,-0.11139023,-0.0018171743,0.04452741,-0.03460592,-0.049572498,-0.03133645,0.27929187,0.0116536915,0.01879558,0.10978685
0.06680204,-0.14351726,0.39906433,0.055144206,0.03511674,-0.0875507,-0.12727498,-0.09397451,-0.03867656,0.0006530136,-0.16735691
0.06543954,0.056916043,-0.19357508,0.08438119,-0.030396432,0.11682829,-0.13053092,0.13814622,0.052153632,0.042989105,0.040053636
-0.082226284,0.057285786,0.27567282,0.14465815,-0.022034742,0.10912955,0.04966125,-0.10373855,0.1476621,0.11201167,0.1425388
0.12402958,-0.13874227,0.03151372,0.0022491366,-0.19849518,0.087088615,0.07136327,-0.10874339,0.016261935,-0.027399302,0.018621348
-0.09531744,0.008982301,-0.044695638,0.033224344,0.12964046,-0.0103842765,0.10904792,-0.08656889,0.112092584,0.0069794804,0.12445989
-0.002133891,0.077034906,-0.056346506,0.0057269037,0.04829131,-0.062018216,0.14553949,0.21043062,0.019157857,-0.070666164,-0.18422595
0.048587188,0.07926755,0.122417845,-0.128892,-0.10314199,0.030517623,-0.10878581,0.18564828,-0.064500466,0.1269275,-0.14084165
-0.045227908,-0.09556659,0.21941397,0.013524309,-0.015804283,0.08379236,-0.092235774,-0.11634588,-0.0046388656,0.03626375,-0.021328725
0.01415959,-0.08806562,0.010682553,-0.114444315,-0.13031685,0.086631194,-0.022758111,0.10480476,-0.1033255,0.06202358,0.097823806
-0.062641904,0.043609157,0.01535321,0.083187565,0.07247645,0.12154609,0.105030864,-0.26272765,-0.02215156,-0.115521446,0.021850437
0.13413647,-0.03307908,-0.2012846,0.11841568,-0.122646086,0.097767875,0.12782586,0.2077223,-0.09792669,0.051880106,0.06658332
-0.12475826,-0.0808121,0.16899511,-0.05040951,0.28095224,0.0669927,0.12776142,-0.24054477,0.13417313,0.011670351,-0.001758784
-0.06795499,0.05027479,-0.17537947,-0.11761691,-0.22980973,-0.0783948,-0.035231978,0.3814278,0.1362691,0.025271714,-0.19268975
0.016146392,-0.07820371,0.4887594,0.05358301,-0.014387429,0.03367445,-0.035366915,-0.3692115,0.07687625,0.14901471,-0.12977001
-0.031416535,0.13959563,-0.3889163,-0.04644739,-0.007878885,-0.07196861,-0.07235749,-0.08424601,0.042941973,0.038545907,-0.04289908
0.043482512,-0.10033413,-0.08256434,-0.07648858,-0.17482929,-0.009081617,0.045201674,0.1357155,0.116778985,0.030678585,0.017966479
0.04906331,0.0034321696,0.009018779,-0.010808334,-0.05496356,0.03785439,-0.099764496,-0.0681562,0.17081709,0.13056388,-0.011831112
-0.06511422,0.10035181,-0.12616411,0.06185916,0.009311289,0.056819722,0.06286915,-0.056756347,0.101129465,-0.1329828,0.13712655
-0.07277282,0.121079534,-0.014138207,0.029535487,-0.07033237,0.0247671,-0.083978355,-0.030099392,-0.23146746,-0.07047188,-0.14556041
0.08061001,0.07386403,0.048855647,-0.12960866,-0.120106876,-0.08009359,-0.028950587,-0.14819813,-0.06876297,-0.05398915,0.07716543
-0.088632226,0.08701472,-0.18744707,-0.06488359,0.19510359,-0.02375491,0.14988044,-0.08967307,-0.10888955,0.07453215,0.11743367
-0.018877923,0.04376605,-0.10990514,-0.09187396,-0.0896015,0.12350744,-0.006729558,0.2267213,0.21157461,0.024325162,0.02290827
-0.11068179,0.1238237,0.33945292,0.12027171,0.013732076,0.026953593,0.056572884,0.01474832,0.0072880387,-0.13525486,-0.06416742
-0.046435066,0.0920679,-0.07185127,-0.02377063,-0.1355329,0.115644306,0.08402322,-0.008119196,-0.074832484,-0.023983613,0.024017021
0.013604417,0.07872154,0.07810922,0.072401986,0.022193186,-0.1274556,0.031986058,-0.103070155,0.10101412,-0.080625705,-0.10078878
-0.08121536,0.08211185,-0.028358385,-0.11178273,0.034648076,0.07226236,0.006293729,-0.11682675,-0.021933682,0.025423482,-0.13001892
0.08583163,0.08489092,-0.073238336,-0.019064367,-0.22604236,-0.1128419,-0.034809135,0.17239483,0.051747248,-0.06348188,-0.017303593
0.10002226,0.13729379,0.25426605,-0.009101465,0.084665254,-0.03736414,-0.105027795,-0.1700507,0.05556695,-0.047079675,0.069218814
-0.052482694,-0.14697938,-0.0790301,-0.12968032,0.12843272,0.07794617,0.13373905,0.038448147,0.032597803,-0.11406999,-0.038366437
-0.10319029,0.084322914,-0.047516584,0.03028877,0.050743103,-0.110106796,-0.037697196,0.08488379,-0.103671215,-0.06669186,0.047216803
-0.13744342,-0.13322029,0.23318556,-0.08290583,-0.20599887,0.020422593,0.08386214,0.049136803,-0.09149717,-0.07421358,-0.23713462
0.01875195,-0.10238689,0.023060918,0.011926547,-0.28671217,0.100577384,-0.029908203,-0.15821998,-0.047603175,-0.10430074,-0.1459004
-0.048379257,0.13009343,-0.23114057,-0.0057371706,0.042219475,-0.04354293,-0.059905678,-0.42097068,-0.13442291,-0.1092502,-0.12323038
-0.010766536,-0.011127159,-0.48254326,-0.064719774,-0.047201768,0.029246822,0.036917835,0.08568609,0.038896546,-0.076351285,-0.0525627
0.06485587,0.13988659,0.23036936,-0.13061656,0.05295126,-0.025932886,0.12788194,-0.17832135,-0.0015630871,0.01124844,-0.034041673
