A,B,C,D,E,F,G,H,I,J,K,L,M
0.150828,0.9975487,0.9658521,-0.05300664,-0.09924322,-0.059655532,0.39063334,0.12193248,0.18039016,0.09774561,0.78735256,0.08939648,0.91839147
0.6883161,0.87402856,0.731729,-0.070116185,0.039278492,0.11880094,0.27849323,0.5031312,0.31593502,0.08428715,0.6373478,0.0956365,1.1013451
0.6350025,0.9372512,0.98085475,0.11263043,-0.1254348,0.016317055,0.21496513,0.6136066,0.1047871,0.07505159,0.8957693,-0.030947454,1.0409657
0.5652419,1.0045197,0.8159849,-0.013108015,0.034019366,-0.051639408,0.42723453,0.30582744,0.36395293,-0.13063213,0.63328755,-0.068818904,1.003584
0.49266738,0.89806974,0.9637259,-0.089579955,0.093026355,-0.13561486,0.09827618,0.60231197,0.2767562,0.09147656,0.7929896,-0.065877706,1.1461856
0.33262116,0.8737693,0.92197895,-0.04437978,-0.041000538,0.009191632,0.28300396,0.35798016,0.0061401725,0.100655526,0.72283685,-0.058982708,0.94516957
0.64076316,0.95119023,0.7739688,-0.026374735,0.09357992,0.029278219,0.23206982,0.47182643,0.37237734,0.107844055,0.6794952,0.006144926,1.1658268
0.5658543,1.000819,0.8459208,-0.10830047,0.06577082,0.12140581,0.28147978,0.3770567,0.19653018,-0.054322332,0.8822384,0.07146542,1.1260675
-0.06702777,0.7836833,0.7881204,-0.12995525,-0.08102607,0.14169273,0.3041188,-0.06949624,0.028377324,-0.04438945,0.7851727,0.07394783,0.9307335
0.627851,0.7677031,0.7225204,-0.013840407,0.057059094,-0.055815056,0.37857246,0.5012703,0.477534,-0.010318741,0.548153,0.1056751,0.8984023
0.39872557,0.8250978,1.0143883,0.070362374,-0.14594899,-0.105415806,0.10568074,0.33051085,0.33983663,-0.04432161,0.89629775,-0.11473949,0.92163587
0.26796424,1.0546254,0.69725925,-0.06354758,-0.04551752,-0.115932226,0.21383701,0.29723465,0.19404799,0.06774594,0.6182889,0.05500886,1.127802
0.8307041,0.8832075,0.7618332,0.04257503,-0.012308508,-0.1284875,0.16958576,0.6433976,0.38432404,0.008949101,0.5832434,0.13785732,0.8600783
0.5081428,0.9303808,0.97837806,-0.14758171,-0.08628545,-0.109028116,0.21765831,0.6916286,0.25790396,0.0195982,0.8935782,0.010108739,0.9617507
0.34324938,0.87600017,0.6237405,0.006099537,-0.05891993,-0.1097803,0.29121262,0.340715,0.16822419,-0.088695556,0.75923055,-0.13626751,1.2038895
0.5250996,0.7511035,0.6807588,0.092189714,-0.13282049,0.113682926,0.18679859,0.61365014,0.39327145,0.040056914,0.72724235,-0.03830584,1.0303658
0.6433176,0.76399666,0.906134,0.0032251477,0.01776588,0.021068782,0.22203015,0.6103415,0.029244095,-0.101046026,0.6993329,-0.0077796727,0.8379698
0.37851793,1.0204221,0.81789476,0.018499643,0.015412688,0.03246662,0.03599966,0.43822837,0.2014942,0.10872495,0.6044845,-0.022215053,1.1055081
0.48495245,0.9060021,1.0032126,-0.03980495,0.119969815,-0.121088244,0.26453507,0.6492615,0.055219788,0.06729926,0.36044383,0.0028344542,0.8430084
0.15906893,0.8800782,0.95183206,-0.08088666,-0.07155716,0.057763174,0.14455506,0.071429834,0.25411654,-0.017194137,0.48445204,0.08807148,1.1274896
0.41240302,0.9159389,0.79222834,0.14680168,-0.10371053,0.030986473,0.3471634,0.34289518,0.07469028,0.07329285,0.4934678,0.08552648,1.0559456
0.2985835,0.9858741,0.5916981,0.027546704,0.14569473,0.105679154,0.43167037,0.25852567,0.19477837,-0.036158755,0.5945309,-0.0009469092,1.0723364
0.4305965,0.8759442,0.7709508,0.122434646,-0.12075869,-0.093636245,0.09423295,0.44080704,0.3902464,0.08918752,0.6995732,-0.014769927,0.9629437
0.42243546,0.92392606,0.7093778,0.13674483,-0.020001084,0.13340002,0.45590705,0.4123803,0.07988705,-0.105510145,0.5961092,0.056388944,0.8034186
0.40685475,0.8431878,0.7295259,-0.075685985,-0.059289932,-0.12389419,0.46196097,0.41145092,0.34905672,-0.036014467,0.77750957,-0.042648986,0.94000137
0.5479585,0.92739344,0.77764744,-0.13095751,0.061668187,0.08837111,0.29354215,0.615916,0.26693147,0.027370334,0.8818988,-0.056038357,1.1965687
0.29838246,0.7136762,0.7949784,-0.0905499,-0.057524964,0.11222842,0.47102088,0.18244886,0.27838424,0.0969934,0.6758623,0.017074212,1.080118
0.6559069,0.8141265,0.93100536,-0.099238604,0.05353743,0.0103453845,0.22665569,0.5054361,0.26393026,0.14163488,0.7656265,-0.014931738,1.2062843
0.44307828,0.88924986,0.9408679,0.008976102,0.10760006,0.13545603,0.2860788,0.38051063,0.39141285,-0.10179071,0.6943203,-0.05837637,1.0240095
0.422823,0.98173416,0.97874874,-0.034979045,0.08806011,-0.13709527,0.13747069,0.50727105,0.28826165,0.013296813,0.7828931,-0.10088922,1.2162178
0.6568886,0.9909377,0.9674562,0.13242635,-0.115765214,-0.096925735,0.30178452,0.52084804,0.01338917,0.09281044,0.52372587,0.014800221,1.0909119
0.504486,1.0346575,0.90736806,-0.08444554,0.1398468,-0.0141516775,0.24346788,0.5219979,0.08508219,-0.112834096,0.43928486,-0.1396894,1.1778288
0.6337997,1.0092583,0.9390223,0.038386002,-0.049478553,0.11330375,0.3224935,0.38904804,0.36242223,-0.090856045,0.49872455,-0.14488189,1.1558478
0.24912144,0.96724266,0.57330245,0.012263715,-0.0630649,0.019474506,0.2899275,0.098415926,0.15042314,0.013754472,0.8159863,0.045847222,1.2587272
0.23744893,0.6184925,0.558828,0.082292244,0.020195752,0.068017066,0.20210728,0.27024117,0.16437411,-0.051324718,0.64358455,0.121124625,0.8848384
0.69771755,0.70989704,0.73837876,0.0077708066,-0.025281072,-0.12948923,0.14166676,0.62300766,0.06292726,0.041499406,0.54692596,-0.061818324,0.8316708
0.37810743,0.860256,0.7933868,-0.09754376,-0.03684368,0.113230705,0.104854055,0.4626274,0.20183763,-0.13051303,0.55794525,0.11950728,0.9506188
0.29110038,0.91519296,0.8660561,-0.010115832,-0.010274351,0.10338345,0.30944946,0.4119247,-0.019571133,0.119499534,0.41496497,-0.14177668,0.8710437
0.31893337,1.0665354,0.8608306,0.019832686,-0.13390872,-0.05609136,-0.042869084,0.17178334,0.35633636,0.021690115,0.49596795,-0.106776886,1.1310173
0.49210256,0.9663366,0.5838773,-0.02966874,0.06408872,-0.0414218,0.210218,0.4392462,0.03849206,0.02653101,0.57497036,0.03706482,0.9706446
0.1998428,0.6435727,0.70600367,0.13772601,-0.07823171,-0.0984742,0.13067853,0.10470135,0.14808708,-0.07358514,0.64449084,-0.06517931,0.8327468
0.5230497,1.0028791,0.5890705,-0.13173094,-0.010369346,-0.08839839,0.23603177,0.66296494,0.22813274,-0.1498676,0.47445473,0.023689881,0.9082391
0.19365618,0.7681992,0.7115872,-0.053784065,-0.02615229,0.05796881,0.25096214,0.22953972,0.3016587,0.086101785,0.78287596,-0.009038985,0.9018732
0.4984488,0.6667358,0.8186348,-0.0041475594,0.08815178,-0.13350163,0.28540987,0.34644312,0.24465255,-0.053067096,0.65289354,-0.11717281,1.0237708
0.3788503,1.0139258,0.89619166,-0.086977,-0.006490499,0.12823737,-0.058629885,0.4773478,0.2506279,-0.14785,0.7198112,-0.03371755,0.92895794
0.4824771,0.84696984,0.9902563,0.11840731,-0.053710394,0.14094651,0.43859744,0.47331667,0.016313039,-0.052355237,0.48389685,0.14552683,0.791686
0.56651586,0.92943335,0.7006932,0.09651992,0.14047685,0.050146,0.3880405,0.38842568,0.41376874,0.033968493,0.68614674,0.062791124,1.2990317
0.5794666,0.8332068,1.064595,0.043186396,-0.07483879,-0.1316734,0.4033475,0.469345,0.21841997,-0.12121422,0.861704,0.13535887,0.9575592
0.025128752,1.0040152,0.67850935,-0.06413915,-0.05770628,0.027766705,0.11814481,0.16948673,0.40328962,0.028577417,0.73655486,0.08248295,1.3492665
0.7453009,0.8257746,0.6544843,0.07911123,0.07581319,0.1345866,0.35186034,0.60486174,0.3411985,-0.1127764,0.6022978,-0.0640425,1.0236337
0.51947653,0.95372856,0.9657928,-0.06191297,-0.0035808533,0.049364522,0.28527343,0.43218294,0.2877946,-0.063085504,0.8380843,-0.05003593,1.0722965
0.7124489,0.9079856,0.80706453,-0.009902775,0.13019237,0.045838162,0.29482442,0.6166965,0.1333182,0.06949304,0.7513716,0.14571297,0.9963096
0.73003745,0.9821942,0.88120455,0.023688406,-0.13619505,0.048096284,0.01608295,0.6227089,0.24572727,-0.030979745,0.73914075,-0.10030648,0.92660594
0.46123758,0.8536679,0.91673815,-0.010724291,-0.08781081,0.092594475,0.122077264,0.5235745,0.23072472,-0.028239854,0.4879087,0.07877055,0.8353682
0.38893157,0.9223926,0.8282149,-0.084202394,-0.1296382,-0.050426997,0.1658702,0.37687713,0.1169975,-0.03187076,0.53393364,0.031140238,0.8725031
0.5727812,0.853956,0.7045541,0.11373407,0.117143184,0.054785535,0.37235278,0.47444218,0.1566235,-0.065264426,0.56474453,-0.012084335,1.0223004
0.6006179,0.78484863,0.841112,-0.09115586,-0.023355335,-0.07113723,0.37490004,0.560702,0.34009182,-0.13199925,0.8767642,-0.035392947,1.0628147
0.28899616,0.7710823,0.771865,0.0492187,0.1468826,0.09161918,0.17022443,0.43651325,0.24732319,-0.14934108,0.8405323,-0.05126431,1.23096
0.34623712,0.93038815,0.95513904,-0.028980039,0.073261306,-0.0087043345,0.08416876,0.42618704,0.2289668,-0.1299861,0.62973154,0.0318591,0.88332886
0.609307,1.0051906,0.8966604,-0.053277507,-0.044883892,0.03244178,0.20256554,0.53145796,0.09346528,-0.12123469,0.53903025,-0.076748714,1.1389079
0.44320017,0.8301157,0.98082906,-0.023712054,0.0034717768,0.14358431,0.3489864,0.37415385,0.18173604,0.13319686,0.6814718,0.011186764,1.0538405
0.42129007,1.0535023,0.66312003,0.11329001,-0.011145234,0.028426751,0.15732907,0.43916377,0.1047059,-0.046617456,0.7710099,0.06802954,1.0095742
0.37524197,1.0147673,0.5918781,-0.07490596,0.05482918,-0.04185351,0.21680835,0.43934342,0.17504527,0.043159693,0.6443745,-0.08561307,0.9683927
0.57347226,0.8002732,0.931341,0.14215162,0.009749636,-0.1170955,0.30295128,0.43077382,0.22148144,-0.015400097,0.77389675,0.10668954,0.81975806
0.3318308,0.9252674,1.0120581,-0.11475608,0.046611622,0.09336956,0.48919177,0.21484753,0.21946642,-0.11364232,0.68982846,-0.12751597,1.1787924
0.4299379,1.0076926,0.69825566,-0.06702876,-0.10516901,-0.039075606,0.3721521,0.29753047,0.51911783,0.0033559501,0.87428284,0.04102072,1.26596
0.41339147,0.8886984,0.76082325,-0.12472288,-0.0032386482,-0.14500862,0.18504947,0.55007553,0.4449837,-0.07954708,1.0489625,0.07293169,1.1218815
0.49269795,0.7885874,0.8059635,-0.10835002,-0.06018287,0.0955967,0.4980139,0.39845046,0.3272574,0.10759729,0.6742046,0.062437594,0.8846113
0.8094838,0.87496245,0.8369163,0.057123944,-0.08354055,-0.036514454,0.3114255,0.6596386,0.2323621,-0.10309609,0.9316333,0.043756545,1.1577514
0.7097406,0.83243734,1.0678229,-0.105138615,0.10702947,-0.047896028,0.2909525,0.7936474,0.3561417,-0.124758184,0.7327276,-0.05280383,1.0185379
0.5614206,0.9995369,0.83994603,-0.008568972,-0.102931336,0.0030687898,0.21607462,0.64139324,0.23910175,-0.054205835,0.9340704,0.0010925531,1.087048
0.3555901,0.9687413,0.88528425,0.14943507,0.12348971,-0.09734386,-0.04764639,0.35568887,0.34937644,-0.07073,0.8231052,0.006726593,0.95336646
0.63202655,1.0730217,0.9433936,0.03419219,-0.10525169,0.13687518,0.3750869,0.4543477,0.08873464,-0.010203779,0.53032494,-0.13417313,0.9923609
0.5615725,1.0917401,1.0508877,-0.004551068,0.077182755,0.04278624,0.07387315,0.40518194,0.37016976,-0.12532255,0.54375756,-0.06481932,1.2721264
0.7029202,1.003921,0.86553967,0.10524702,-0.11130061,-0.065814614,0.0021114573,0.44229543,0.14849108,-0.036885723,0.7420472,-0.045885928,0.9353
0.22133052,1.0383519,0.5911202,-0.13199732,0.03730713,0.07111521,0.3307145,0.14938033,0.071782045,-0.1163798,0.41465724,0.07943256,1.0274129
0.6412418,0.7059262,0.8782546,0.12946698,-0.0040826797,0.06750201,0.39782357,0.47875065,0.17791858,0.06002538,0.58672196,-0.036929175,1.0839393
0.32878575,1.1269941,0.9942384,0.067113206,-0.07393824,-0.11049977,0.27231884,0.3724795,0.418212,-0.1290727,0.7129226,-0.13787755,1.2414893
0.40368813,0.9030453,0.63355684,-0.035423025,0.09980537,-0.1183822,0.34218103,0.32011712,0.46243212,-0.009753212,0.69966227,0.11217269,1.0778627
0.33115888,0.9127306,0.7257844,-0.0005213469,0.05392532,0.008865669,0.08773209,0.41454518,0.3264187,-0.1019959,0.8212421,-0.023103863,0.9626242
0.7749878,0.7626244,0.9862355,-0.09995022,0.10372442,-0.10783868,-0.010767724,0.54582727,0.16064826,-0.06398997,0.49922416,0.09079097,0.76542366
0.53515255,0.8887284,1.008625,-0.13958251,-0.049441002,-0.10581778,0.18623845,0.6853051,-0.10653806,0.0015432835,0.42973843,0.110066056,0.99471813
0.4319784,0.83867973,0.8155984,-0.028285004,-0.13492757,0.13794398,0.31936628,0.47224608,0.36904144,-0.13732207,0.24277276,0.08280414,1.0068835
0.28037128,0.99430716,0.71534103,-0.019669458,-0.0863492,-0.117853336,0.18277945,0.49045408,0.476809,0.084701195,0.75867647,-0.12657727,1.1985157
0.3006851,0.7203192,0.5637394,-0.006857842,-0.076516576,-0.09570789,0.14638865,0.21939749,0.023384765,-0.07063398,0.75241,0.018705383,0.96322256
0.6806919,0.8141421,0.43528903,-0.047463246,-0.014641359,0.104093224,0.10982352,0.6256747,0.16604821,0.031068638,0.5339503,0.061960638,0.7481865
0.652439,0.58102065,0.8832607,-0.0669896,-0.075472325,0.018125936,0.1668016,0.69265914,-0.03041958,0.13715011,0.4466553,0.12523004,0.7450955
0.20927426,0.89306736,0.8706222,0.04371126,0.11873457,-0.1399623,0.33909702,0.1627254,0.28965607,-0.13979633,0.45712897,0.065518215,0.96698993
0.31609762,0.9522151,0.7769507,-0.121386185,-0.0030553043,-0.09887445,0.3120855,0.5089556,0.14416593,0.0650392,0.8783603,0.14254233,1.2425736
0.077197984,0.92173034,0.68285114,-0.104083285,0.013160959,0.030128777,0.21166293,0.20653549,0.2680403,-0.020908788,0.6674484,0.013437659,1.0009456
0.49632728,0.89134216,0.73202676,0.04088603,-0.054974876,0.03588991,0.42445004,0.4325387,0.2767152,0.0649866,0.75027573,-0.048398048,0.92813647
0.43885702,0.9198286,0.9659841,-0.09457105,-0.1250289,-0.012238294,0.059927225,0.3999617,0.3431637,-0.01883018,0.7815872,0.011740416,1.1468798
0.52434564,1.0581,0.71374226,-0.03209231,-0.016312212,0.08943182,0.17191185,0.50137544,0.07445283,-0.0031411499,0.7754966,-0.13697307,1.146647
0.4527427,0.7627235,0.81494725,-0.10209228,0.056644633,0.08173841,0.20142181,0.4519365,0.3049183,-0.008787617,0.4897743,0.015680745,1.0542405
0.50282335,0.9144674,0.91258734,0.04722722,0.08284655,-0.07807784,0.29398465,0.52924216,0.31785452,-0.06314732,0.5888199,-0.052715227,1.0671453
0.17237689,0.87580067,0.9866142,0.087750226,0.007738784,0.1099059,0.26268178,0.2366176,0.37791702,-0.1052438,0.7322417,0.045860767,1.2242692
0.6063185,0.9268811,0.7931097,0.066445544,-0.07132797,-0.12962708,0.20057563,0.487141,0.16653675,-0.031923957,0.7753698,-0.11356254,1.1114838
0.4291017,0.93693686,0.5829954,0.05272214,0.12652674,-0.00069114566,0.16573589,0.42835444,0.44592255,-0.021340847,0.57692724,-0.09562375,1.0560964
0.69153476,0.7863929,1.0633084,-0.050215013,0.13250124,-0.09972529,0.25718647,0.570822,0.31048077,0.1234107,0.90352595,0.111670405,0.71637595
0.5020738,1.0787053,0.83038735,0.0026344806,-0.03485933,0.08321524,0.24871135,0.25887668,0.33683586,-0.058099635,0.7043988,-0.006169364,1.0289756
0.5322491,0.86814797,0.88150215,0.098488644,-0.0697974,-0.026104495,0.15946719,0.8132143,0.15899853,0.093807906,0.77692616,0.11131695,1.18051
0.5709773,0.96762747,0.8920199,-0.05108314,-0.08188715,-0.007772073,0.26028574,0.6043259,-0.080513455,-0.11828354,0.42675894,0.08511311,1.0077466
0.4370022,1.0394278,0.8635228,-0.059771776,-0.030660689,0.14834929,0.2832129,0.5926269,0.41629252,-0.068569675,0.37260506,-0.13017052,1.1684573
0.31599784,0.79787797,0.81755,0.14276099,0.022858322,0.11582634,0.2190527,0.2856843,0.1253187,0.11229348,0.72928476,0.03264983,1.0800653
0.42722866,1.0911853,0.5911965,0.030603483,-0.009097606,-0.053877518,0.2990197,0.3641572,0.347898,-0.05970583,0.5668649,0.060535714,1.1579556
0.57634515,0.7219541,0.46933174,-0.054779343,-0.13238752,0.061891615,0.22804187,0.5466523,0.38611165,-0.1422193,0.7844923,-0.09325665,0.9493728
0.30782747,0.6729207,0.780899,0.13632533,0.0063097924,0.05794196,0.37347394,0.377303,0.29298484,-0.083521456,0.7409617,-0.04759668,0.9116804
0.5277126,0.8167124,0.72793657,-0.14066961,-0.10579248,-0.08785939,0.48819825,0.5779826,0.15291414,0.1373657,0.7375928,-0.05284317,1.1827109
0.49673474,0.6707827,0.6856226,0.13380516,-0.02955278,0.05197504,0.28175312,0.75681853,0.24515508,-0.12936729,0.7746257,0.12509587,1.240718
0.4721021,0.9220109,0.7792972,-0.08760222,0.10152197,-0.10123694,0.22074981,0.67818385,0.39501297,0.11627868,0.6926574,-0.13043399,0.9648953
0.48136526,0.77895737,0.98649013,-0.12194054,-0.1420663,-0.09427643,0.27323306,0.31985798,0.29279998,0.060128316,0.67744887,0.07417451,1.121334
0.5534952,0.872736,0.7004804,0.058208495,-0.14437377,0.13959557,0.40403587,0.36276904,0.33603585,-0.064873375,0.75901943,0.006003797,1.209843
0.5739279,0.8831204,0.8044446,0.14593491,0.12719941,0.07755965,0.23437871,0.625879,0.43074948,-0.13722423,0.86845094,0.13661781,1.0950313
0.66061395,1.0308056,0.8954847,0.023644134,-0.120812975,0.008094624,0.39994788,0.63354045,0.22589591,-0.0028333962,0.9568939,-0.14598903,0.9785379
0.50755465,1.0029626,0.83594364,0.08937414,-0.09535586,-0.05821286,0.12224321,0.46814746,0.4541021,0.10580537,0.86319834,0.0651958,1.0163954
0.7527162,0.974077,0.910943,-0.10306376,-0.035091124,-0.10598787,0.37488556,0.55587596,0.04711981,0.020999178,0.60973334,0.14131886,1.0387881
0.36615366,1.0421315,1.0239732,-0.040253393,-0.08636622,0.03912492,0.46796232,0.4805277,0.38642907,-0.0019802898,0.60251296,-0.11164683,1.0909494
0.6212279,1.0533202,0.82454324,-0.0021649152,-0.066579156,-0.10730326,0.13008812,0.6159408,0.26765078,-0.12012315,0.8444723,0.049546465,1.1248277
0.11560555,0.9838609,0.78358805,-0.064253,0.14425391,0.06677787,0.16654964,0.12277034,0.24990991,-0.09701511,0.7543006,0.12832046,0.9772115
0.73537576,0.94395983,0.93767697,0.018732175,-0.05250036,0.0820089,0.30832213,0.65089136,0.15520675,-0.043921784,0.613712,-0.06828175,1.0920866
0.46674502,0.95456314,0.9144506,0.12549075,-0.022098452,-0.090416074,0.25381613,0.3972978,0.18028876,0.049678758,0.5434224,0.10537386,1.0880072
0.5601452,0.9518949,0.7720456,-0.011319786,-0.062025674,0.1414817,0.4100491,0.38821727,0.28319174,-0.12464194,0.6405245,-0.06781932,1.0043657
0.34101015,0.92715335,0.68766564,0.02298455,-0.043739073,0.14195842,0.14443174,0.52920973,0.28471783,0.1018022,0.7415698,0.144672,1.093807
0.48702216,0.70770556,0.5749533,-0.021187857,0.12409675,-0.032988004,0.21253867,0.55512667,0.25323015,0.052768096,0.6440518,0.12254113,0.9467118
0.5079191,0.61527395,1.0165856,-0.0100002885,-0.076279685,-0.109188214,0.063585594,0.58229285,0.1762192,-0.0010181069,0.71114993,-0.054185234,0.9454826
0.51246965,0.8595708,0.80415404,-0.09087463,-0.11543159,0.0647075,0.1599967,0.39031404,0.16161555,-0.0978587,0.5426515,-0.12311952,0.90735614
0.44041908,0.8973761,0.70105577,-0.14115843,-0.06930161,0.000980556,0.23971176,0.5506265,-0.028000578,0.06469129,0.5383751,0.04622917,1.0921538
0.46590698,0.79055494,0.6879876,-0.11444604,-0.046875715,-0.046527117,0.38297188,0.42519766,0.3535775,-0.005773425,0.33575207,0.07689044,0.9468975
0.4359373,0.66044384,0.5831318,-0.039495066,-0.0028307885,0.08325039,0.4742347,0.48493618,0.37366092,0.12937954,0.9381867,-0.07236012,1.0041711
0.26719666,0.5997542,0.81037086,-0.048105687,-0.09968187,0.1400936,0.104991645,0.13923323,0.32126087,0.037098438,1.0247151,-0.07999569,0.9965894
0.47770518,0.85021615,0.43660524,0.02989322,0.12943938,0.0059754252,0.32173258,0.4551065,0.32130322,0.050577134,0.6394459,0.11491072,0.90976095
0.52068436,0.7984966,0.9345559,-0.0946932,0.05921705,-0.028555982,0.28035754,0.5599915,0.089003906,0.031538814,0.9283921,0.115272224,1.0030856
0.4463076,0.9531035,1.1607212,-0.102384746,-0.115704596,0.116561234,0.19862041,0.49042243,0.10833055,0.021362036,0.72707266,0.0077421963,1.1384583
0.5371809,0.9884974,0.64271075,-0.10307585,-0.05871769,0.010180742,0.26444322,0.52312124,0.42123687,0.019183517,0.58584875,-0.11847313,1.220578
0.35601383,0.7927395,1.0658958,0.0037645847,-0.06745561,0.14470324,0.3727731,0.2817661,0.24711087,-0.049638644,0.9444621,-0.049788438,1.0691051
0.22530745,1.1484967,0.90646744,0.08360401,0.012846798,-0.11377098,-0.02451593,0.2803874,0.44912893,-0.13529965,0.88949543,-0.14197248,1.2074935
0.6957228,1.0052882,0.9207405,-0.118856736,-0.048393972,-0.12739919,0.40182292,0.70320034,0.07190329,0.002540499,0.5532321,-0.06987534,0.9773302
0.4851396,0.9252754,0.81577575,0.119849354,0.06874077,0.04586032,0.34544066,0.5692337,0.28737855,0.014717832,0.5644705,0.0543316,1.1985272
0.6380466,0.9647386,0.8539282,-0.05928798,-0.029687837,-0.057744727,0.31349936,0.7361481,0.22709028,-0.08553701,0.83587915,-0.020602927,1.1539164
0.32266593,0.9759456,0.67401606,-0.05347935,0.097335264,0.028879449,0.25530195,0.2742474,0.2701444,0.012466744,0.59928364,0.07048483,1.1100354
0.65113175,0.7993973,0.9241432,-0.08372755,0.059161738,-0.07984954,0.3659646,0.5076542,0.3588343,0.14570305,0.77558744,0.13710621,0.8630899
0.5192317,0.7870605,1.024684,0.00386855,0.10647783,0.07709612,0.3796343,0.5410565,0.21905163,-0.060467653,0.8731819,0.00782983,1.0235945
0.4180861,0.95414233,0.9432013,0.005068019,-0.127989,-0.08293569,-0.0072188824,0.40988088,0.20814842,-0.09930751,0.72841185,0.034528226,1.0621604
0.58954734,0.9148896,0.82972586,0.11133602,0.12128645,-0.1436368,-0.065855734,0.5660688,0.14718327,-0.14803317,0.48400807,-0.12590694,1.0630003
0.47635892,1.0557873,0.8994295,-0.028558664,0.015102208,-0.03158711,0.20482866,0.59680337,-0.071370415,-0.019816011,0.34043556,-0.06832676,0.88015693
0.44549018,1.0187961,0.82403755,0.036188245,0.13181794,0.1027281,0.05073431,0.3401479,0.34822676,0.14845547,0.2646864,0.11396718,1.0243784
0.30980867,0.8698352,0.8583314,-0.052101195,-0.053447217,-0.011666343,0.08541965,0.3459628,0.3074825,0.13499174,0.7808211,-0.114925906,0.8496626
0.22337173,0.9139769,0.49001554,-0.056147754,0.009431511,-0.025781162,0.23131369,0.3228327,0.31917626,-0.0990827,0.6175202,0.08056359,1.0195885
0.49993336,0.67456824,0.5770055,0.12212223,0.09615913,0.07749596,0.3198033,0.6049479,0.23828334,-0.120131694,0.8715792,-0.05251202,0.9775078
0.6238114,0.9633358,0.8820541,0.117387,0.0105802715,-0.09373672,0.35554832,0.50206774,0.3131054,-0.04805328,0.8747928,-0.00027427077,0.91948736
0.68304074,0.9552591,0.6496143,0.08879417,-0.033101752,-0.01180467,0.33375877,0.513671,0.42929453,0.14464211,0.79260075,-0.09250161,1.2177873
0.47538945,0.86364836,1.0646524,-0.011663511,-0.005301729,0.01942718,0.40163434,0.57399774,0.32862455,-0.024154156,0.80803543,-0.050145686,1.077465
0.61433226,0.94760495,0.8715798,-0.1163958,-0.07857972,0.106595665,0.16194251,0.590716,0.34992412,-0.06871128,0.83801085,-0.005740568,1.2198262
0.6440451,0.9878845,0.9638853,-0.03250371,-0.019500941,-0.05133319,0.425092,0.6609422,0.06727426,0.02834569,0.6611224,0.06553565,0.91204727
0.63891965,1.0591006,0.85306114,0.09646742,-0.07217603,-0.1373458,0.23297976,0.4585953,0.45705473,-0.04629933,0.783589,0.04405959,1.098105
0.45429,0.9105561,0.9310438,0.06894307,0.0070654005,0.07060656,0.3487654,0.48210168,0.094151035,0.013138562,0.7326357,0.02920255,0.98960876
0.28998116,0.89275616,0.866116,-0.11394332,0.09441742,0.091935456,0.2271778,0.35457653,0.4348443,0.026694953,0.57128173,0.11089006,1.0542607
0.73517466,0.8065177,0.9454018,0.056149453,-0.0039931834,0.106395036,0.2980895,0.54396856,0.20534453,-0.09005065,0.88221705,0.09830886,0.8968743
0.4194063,1.0623668,0.8440216,0.121764034,0.030505389,-0.08348669,0.26884475,0.29892427,0.33440813,-0.075652815,0.58836794,-0.08808464,1.0820984
0.7475929,0.8377956,0.78295684,0.14614758,0.14278883,0.0126037,0.2717871,0.6415243,0.29825324,0.03432882,0.7678158,-0.1498304,1.0612174
0.49537688,0.98758906,0.9663554,0.07535599,-0.10336372,-0.119658284,0.37284815,0.5636089,0.22090858,0.07520737,0.8275466,0.08597714,0.96919
0.6768155,1.1065814,0.8432578,0.041523635,0.008681759,0.02364868,0.30773306,0.6340891,0.3578884,-0.051311463,0.84921974,-0.11195393,1.0792987
0.48563147,0.7943599,1.0175406,-0.045416847,-0.07449272,0.09759481,0.28434515,0.61374986,0.3808999,-0.026464857,0.8269994,0.14959398,1.1725621
0.47451353,0.9644622,0.7457485,-0.03991934,0.024816439,-0.07469366,0.07056962,0.4383522,0.15357065,0.047004998,0.71001434,0.10656622,1.1869485
0.5265821,0.9013735,0.86712456,-0.14944226,-0.1491563,0.1475319,0.06279047,0.6096073,0.29922515,0.03372112,0.5837865,-0.033018388,0.8435268
0.6485835,0.8641341,0.69705456,0.06975187,-0.1017036,-0.10133338,0.52505946,0.61067206,0.30397844,-0.10716035,0.62565595,0.024774209,0.8613184
0.3952522,0.9072403,0.8594847,0.09751971,-0.10512529,-0.085161656,0.3899359,0.27893227,0.25329095,0.059298858,0.8154547,0.14987418,1.0455092
0.51437443,0.9033583,0.7167804,-0.14403856,0.11829963,-0.09429793,0.44122195,0.5040851,0.23392472,0.09699723,0.8637669,0.12842521,0.9694804
0.41201252,0.72321504,0.8093282,0.044084877,-0.109226614,0.121732265,0.44057053,0.52375686,0.20808885,0.031710938,0.70923173,0.08250484,1.0341175
0.5637555,0.9370644,0.77681583,0.012659788,-0.079901904,-0.04123369,0.34568298,0.6135627,0.33592862,0.13700497,0.8390413,0.03616911,1.1015979
0.4374353,0.7441606,0.839741,0.005209461,0.018902332,0.06119652,-0.03436344,0.48616135,0.11852601,0.10508928,0.7857374,-0.013258606,0.96201533
0.48439336,0.8401263,0.7938645,0.06542237,0.10915494,-0.09766283,-0.046751395,0.5422809,0.12110265,-0.03233085,0.36858368,0.086033955,0.99690866
0.6843977,0.8948341,1.0983734,0.04864739,-0.015901819,0.11196455,0.3993551,0.4612111,0.16888595,-0.10181297,0.40484002,-0.035233818,0.98542106
0.30485758,0.9830988,0.95132864,-0.10998248,0.010469347,-0.12329243,0.25653094,0.31151372,0.13127366,-0.002703637,0.86307746,-0.055039577,1.1653286
0.24743041,0.8138561,0.6572766,0.08475016,0.028955534,-0.10043239,0.2615981,0.32547522,0.23433283,0.0117504895,0.7184178,0.029236153,1.2047069
0.37344843,0.75130963,0.78614616,-0.10063268,0.09507668,0.07779296,0.22753721,0.493031,0.47800672,0.11201686,0.77162755,0.034320578,0.92080086
0.26264125,0.8619133,0.86252093,0.07880667,-0.019938916,0.038961455,0.30364233,0.4690041,0.39354783,-0.07125637,0.8593777,0.13348415,0.97293264
0.58556676,0.95231247,0.9189836,-0.0070298165,-0.04387241,-0.06051112,0.42839828,0.3824928,0.41766793,0.107539445,0.973029,-0.05677314,1.0972505
0.6377314,0.98359376,0.9806318,0.056004077,-0.14249879,-0.05457001,0.12900779,0.81717986,0.3351282,0.030758828,1.0638182,-0.030765869,1.103002
0.65841204,1.1457477,0.87529474,-0.068139754,-0.11876316,-0.13230236,0.24403994,0.7335205,-0.01011917,0.11049762,0.6029213,-0.14526391,1.1591346
0.5894094,1.0210161,1.0655096,-0.112814024,-0.13495575,-0.058533743,0.40110463,0.6531477,0.37205732,-0.00723505,0.4422629,0.115980506,1.197744
0.66158956,0.86843944,1.0069045,0.017818809,-0.04736259,-0.14544035,0.28606665,0.4322561,0.37234887,-0.093155466,1.0160419,0.033802927,1.2755367
0.011330932,0.9937664,0.86432886,-0.0928603,0.13832033,-0.024850667,0.1032377,0.08091183,0.4119321,-0.03147074,0.8239565,0.064658806,1.2428576
0.5865097,0.9655043,0.74674857,-0.029920295,-0.022253364,-0.13738288,0.4467395,0.5277929,0.2507499,0.07080309,0.619029,0.07746638,1.0854788
0.746263,0.968845,1.034149,0.031295016,-0.08128215,-0.12169333,0.05984264,0.49494278,0.24748132,-0.04710328,0.9809379,0.038022235,0.94993675
0.77291465,1.102948,0.78072274,-0.12601736,-0.048014224,0.13587359,0.2284054,0.5430399,0.17212786,0.1126613,0.6359534,-0.07502105,1.1925317
0.5386783,0.7656663,0.82539636,0.12542593,0.091261506,-0.0021778643,0.20815574,0.6270038,0.09095128,-0.100420944,0.6758058,-0.04654911,1.0207795
0.49196398,1.1037691,1.0974121,-0.06615286,-0.051065885,-0.036495566,0.25573403,0.40776926,0.41389886,-0.018689752,0.50917596,-0.12091243,0.97465956
0.42131776,1.0567781,0.83836716,-0.03656622,0.06395446,0.04469791,0.28015786,0.39818525,0.41934258,-0.074370116,0.90789455,-0.028235547,1.2933669
0.27061135,0.9096214,0.9241061,0.046795964,0.027044073,-0.037613317,0.2546882,0.22677892,0.24182317,0.012899607,0.72279817,-0.03653516,1.1128697
0.6423553,1.0006666,0.7462009,0.00302203,0.049068764,0.14139643,0.29028228,0.7552172,0.16163671,0.06951769,0.64224404,0.08749947,1.1791111
0.72576946,0.9512983,1.0115767,0.10645956,-0.14634328,0.016641319,0.027183179,0.79138625,0.26274619,-0.07138544,0.54520786,0.017249256,1.1366062
0.61793077,1.1862258,0.7475919,0.106274486,0.054642513,0.13831949,0.44948664,0.36518842,0.016278643,-0.064940006,0.6608801,-0.09283246,0.99846154
0.38003507,0.92507315,0.8333043,0.05008346,-0.009100467,0.004144296,0.24015234,0.4407538,0.42386836,-0.046691075,0.7129833,0.08958596,1.0996767
0.63210964,0.9493036,0.71389544,-0.12000699,0.046271846,-0.03171163,0.27367726,0.62411284,0.22098246,0.002584204,0.8153503,0.05609803,0.9095874
-0.011311963,0.631434,0.9452859,-0.1277131,-0.14064685,-0.06783327,0.49619615,0.1774683,0.33206517,-0.024353415,0.6346992,-0.07431033,1.016216
0.7941886,0.8110088,0.7667808,-0.13037345,-0.0733623,0.083472505,0.2461617,0.54876673,0.20871401,-0.08002516,0.99618334,-0.13694526,1.2912989
0.3850887,0.8343233,0.8989155,0.08766429,0.118958056,-0.09511028,0.27191353,0.44372672,0.38465935,0.03058201,0.63101715,0.038101107,1.0325081
0.50389814,0.9725991,0.999158,0.022916138,-0.09111883,-0.024204075,0.2250331,0.6237481,0.41149312,0.0729897,0.7757186,0.018636465,1.2098122
0.44359243,1.1584338,1.0870198,0.03562823,-0.04847791,0.05859132,0.2626989,0.5925237,0.28707072,0.09227936,0.9113322,-0.050839648,1.2009139
0.62661463,1.0922418,0.71190953,0.046893567,0.07037005,0.020436108,0.18062635,0.48796085,0.053670183,0.018273532,0.84567237,-0.03269264,1.1360832
0.6285467,0.8520635,0.9438734,-0.036610506,0.11840266,0.0374099,0.33776593,0.49779344,0.08241195,0.14318097,0.43984333,0.108508795,0.9388971
0.41157413,1.0849249,1.0669347,0.006128937,0.08960183,-0.0130595565,0.29348263,0.47408542,0.2504431,-0.1284081,0.6258226,0.1353223,0.9958073
0.24274528,1.0374385,1.1145427,0.040004805,0.13764128,-0.07077084,-0.06872158,0.15703899,0.31528565,-0.10471366,0.88069284,0.069532976,1.2829759
0.37824228,1.1027055,0.87986183,0.016305879,-0.061354317,-0.00144355,0.08543584,0.38232476,0.21796869,0.05919078,0.48588827,-0.008846283,1.0744686
0.64945734,1.0713042,0.77319247,0.080448195,0.11070463,-0.08090217,0.21379809,0.5505504,0.067686975,-0.12050359,0.6538703,0.07352562,1.0462855
0.5616158,1.066562,0.9505352,-0.028457418,-0.07939199,0.139031,0.2654412,0.4499613,0.03553482,0.10195884,0.39373988,0.09646784,0.8549936
0.5204434,1.0948927,0.5987673,-0.12868728,-0.10767251,0.07865687,0.12464195,0.4135389,0.13820061,0.027849644,0.59906745,0.019676,1.0279528
0.3810417,0.7982645,0.72093767,0.015818715,-0.08846243,0.10306373,0.2926958,0.19532847,0.20784883,-0.026127152,0.49761862,-0.119164295,0.9822922
0.32843733,0.890218,0.4496615,0.13824925,0.05084513,-0.13273218,0.12320943,0.22845504,0.24837627,-0.04252424,0.71183157,-0.10121226,1.1387534
0.34507048,0.6938367,0.82817054,0.011640772,-0.14958549,0.096852675,0.38132042,0.3371606,0.083596274,-0.13152543,0.46222723,0.04914242,0.8600801
0.3280741,0.9498303,0.5307276,-0.06591876,0.1426205,-0.016006544,0.18096535,0.60381377,0.3884673,-0.110560626,0.6586947,0.06361386,1.1409252
0.523834,0.77606577,0.87158656,-0.13633066,-0.14400902,0.11283028,0.23705512,0.52154267,0.1800074,0.04147862,0.6670047,0.008057296,0.7098698
0.36698133,0.8733686,0.42444107,0.026174247,-0.015764669,-0.0020896047,0.3240188,0.2532716,0.17184386,0.0851313,0.6873319,-0.0064155906,0.9873332
0.58718675,0.5737677,0.919271,0.042552352,0.08646341,-0.0282697,0.2102196,0.74278045,0.40651548,0.02245456,0.5779732,0.13010633,0.7644061
0.514384,1.1002488,0.8075129,-0.014058784,0.04485804,0.030123174,0.31345075,0.47507218,0.01779522,0.13947359,0.8388207,-0.07064159,1.1342448
0.3445627,0.9713923,0.8960649,-0.13698281,-0.12302875,0.084563956,0.13370368,0.44473308,0.2792882,-0.12209903,0.58348703,-0.07347316,1.0677941
0.6138073,0.7527498,0.80210257,-0.03851237,-0.12398668,0.017087996,0.31470317,0.74708885,-0.0147635415,-0.13088533,0.5411297,0.11219227,1.1433339
0.16016524,0.8937437,0.7899658,-0.13970964,-0.029007718,0.14525113,0.11226277,0.017593883,0.46982062,0.079806015,0.59655374,-0.07211042,1.1286747
0.41910917,0.75203425,0.82554245,0.14235428,-0.08332635,0.11000043,0.30550683,0.5731366,0.1064901,0.10638714,0.81050664,0.1480177,0.9937777
0.052813523,0.9190191,0.7900836,0.06166984,0.076140925,0.13680518,0.47085872,0.22546044,0.4455995,0.10434732,0.5086912,0.14757273,1.1653574
0.6102854,0.8856458,0.74996054,0.07765339,-0.010549933,0.027104467,0.10626902,0.71023357,0.3238542,0.11375752,1.0166072,0.095241204,1.1452081
0.45289963,0.9771054,0.9027028,0.024797559,0.13959357,-0.035157733,0.27847376,0.22789975,0.19112125,0.14281163,0.6252557,-0.024009258,0.9518266
0.7898507,0.8596312,0.76661557,-0.0038799793,-2.5376678e-05,-0.0027069747,0.111567646,0.62491775,0.39880157,0.1069355,0.71054435,-0.14279178,0.975074
0.67556506,0.9785033,1.0972414,-0.11841279,0.061185658,-0.10944857,0.20226467,0.42841733,0.06271732,0.087037206,0.7491732,0.015147135,0.83878326
0.32409644,0.8913601,0.9042058,-0.08285115,-0.040496193,-0.114582136,0.47658664,0.42648917,-0.059329998,0.069431946,0.57424384,0.08336896,1.060959
0.75611746,0.8104449,0.79172724,0.05439502,0.043018937,-0.11092546,0.26104504,0.4959222,0.49108273,0.12147352,0.7693616,-0.13107142,1.1377922
0.19295436,0.8954299,0.74894893,0.045051187,0.078592,0.1373924,0.10602762,0.2613529,0.20861849,0.09311347,0.77857506,-0.10272657,1.0263792
0.14868346,0.8159597,0.94313145,-0.09635778,0.049223363,0.086308,0.19511598,0.31564507,0.30620933,0.08119853,0.42931625,-0.0076241493,0.8293875
0.720106,1.0425931,0.8008919,0.13169271,0.12903875,-0.13083312,0.29941398,0.5936025,0.2971586,-0.0554789,0.81066036,0.09929995,1.1941754
0.5754041,0.8241476,1.0563099,0.1306651,-0.12020227,-0.025838614,0.48987132,0.34262866,0.21543446,-0.067341134,0.82303476,0.12211573,0.98990726
0.53195155,0.97774535,0.42310154,0.102529556,0.14940846,-0.14489333,0.3267267,0.67029226,0.36000714,-0.12460728,0.8877257,-0.08296865,1.1583959
0.50801134,0.6047441,0.87035966,0.05692868,0.12762755,0.094176725,0.34878874,0.6326904,0.3748961,-0.11604667,0.7159277,0.048054144,0.7312501
0.48463017,1.0123558,1.0200765,0.13120261,-0.14569263,-0.08295565,0.2759022,0.458989,0.33322656,0.1388255,0.9620982,-0.040400937,1.047807
0.62097615,1.0441968,0.9970013,0.024591804,0.11809462,0.1256015,0.21438496,0.46829396,0.34075904,-0.06661971,0.6587135,-0.1374867,1.1161239
0.71881986,1.0855188,0.8962548,0.14163673,-0.116110906,0.02846706,0.016416192,0.5248858,0.50984013,-0.071619205,0.6111751,-0.14223552,1.1625298
0.5278876,0.89792335,0.98514885,0.07855177,-0.1169316,-0.02748499,0.32531968,0.5383485,0.19942051,-0.09739046,0.78574395,0.148114,0.9822883
0.6601004,1.1086164,0.61235183,0.023626432,-0.11643608,-0.086074345,0.19113348,0.664937,0.5215546,-0.13822538,0.77480316,0.13596326,1.2007346
0.8178687,0.69481266,0.5862115,-0.007647723,-0.08771843,0.048208684,0.07747941,0.66267204,0.19213948,-0.022139668,0.8818706,-0.068303205,0.7995806
0.54646564,0.8903849,0.85160035,-0.062286943,-0.11406203,0.094387576,0.040656917,0.39194107,0.16593452,0.13297465,0.41606197,-0.019003421,0.87051904
0.7948152,0.7888607,0.91698074,-0.07080422,-0.0010793209,0.08441606,0.34624535,0.803526,0.228053,0.027897,0.40498906,0.046528324,0.9483087
0.46119255,0.8122539,0.88367563,0.04110357,-0.009359717,0.04032503,0.39089242,0.3968423,0.31204462,-0.13704912,0.6808863,0.08867712,1.0689085
0.51009524,1.1104529,0.52865815,0.13513148,-0.13867432,0.08853085,0.19448233,0.55170465,0.13038991,-0.04759516,0.7247566,-0.01444076,0.99185467
0.44709897,0.80332255,0.4629718,-0.11643058,-0.09764868,0.05370836,0.23329882,0.43165612,0.06757596,0.08601692,0.65399146,0.12089059,0.9783213
0.43405437,0.71284246,0.88476574,-0.06629498,-0.13929081,-0.0682455,0.2577632,0.46848667,0.26677644,-0.027320318,0.42904764,-0.10899554,0.82869446
0.38477734,0.95895386,0.820413,-0.037427977,0.1156947,0.039849207,0.1394689,0.3279562,0.39768082,0.12906334,0.8429904,0.031179264,1.2165079
0.1951401,0.8637337,0.8007163,0.12793207,0.009801477,0.06818695,0.15377441,0.23243651,0.31716084,0.010122538,0.61613584,-0.13455637,0.88726354
0.5064397,0.8764049,0.8119204,0.1314869,0.053529993,0.13840085,0.2529318,0.6139903,0.19266704,0.065486714,0.5745963,0.14427933,1.020206
0.77973753,0.8365915,0.95853573,-0.07262337,0.04655458,0.13024539,0.45148027,0.5280652,0.38971007,-0.09725147,0.607404,-0.016103238,0.9879222
0.56870973,1.0487608,0.84489477,5.567074e-05,-0.052845098,-0.09355363,0.3232174,0.623982,0.48975748,0.015812367,0.8956181,0.0039669275,1.1000587
0.49419293,0.7902451,0.58802915,0.1484986,-0.112538025,-0.07185427,-0.060896266,0.57119286,0.20845729,0.072423995,0.7806287,0.1369308,1.1368389
0.53258157,0.84619224,0.5855919,-0.016057298,0.07367693,-0.088488,0.25367302,0.66541445,-0.013583091,-0.04929831,0.35998815,-0.036920503,0.87068075
0.7182466,0.7344253,1.1016189,-0.103338346,-0.03980177,0.0041851103,0.18591864,0.66659343,0.4350673,-0.1344459,0.3567528,-0.10032984,0.8700888
0.39636096,1.0709925,0.8927272,-0.09821746,-0.07153275,0.012321904,0.35572335,0.39313102,0.19024014,0.031462297,0.6975944,-0.07110263,1.0337396
0.10315616,0.8568332,0.4733085,0.13241461,0.12848443,-0.073135205,0.21431209,0.08924034,0.3410685,0.10365218,0.826575,0.1217691,1.2126065
0.6147476,0.65311164,0.5634293,0.14754486,0.14106092,0.040783748,0.26939362,0.51148343,0.3820898,0.034546614,0.88936365,-0.0640543,0.7862297
0.5135289,0.8383523,0.7808728,0.028475791,-0.038348995,0.08966452,0.3474961,0.29994237,0.44231477,0.04645738,0.9092032,-0.0075303614,0.91012186
0.70338804,0.86841947,0.75469744,0.05504559,-0.07771041,0.018242672,0.129893,0.5798141,0.28023833,0.083285585,1.018582,-0.024035484,1.113993
0.75355995,1.01721,0.8103253,0.07004362,0.13334751,0.08954622,0.30414236,0.62647116,0.2207545,-0.14300053,0.7894093,0.022933424,0.8780687
0.7166863,0.9476131,1.1560457,-0.06787547,0.01961121,0.09954421,0.12757304,0.6011814,0.11280971,-0.1326531,0.77344525,0.13548243,1.058533
0.3824349,0.9146725,1.0761646,-0.044533722,-0.107150644,-0.08653799,0.23414421,0.65915084,0.21721828,0.12508333,0.42132974,-0.0147257745,1.0526241
0.47551227,1.0146782,0.858824,-0.05774945,0.09352146,-0.0860271,0.06371537,0.3332309,0.24803416,0.14059746,0.5815589,-0.019198298,1.0721818
0.22304778,0.9626312,0.8729592,0.05642824,0.050332427,0.1472168,0.23901321,0.47947747,0.35719013,0.1109235,0.49220815,-0.08468371,1.017299
0.38290858,1.0324123,0.55592775,-0.027256839,-0.07457514,-0.03354623,0.3354616,0.49630052,0.36869878,-0.11285186,0.6236273,0.0651612,1.1609937
0.5489918,0.7604085,0.61189693,-0.11847997,-0.0070848465,0.1444897,0.20546326,0.47303802,0.1400764,-0.012059659,0.77772176,-0.122479826,1.0261012
0.45215085,0.68576884,0.74998623,0.010396764,0.026488155,-0.04804811,0.34948403,0.61426127,0.3112799,0.07316679,0.7140399,-0.06615311,0.8601825
0.5467839,0.9082744,0.8601395,-0.040427044,0.12360975,-0.016330153,0.22247519,0.6540493,0.41554356,-0.1334218,0.6999624,0.06101431,1.120465
0.30373377,1.0007497,0.8124437,-0.063611664,-0.13056006,-0.0050251037,0.18137015,0.4452222,0.1772061,-0.04777821,0.8905969,-0.12454826,0.9757277
0.5091255,0.9147543,0.86914897,0.06740312,-0.007834896,0.03902714,0.2759718,0.5940418,0.1444037,0.029841125,0.7456925,-0.10610744,1.0980144
0.6551901,0.97542745,0.72277534,-0.14308065,-0.14932294,0.107307315,0.364704,0.7008012,0.3900622,0.06700893,0.58560526,-0.09374991,1.1567618
0.2776898,0.6472438,0.97260916,0.09603131,0.016294584,0.08880024,0.3449283,0.37444666,0.37472954,0.044854507,0.9700072,-0.040248066,1.0193931
0.48366436,1.0025477,0.7730431,0.004726425,-0.09002399,0.1100463,0.27657524,0.34884736,0.39793438,0.028465599,0.81929654,-0.12723842,1.128792
0.6262129,0.9840105,0.56212986,-0.017370954,-0.1215938,0.14724141,0.067374796,0.67622244,0.2362387,0.07697363,0.9062151,0.097515285,0.96361995
0.735847,0.8156963,0.9965073,0.11446831,0.037696272,-0.11569472,0.16774964,0.7294475,-0.059816405,0.008892298,0.6544547,-0.08751505,0.7050882
0.7487953,1.0876875,1.0173618,-0.07076458,0.0010141432,-0.10245347,0.25636423,0.7419706,0.12311515,-0.018542945,0.41396886,0.037178963,1.0984298
0.4876939,0.9129977,1.0639484,0.1439442,-0.08263098,0.057106704,0.19352278,0.58308274,0.32132643,-0.14723869,0.5116795,0.038359985,1.0090288
0.20862308,0.991117,0.7087579,0.113058805,0.018233806,-0.04023514,0.3802665,0.36926162,0.12997136,-0.111428194,0.6924401,0.056480482,1.070473
0.42885655,0.88428044,0.52237964,-0.12628764,0.10419917,0.1273489,0.3881773,0.23389086,0.27403125,0.05191283,0.7065136,-0.0596188,1.0007411
0.47288072,0.5401585,0.7461078,0.13479158,-0.13496496,-0.013360456,0.43792564,0.53472716,0.41772157,0.13784546,0.7596062,-0.08891076,1.0733597
0.41916472,0.99454343,0.66263556,-0.047631368,-0.12313582,-0.013472393,0.37535322,0.34032306,0.22902054,-0.063052535,0.8901934,0.0970518,1.235756
0.5639819,0.8895241,0.80479264,0.062117904,-0.11194904,0.115887195,0.26660928,0.67231053,0.4824,0.037493736,0.813506,-0.14918998,1.052266
0.6293276,1.0128039,0.78017783,0.13727602,0.061491057,0.08739486,0.10566676,0.58163315,0.33328438,0.12697321,0.9100563,0.12671134,0.97510207
0.6090494,1.1018183,1.0566225,0.05483441,0.0077062845,-0.11621562,0.2865554,0.48277205,0.20141405,-0.10839551,0.52042234,0.038676113,1.0256181
0.69515896,1.1573808,0.87231684,-0.015604645,-0.00028701127,0.100551486,0.35137546,0.68473125,0.27637768,0.14313486,0.6636593,-0.12771875,1.0180321
0.7150593,0.84182876,0.98530567,0.049187124,-0.034097515,0.06181167,-0.019898087,0.5758312,0.3363746,0.14661834,0.711567,-0.09363598,1.09605
0.5855963,0.98194927,0.6644824,0.03837973,-0.14231654,-0.113697544,0.10080634,0.3206489,0.022829756,-0.0022393018,0.69777334,-0.035712168,0.9762604
0.55371046,0.78591186,0.6443424,-0.053618073,0.12508813,-0.014648363,0.09522389,0.6066016,0.36083594,-0.017055362,0.42273873,0.03377159,0.99691004
0.7271564,0.79128623,0.9693499,-0.040497385,0.068907976,-0.005748689,0.13043556,0.6187087,0.25005513,0.08729915,0.81990063,-0.14701214,0.8448706
0.21025874,0.98279107,0.8988868,-0.08579874,-0.044736907,-0.066136144,0.27051938,0.0666091,0.26190862,0.018842503,0.6294777,-0.0006778091,1.1642722
0.58677983,0.8590512,0.69054645,0.07674934,-0.091888055,-0.03639529,0.41836965,0.5718779,0.3353966,-0.1375756,0.7229634,-0.14667633,1.2224829
0.4111187,0.82638204,0.9126864,0.025001556,0.105906874,-0.09315705,0.19456923,0.3618927,0.21195641,-0.029063486,0.7216077,0.10333234,1.1211776
0.4161989,0.8914361,0.828858,-0.05402232,0.047191545,0.0417908,0.24744152,0.37080282,0.38155264,0.06445688,0.6718731,-0.094992384,1.0858414
0.71317196,0.98235357,0.82262063,-0.047982328,-0.082096696,0.1202662,0.35329998,0.60838515,0.22444786,-0.054544047,0.7362273,-0.1295623,1.0200536
0.5162357,0.79488456,0.79384863,-0.107128724,0.04160826,-0.060680456,0.3130598,0.5302316,0.24891306,0.026047409,0.88925743,0.08973791,1.0046595
0.61033106,0.81227154,0.7403703,-0.07724247,-0.06798535,0.024559125,0.2610873,0.71235985,0.31380272,-0.0141322315,0.8794648,-0.14301568,0.9439279
0.40984106,0.70709777,0.7396612,0.13348159,0.100635886,0.08454959,0.2917764,0.46682322,0.47692436,0.003222853,0.86274946,0.054629326,1.0566218
0.46289465,0.9784905,0.91048884,-0.10657051,0.10759458,-0.05071666,0.27241457,0.42470106,0.19272438,-0.11873537,0.855004,0.11837256,0.9508133
0.7044592,0.88829505,0.930692,0.14593014,0.10521966,-0.08467072,0.4319469,0.68326247,0.2556244,-0.14447553,0.81717765,0.12795115,1.016556
0.70214796,1.1154164,1.1116577,-0.02139604,-0.13276067,-0.09861785,0.2923428,0.7133377,0.29966816,-0.022045583,0.89392555,0.12356374,1.2806034
0.2896786,1.1628573,0.97510695,0.08748326,-0.03584647,0.055646166,0.037021846,0.5884528,0.43681315,-0.014785051,0.81236184,0.09451114,1.0824234
0.6191821,0.99480754,0.96687526,0.11840856,-0.099152595,0.03480786,0.29223523,0.43154445,0.1951336,0.012381867,0.54249907,0.14789432,1.1069727
0.60438055,1.120803,0.8162979,0.0018666387,-0.010423988,-0.1364092,0.23160772,0.64202017,0.17133704,0.08379194,0.7624395,0.14700764,1.1257985
0.64722806,1.0517721,0.7961906,-0.025670849,-0.12739387,0.05111806,-0.0068374127,0.7749631,0.4924122,-0.002835095,0.66715825,-0.1086659,1.1511744
0.3867833,0.9925078,0.7509256,-0.037238143,0.094038144,0.0045903623,0.2726293,0.29404113,-0.009668574,-0.09910087,0.704782,0.14295891,0.97902524
0.55317664,0.7704492,1.0695958,-0.08689689,0.063979715,-0.10082059,0.20129623,0.38052082,0.20866163,0.11517182,0.3859309,0.067247495,0.8715076
0.6667495,0.86774474,0.7178949,0.03722389,0.008776382,0.020011842,0.40956125,0.6373084,0.20315468,-0.14974026,0.5385456,-0.01940602,1.2308412
0.11863278,1.011136,0.7173364,0.14397359,-0.026237905,0.14809802,0.15595408,0.043719463,0.19609387,-0.1047146,0.71660596,0.06511408,1.0191153
0.42735082,0.94654953,0.72960687,0.13642865,-0.11740035,-0.117251605,0.4456552,0.49179912,0.10996891,-0.057768166,0.5439056,0.13224876,0.99374354
0.45888332,0.79413736,0.7551112,-0.06474266,0.06584217,-0.09178847,0.47250977,0.5568539,0.27419853,-0.030868903,0.8330072,-0.0066949725,0.96806085
0.45026356,0.82402164,0.95642954,0.14757147,0.10637674,0.06401457,0.23082703,0.52517915,0.2664357,-0.09383564,0.81884617,-0.09344756,0.9834197
0.43970773,1.0138333,0.86488986,0.06838015,-0.116462216,0.039079517,0.3532929,0.18912911,0.40158305,0.105798006,0.57067686,0.034215227,1.0297009
0.48136082,0.8971813,0.78741884,0.011705309,0.08988319,-0.09845573,0.12511519,0.6428803,0.3289298,0.09710236,0.80940604,-0.043698892,1.1049151
0.4923992,0.9142038,1.0170631,0.12017864,-0.002815619,0.012534484,0.08148772,0.51801604,0.2907138,-0.14782843,0.7625843,-0.089427054,0.8232232
0.6605567,1.0214216,0.732085,-0.085632905,0.009539962,0.13940176,0.23606047,0.7076961,0.2058503,0.14960042,0.5782201,0.008388713,1.1561303
0.4241359,0.8371678,0.80987954,-0.08095452,0.011040747,0.12970564,0.21576607,0.6426568,0.3715429,-0.13806541,0.65605414,-0.11029294,1.1136773
0.41295043,0.7967781,0.7791272,0.13332084,0.07816365,-0.055968426,0.261678,0.60985696,0.25187027,0.1467458,0.72612894,-0.08788716,0.86585546
0.53129315,1.076083,0.93394995,-0.005787149,0.026681185,-0.054525718,0.24034975,0.4457566,0.341753,-0.09171088,0.7920131,-0.13002506,0.99777824
0.49210346,0.9159079,0.82390726,0.08692561,-0.12284668,-0.1160588,0.15043566,0.5382609,0.38103837,0.096895054,0.89100254,0.037930265,0.9354813
0.48320487,0.92494524,0.79030806,0.05609545,-0.11312261,-0.0033493787,0.3082202,0.41027495,-0.008428864,0.016617998,0.7702633,-0.07087147,0.9312098
0.5025189,1.0328121,0.8340892,0.073997855,-0.019211665,-0.023116156,0.26900443,0.7026787,0.16689944,-0.135162,0.69152975,-0.1206315,1.0543965
0.61966133,0.9676252,0.7993982,0.13230383,0.11325467,0.07252486,0.14743635,0.53263575,0.20141768,-0.14341708,0.6394461,-0.029098071,1.0283397
0.14815113,0.82647353,0.8569131,-0.033262752,-0.07363517,-0.114028186,0.5073481,0.18088958,0.38047677,-0.0632337,0.49996918,0.14652982,0.9631876
0.2654462,0.8414295,0.68844426,0.076647684,-0.08269419,0.06151943,0.107681684,0.4034899,0.51082444,-0.10670286,1.0697219,0.068030894,1.2300274
0.30778337,0.9762291,0.75238705,0.007235557,0.06639263,-0.1364772,0.2569996,0.35841888,0.27324295,0.07450543,0.6839459,0.12133184,1.0043806
0.68095016,0.8815979,0.6317805,-0.035381697,-0.018357307,-0.06830476,0.06491878,0.58635175,0.30610907,0.13568357,0.8370714,0.045301527,0.8764837
0.6707618,0.6287658,1.0738893,-0.0066639185,0.1441733,-0.14279091,0.3277619,0.75182515,0.007860303,-0.037622057,0.6387472,0.06561141,0.9030808
0.5282403,0.9564868,1.0215371,-0.12674382,0.07299669,0.118570596,0.03305679,0.5037436,0.28558993,0.062417746,0.5652472,0.10510132,1.272436
0.43881458,1.0950782,0.8888464,0.040254056,0.047507256,0.14533564,0.22308046,0.511402,0.17217776,0.020474523,0.708012,-0.012967601,0.9464259
0.086352035,0.97514963,0.8175125,-0.0975949,-0.12313961,0.030053198,0.2046792,0.2090605,0.41663486,0.0017064065,0.7097521,0.145773,1.1553125
0.46317878,0.87282723,0.53501123,-0.11507736,-0.13403861,0.14632452,0.16405523,0.4683149,0.3085158,-0.005715266,0.85432106,-0.035449505,0.884822
0.4261695,0.5449632,0.77154064,0.055916384,-0.016894728,-0.11051792,0.4102278,0.4061443,0.27401677,0.0933155,0.6515354,0.088236585,0.8539087
0.6754809,1.0429276,0.9448296,0.09521513,0.13814408,-0.0071290433,0.10427843,0.50678843,0.39204448,-0.083569,0.9560758,0.05429873,1.0773989
0.40872195,1.1400518,1.099845,-0.09095471,-0.09930318,0.014868185,0.24506718,0.5594773,0.17388776,0.056661904,0.640121,-0.13747178,0.998852
0.6266749,0.8931178,0.6303819,0.11381909,0.03990957,0.011093423,0.30299965,0.48553297,0.2033973,0.10975519,0.56129545,-0.07387119,1.179641
0.6444332,0.7926572,0.9261961,-0.07542989,0.034402177,0.04294446,0.3723929,0.62158763,0.19806628,-0.0560866,0.65329814,-0.0134964585,0.9805043
0.5577148,1.0202419,0.6804544,0.098331794,-0.12925473,-0.14571217,0.3591361,0.3577193,0.42279106,0.11057398,0.61052763,-0.06996049,1.2813231
0.49106398,0.8613927,0.7891607,-0.088921905,-0.010028839,-0.12296831,0.16676337,0.4996102,0.41786897,-0.13770492,0.770784,0.06869227,0.92223513
0.4956624,0.98587686,0.78998363,0.10902491,0.030100077,-0.02294664,0.38991678,0.53746045,0.41277772,0.056023344,0.8954649,-0.11536943,0.9275602
0.65048784,0.96680605,0.8815813,-0.06488466,-0.025115974,0.0018716156,0.26969394,0.51276875,0.3748506,-0.0041965246,0.81360203,-0.03665974,1.202876
0.76644576,0.9359548,0.8482379,-0.1256149,0.12133235,-0.12084498,0.40235233,0.5377443,0.21064815,0.14757034,0.8767347,0.121979,1.1073444
0.76135206,0.8693236,1.1179695,-0.08815089,0.060952276,-0.06170535,0.4508353,0.758783,0.16611129,0.12892646,0.6492879,0.047320932,1.2015941
0.54340124,0.9539955,0.7872877,0.06142877,-0.007875308,-0.094128236,0.4373613,0.48284632,0.47985452,0.13969335,0.6883074,-0.06905344,1.1765131
0.5739361,0.84957683,0.95112664,0.13915464,0.03682804,0.03141156,0.34995645,0.39185697,0.3457569,-0.09612304,0.9477448,-0.01722534,1.1911762
0.45958525,1.1570871,0.80792177,-0.08787103,-0.1250621,0.060083807,0.24701212,0.5308626,0.18282071,0.048148528,0.9659763,-0.0026667565,1.2254913
0.6424927,0.8616508,0.80454063,0.11960599,-0.09260599,0.1244154,0.28821543,0.8287096,0.3133257,0.020790085,0.77397203,0.0249362,1.0913527
0.46919268,0.97397447,0.85657454,0.13985118,-0.13710377,0.040165007,0.35505986,0.52936184,0.15173273,0.0696096,0.7061485,0.07866371,1.081573
0.40657312,0.9073569,1.0319353,0.01498726,0.030943096,-0.090244964,0.28093222,0.38358322,0.4093747,-0.042258345,0.76140225,-0.0037502497,1.0282414
0.46535593,1.0977595,0.86683154,-0.04748293,0.06701581,0.068308145,0.12588003,0.5680664,0.24132222,-0.09678085,0.81474197,-0.03908488,1.0366424
0.26749295,0.8338499,0.9861298,0.025694191,-0.0072303712,0.068137646,0.23313814,0.40225986,0.05232779,-0.07975699,0.5515034,0.054190323,0.88002735
0.66718614,0.983267,0.98087764,0.0151626915,-0.072356276,0.04870826,0.21794982,0.77068055,0.2603301,0.040948927,0.46925136,0.07798076,1.0453343
0.35421285,0.9027061,0.9562613,0.13552678,-0.008722156,-0.01810132,0.07244554,0.5801782,0.24482521,-0.11193314,0.60380775,0.14162657,0.98004717
0.28924012,1.095846,0.7943561,0.11393231,0.14093691,0.02319917,0.37165847,0.2688343,0.19766241,0.0026638955,0.678718,0.12429717,1.1214073
0.45459622,0.8050645,0.75548065,-0.123605475,-0.04838314,0.14838767,0.28014514,0.6347673,0.30620936,-0.017209083,0.74229103,-0.058811925,1.09612
0.35292614,0.74871963,0.80629593,0.09272359,-0.05355803,0.06695305,0.4774719,0.4322419,0.25945073,-0.025487818,0.7791255,-0.039810993,0.9766981
0.3073266,0.81270814,0.80565506,-0.08587121,0.035010636,-0.14241005,0.3617751,0.41245365,0.34471488,0.08730179,0.9483732,0.015384898,1.2816309
0.47839847,0.8752038,0.9562071,-0.111942336,0.11563775,-0.027781747,0.33467937,0.5150859,0.21302243,-0.05199697,0.9048971,0.07234584,0.98890245
0.5870658,0.82967234,0.80477417,-0.089170754,0.09054105,0.13841602,0.40004534,0.47096372,0.32619315,-0.06810623,0.779629,0.042425767,1.0235989
0.61574626,0.8465769,0.9181935,-0.027165502,-0.1123772,-0.11771735,0.40140006,0.53631204,0.20802717,0.06517966,0.7343664,0.041662455,1.1217815
0.5765072,0.9167615,0.92415935,-0.11491723,-0.016032204,0.0037698597,0.10479834,0.45542812,0.32575718,0.03386596,0.88511574,-0.030199282,1.254859
0.59334314,0.8305397,0.8389237,-0.13608047,0.02571638,-0.075734355,0.44583935,0.61942154,0.16213237,-0.06396119,0.5380582,0.027706966,0.88442683
0.5296205,0.7691946,0.9575182,0.08732021,0.1375176,-0.08713317,0.3813934,0.5823008,0.45602927,-0.13114554,0.8292068,-0.09759799,1.0529816
0.68466854,1.0000349,1.0381559,0.09453526,-0.14608207,0.12234452,0.3079868,0.70350057,0.22126761,0.0784774,0.92164284,-0.021842122,1.1178316
0.27688447,0.9832426,0.5971971,-0.0946462,-0.0051716715,0.010518014,0.18315814,0.26956075,0.3461876,0.04715042,0.78219086,0.11098555,1.282567
0.6209009,0.57007504,0.7646891,0.03773427,-0.061463572,0.14001712,0.4411564,0.5355294,0.18900299,-0.1450204,0.73984504,0.017813012,0.90349615
0.5828352,0.91574675,0.91465306,0.051297262,0.07164259,0.01711984,0.33444852,0.52015024,0.32126856,-0.0096274465,0.7310995,0.042009816,0.95077115
0.64292413,0.891165,0.80292207,0.047722176,0.055688575,-0.03129065,0.28135723,0.46401453,0.23773795,0.14824948,0.6770641,-0.14010943,1.1715564
0.3977341,0.85379165,0.8883308,0.14872992,0.05838053,-0.13598755,0.24894996,0.42365313,0.17480122,-0.01886879,0.6969523,-0.060838513,0.9277426
0.4369747,0.88552123,0.9644499,0.14124238,0.059056893,-0.034086876,0.3223095,0.5966399,0.35130346,-0.052314468,0.7276037,-0.10944177,1.058316
0.55031717,1.1117065,0.79476506,-0.07042889,0.08302313,0.009160608,0.3068493,0.6236148,0.3052693,0.005030498,0.8017323,0.075828865,1.1808424
0.27702767,0.8673377,0.88621587,-0.03754946,0.058175743,-0.12885329,0.24569792,0.40992105,0.23074266,-0.08007344,0.6657947,-0.08021173,0.89965796
0.5455288,0.9929601,0.7910208,0.12992251,0.072339594,-0.09156831,0.27821994,0.61384714,0.338473,0.009041905,0.6706716,0.054117233,1.148647
0.6182148,1.0738536,0.85021645,0.13627756,0.02441518,-0.09241482,0.43086553,0.5367821,0.23956265,-0.025627486,0.8996357,-0.14328294,0.94760305
0.370559,1.089174,0.86480093,-0.06040124,-0.028806679,-0.13578008,0.31774655,0.4318873,0.3993814,0.125566,0.8430612,0.0396249,1.144865
0.47409996,0.7967979,0.80438995,0.07488464,-0.03889765,-0.1297979,0.33226332,0.49053603,0.29354167,-0.0034984201,0.9529898,-0.115611166,0.97006863
0.45299202,0.9687382,0.8078389,0.07020554,0.11988419,-0.06658895,0.20324127,0.52613854,0.18543197,0.033822045,0.7476926,-0.0217534,1.1770964
0.64327717,0.97879004,0.91065633,-0.112648204,0.09557629,0.055658743,0.127107,0.49116436,0.22000928,-0.047413126,0.7569436,-0.04327201,0.966763
0.6154635,0.9923048,0.90569156,0.037016883,-0.13655555,0.029390857,0.32743442,0.5350693,0.2646714,0.041825533,0.6593858,0.14318234,0.9031515
0.4428196,0.8837206,0.7037518,0.073210225,-0.054213367,-0.058183767,0.10319175,0.29285365,0.47843078,-0.07170239,0.76491916,0.07510835,1.0922196
0.42803064,1.0093448,0.69789517,0.0070623755,-0.13647112,0.10069075,0.16010591,0.46147668,0.18443514,-0.14630726,0.81555986,-0.12927353,0.9770005
0.471636,0.90458703,0.6495663,-0.13890576,0.060946926,0.13606247,0.019631557,0.6557337,0.38798514,-0.11609636,0.70553416,0.11307195,0.9600625
0.75743896,0.66572326,0.7853758,0.14175814,0.015576467,0.05679667,0.34944457,0.69049585,0.015699781,0.059334308,0.7668997,0.11819735,0.84268165
0.28890622,0.8437907,0.84184146,-0.02298683,0.069070265,0.12175465,0.32181326,0.48094028,0.4947603,-0.14742185,0.4843493,0.09358567,0.9952532
0.609749,0.9907744,0.99739397,-0.101477936,-0.07376933,-0.018755808,0.16879417,0.7081466,0.33088064,-0.10888901,0.94019836,0.11083025,1.060388
0.24709201,1.0740871,0.7656553,0.016649649,-0.11152354,0.0018215477,0.2830624,0.16442014,0.16249888,0.0911223,0.69875723,-0.1236565,1.0465115
0.6864046,0.9818455,0.58555496,0.008997083,-0.097330235,0.11750513,0.17852189,0.6856512,0.2192854,0.069866434,0.7470249,-0.02873429,0.8877913
0.48890597,0.8478279,0.9382723,0.11768636,-0.05007942,0.06366028,-0.046805322,0.62538874,0.025349647,-0.0666468,0.63446385,0.06378451,0.86341035
0.53359246,1.0229315,0.7436575,0.044031516,0.12730914,0.12188238,0.27182412,0.27960622,-0.052705556,-0.12825103,0.22334376,0.0838214,0.8174028
0.34150988,0.91062814,1.0113062,-0.08900285,-0.12039348,0.038738146,0.13453253,0.4087213,0.38921124,0.017149448,0.3560265,0.012839571,1.1576462
0.2527569,0.96179616,0.67236936,0.027227834,-0.09370505,0.029989615,0.39597005,0.010190055,0.06967737,0.11546561,0.6247689,-0.124511726,1.1022209
0.15690047,0.93631506,0.3642466,0.07088973,-0.022036776,0.14261264,0.23698188,0.31412068,0.22372457,-0.090837836,0.70469886,-0.07617084,0.9682677
0.4933514,0.7415354,0.5619441,0.14916256,-0.05907759,-0.043305285,0.15318228,0.5132068,0.06580746,-0.082977965,0.55259705,0.116681784,0.86012644
0.3787317,0.92952853,0.76024663,-0.13219869,-0.14318343,0.061628208,0.24899083,0.22431949,0.30855387,0.1398158,0.5755408,-0.010391936,0.8947172
0.4527077,0.9334113,0.80417496,0.11713579,-0.03676077,0.045018986,0.27176294,0.45358288,0.2797998,0.08803286,0.87871933,-0.111049056,0.9807188
0.3297603,0.8992137,0.7893932,-0.12686676,-0.027756289,-0.0713137,0.3151045,0.31238818,0.4107269,-0.12432267,0.746425,0.047377244,1.1452388
0.6190674,0.70314515,0.62257105,0.05270818,0.13616598,0.12221986,0.50538874,0.5467674,0.3112438,-0.13731629,0.91208565,0.14337796,0.9815044
0.47361463,0.8056767,1.1403645,0.071847096,-0.067212425,0.059127152,0.13217573,0.4813244,0.38001662,0.048967436,0.93910867,-0.12049471,1.1046507
0.7018197,1.0818875,0.72398895,-0.124687985,0.1260001,-0.00014981627,0.21616381,0.7379783,0.13339186,-0.054388978,0.7864771,-0.0044170767,1.0367469
0.48016217,0.81114364,0.88131374,-0.05371871,-0.11092213,0.053100765,0.4840328,0.68867195,0.27717748,0.04871866,0.66572416,-0.10239573,0.95558
0.6054294,1.0534673,0.9260695,0.13748887,0.11521214,-0.015195489,0.19720009,0.6516031,0.42736596,-0.0023970306,0.9263617,-0.046143524,1.0196676
0.26147228,0.90159225,0.8926015,0.08328323,-0.13886869,-0.043487817,0.44269252,0.25484383,0.20727083,0.10209283,0.6594974,-0.0778574,0.94814223
0.57204276,0.8838688,0.8264932,-0.09928855,-0.0911393,-0.12003451,0.20996049,0.45691976,0.39615935,0.1330221,0.8461673,-0.14770144,1.1889528
0.7338445,0.9407609,0.81636953,-0.0036566854,-0.044907227,0.088714436,0.26994744,0.5350604,0.21761487,0.03894013,0.7227481,-0.043877617,1.1063195
0.3370092,1.0341126,0.87146866,-0.022328258,-0.14634968,0.027127236,-0.08597623,0.47436273,0.45362365,-0.08648858,0.7042407,-0.1428859,1.132405
0.52269816,0.9264921,0.776211,0.102074325,0.085335195,0.029229999,0.05727756,0.6093958,0.20008706,0.066251785,0.63979506,0.12201467,0.9212389
0.5063325,0.9565111,0.81324995,-0.0076886564,0.13775784,0.13890287,0.35858506,0.49960685,0.18222272,0.065054476,0.3964234,0.02847226,0.9766339
0.6739488,0.79584914,1.0395938,-0.058829986,-0.0333834,0.05820778,0.09735169,0.5376886,0.35749504,-0.13577752,0.6917436,0.027938709,1.0790597
0.5864773,0.88594127,0.79826474,-0.054448843,-0.09571658,0.11031169,0.26813954,0.46287066,0.20887801,0.032996252,0.5631553,-0.09704791,1.0305862
0.3241058,0.89848197,0.49013972,0.013152093,0.051479056,0.111909896,0.17927372,0.54328114,0.39234298,-0.08150896,0.5565568,-0.051460363,1.079359
0.74395084,0.78260136,0.97439533,-0.0341091,0.071123034,0.06904611,0.14096475,0.50587195,0.1447509,-0.09967543,0.6609118,0.01142405,0.6803405
0.48514095,0.88016415,0.9284897,-0.1495391,-0.030553244,-0.018636018,0.27044106,0.54695046,0.20581976,-0.052877463,0.67862964,0.099124625,1.0001074
0.55881286,0.884344,0.8532095,-0.06999044,0.10010514,0.0045380145,0.43728083,0.5510987,0.19633435,0.08278459,0.5964154,0.059436873,1.018039
0.38593686,0.7673733,0.937981,-0.06714288,-0.051531695,-0.00055103004,0.33520275,0.3241192,0.29305068,-0.083414234,0.9285191,0.06892453,1.1903596
0.5811546,0.9388633,0.6743292,0.12727872,0.052918166,-0.051562235,0.23025207,0.5508032,0.1652988,-0.13297448,0.66166306,-0.08841747,1.1765755
0.3844148,1.005616,0.8598961,0.013372332,0.04651618,0.059563726,0.3591416,0.46986264,0.31519663,0.015601546,0.50649667,0.0677477,0.9998737
0.6573248,0.8455167,1.1101599,0.05862701,0.114759564,0.045939,-0.030478276,0.69126195,0.3970103,-0.0007839203,0.7635813,0.03789048,1.1557298
0.43230373,1.0306647,0.84067196,-0.07863486,0.039968237,0.08134137,0.3662631,0.41009614,0.16463506,-0.09730728,0.47478846,-0.070621334,1.1121247
0.580384,0.8180702,0.61576426,-0.11025298,0.026518822,-0.014353514,0.3662471,0.54708284,0.28760386,-0.018756792,0.6026894,-0.10661676,1.152896
0.6729876,0.75924426,0.7390281,0.04306732,-0.11568441,0.14525095,0.40727854,0.6369953,0.17322797,-0.030613892,0.7805992,0.02986981,0.9132755
0.32264847,0.7483219,0.5921923,0.028837264,0.0067993104,-0.035434894,0.10299717,0.5415325,0.30956283,0.01850015,0.8555463,-0.14112738,1.141497
0.6212822,0.7279208,0.8891151,0.116093844,0.086527884,-0.07406395,0.091500714,0.6337424,0.1539172,0.08986162,0.63495886,0.10418016,0.8645552
0.38706756,0.94925994,1.0719419,-0.0006040931,-0.1089174,-0.10815384,0.4746376,0.44104308,0.19018216,0.023157388,0.4803378,-0.04617457,1.0312954
0.6217757,1.0245367,0.82593715,-0.008958578,0.03226061,-0.08164142,0.16279283,0.6702008,0.45137173,-0.07152774,0.92304003,-0.039708607,1.3841774
0.37405497,0.7854808,0.67797697,-0.057262182,-0.1228344,0.09363735,0.076729596,0.418,-0.061537147,-0.1302592,0.8800482,0.06585421,1.1364949
0.3809302,0.83377844,0.66419005,0.08555627,0.1323229,0.10794616,0.34715444,0.45772558,0.23588544,0.13826203,0.03490624,-0.024684161,1.011241
0.5539621,0.9417189,1.0693432,0.14344469,-0.055303022,-0.0017698407,0.34848428,0.6578866,0.13841987,0.06456837,0.8876302,0.12081331,0.93650305
0.28669822,1.2486359,0.7938232,-0.05978158,0.0058814436,-0.13886693,0.40831655,0.20514858,0.3572102,0.07527222,0.6590515,0.10694507,1.1394774
0.4962021,0.87197393,0.30483383,0.06829384,0.036936328,0.04887359,0.11138597,0.3724805,0.47038,0.09071666,0.8414083,0.14403903,1.0566863
0.34632677,0.6472924,0.87891006,-0.032123156,0.020834357,0.13552925,0.16754735,0.43389583,0.16250363,-0.012847275,0.82835966,-0.120031096,0.563472
0.63712734,0.94850117,0.68604285,0.14148289,-0.021083117,0.01566714,0.09241901,0.677802,0.18647796,0.1399318,0.56016207,0.08495282,0.9384679
0.8026006,0.7992225,0.93549967,-0.0074411333,-0.018091246,0.019188821,0.45638728,0.63645285,0.07560467,-0.046996236,0.5356846,-0.0003002584,1.010264
0.44918168,1.0559459,0.82401216,0.07780795,-0.11631073,-0.09666099,0.13673757,0.30169237,0.43767682,-0.11380376,0.59778655,-0.0152644515,1.072021
0.44557935,0.8996808,0.7742897,-0.13952364,0.14576888,0.11550817,0.14393148,0.4357436,0.21498026,0.005342722,0.73180217,-0.077557005,1.0979698
0.40384024,0.8444941,0.8741855,0.105184376,-0.12704416,0.0866694,0.22931272,0.20914601,0.39459303,0.025833175,0.47723123,-0.12333591,1.0496563
0.7442869,1.038451,0.5479482,-0.11047053,0.12536496,-0.061813943,0.35116646,0.74293166,0.49709383,0.024296671,0.8089305,-0.027041994,0.9416495
0.35876584,0.79959667,1.051627,0.025570184,0.041661948,-0.0765454,0.30881995,0.557618,0.25989392,0.115844786,1.0487071,0.103122115,1.034345
0.52136564,1.0534633,0.6757284,0.12717432,0.02754341,0.11237049,0.1880427,0.5346058,0.42450747,-0.12064786,0.7753525,-0.019265607,1.052042
0.59169585,0.8216049,0.9494788,0.0105549395,-0.0073921084,-0.0552375,0.44693732,0.7100873,0.21570674,-0.06842199,0.8457988,0.06374073,0.8210634
0.60707927,0.85989475,1.0436394,-0.057713255,-0.017195016,-0.0096594095,0.15911849,0.44976395,0.41874605,0.119671375,0.69794595,0.028058767,1.0715163
0.71376127,0.89074636,0.74705184,0.01708351,-0.008859992,0.0041365623,0.35630432,0.5755332,0.11162259,-0.04117155,0.8974916,0.11721408,1.1903641
0.591566,0.99943364,0.92930835,-0.10600707,-0.02219066,0.13127553,0.22455405,0.37288758,0.11931448,-0.028592192,0.7144762,0.12595162,0.9468618
0.6494109,0.94070005,0.764244,0.0012639165,0.07630487,0.09670396,0.410982,0.59521514,-0.002533108,-0.06763539,0.68147343,-0.0064050555,1.0237243
0.3018763,0.8416425,0.92427707,0.14220375,-0.05555749,0.055944994,0.043077346,0.4761729,0.18398261,-0.069769084,0.780563,0.0878994,1.0647092
0.42826182,1.0144017,0.8182486,0.06944208,-0.05226537,0.06922667,0.4883508,0.3468033,0.0857784,0.021735117,0.4582355,0.030953288,0.89461344
0.09864981,1.002464,0.7861743,-0.0027337968,0.063482985,0.09303707,0.17176855,0.06952671,0.39850253,0.12421426,0.6124744,-0.015768588,1.0858542
0.5767648,0.9172336,1.0280645,0.0066224933,0.07555498,0.065650344,-0.05778507,0.4499278,0.34714034,-0.045901358,0.626246,-0.060183443,0.997797
0.41607052,1.079969,0.71689314,0.006846577,-0.050555207,-0.1456435,0.21104527,0.1947367,0.029204078,0.12965381,0.5575658,0.067510396,1.0282416
0.6329684,0.81595546,0.8366883,-0.12774003,0.016790971,-0.05248881,-0.024306208,0.49695483,-0.040673435,-0.120882496,0.43739808,-0.023182154,1.0335128
0.5189025,0.7653488,0.73684144,-0.09138149,0.12639016,-0.060748123,0.39098758,0.6713434,0.22795807,-0.116228364,0.13852651,0.0011567473,0.9524541
0.12875938,0.70385915,0.75951564,-0.10407452,-0.019772336,-0.0653784,0.33653417,0.29050776,0.23771289,-0.09405005,0.6892876,-0.0124569535,0.96253806
0.1356833,0.7757806,0.5243962,0.0070305467,0.03613402,0.10805845,0.3954838,0.08357088,0.25970146,-0.039323725,0.8213589,0.009245276,1.1562577
0.6202955,0.6268023,0.38114366,-0.06466624,0.038029745,-0.078112334,0.027244717,0.5057979,0.17407465,-0.066889,0.7566036,-0.06591591,0.9048902
0.5676367,0.65311813,0.8291432,-0.10610725,0.13469446,-0.12430709,0.36123046,0.4072426,0.044647746,0.11511877,0.45637634,0.07118651,0.7351996
0.46760035,0.7633842,0.86937714,-0.10569732,-0.08849892,-2.861023e-05,0.39455616,0.6178366,0.320157,-0.05070518,0.7736584,0.10231602,1.2205263
0.3683885,0.9236691,0.81426704,0.047108576,-0.039266877,0.0720087,0.44434026,0.522677,0.34279275,-0.021414861,0.70824003,0.023136169,1.2219995
0.15422711,0.86062586,0.6020729,0.1119279,0.03645304,-0.030305728,0.12112231,0.23705545,0.34921375,-0.0063924044,0.93219864,-0.07336724,1.2096348
0.453725,0.7343601,1.0007623,0.10045439,0.13736111,0.110643744,0.4596352,0.6614932,0.30370858,0.031580076,0.5539683,0.09622809,0.9305818
0.6993122,1.0589054,1.0640466,-0.09798518,0.14313191,-0.095923916,0.3422762,0.6977512,0.47614363,-0.021653354,0.7712827,-0.1394492,1.1384345
0.534428,0.8722967,1.0267352,0.083512545,-0.07362975,-0.09165071,0.17185573,0.5258875,0.2780794,-0.13427567,0.83898306,-0.0838043,1.063183
0.41079086,0.93876076,0.68901056,-0.11876996,-0.05142837,-0.1319473,0.14723766,0.5927504,0.45357662,0.087033525,0.5404206,-0.10794966,1.2341962
0.649748,0.8419427,0.79560935,0.019170284,0.08162987,-0.04284157,0.3170768,0.5482383,0.4309273,0.017361552,0.8194685,-0.090423815,0.87472993
0.44657883,0.92388284,0.9495421,0.08983751,0.12352756,0.057406113,0.16861218,0.5260654,0.432786,-0.14459015,0.7785876,-0.021373421,1.01492
0.52711636,1.0124787,0.7574113,-0.064046524,0.113888115,-0.07391179,0.18934089,0.6290105,0.27123356,0.020392865,0.736913,-0.12089321,1.0373747
0.5587451,0.97408384,0.9596709,-0.053878233,-0.015902787,-0.06760703,0.14976245,0.7122652,0.28093797,-0.11768556,0.74688005,0.05047424,1.0402968
0.56848717,0.9490124,0.90534216,0.042863354,-0.06886191,0.047910556,0.20440884,0.54335743,0.33518112,-0.02634205,0.6304659,-0.13322541,1.1901406
0.6599697,0.92541635,0.82084817,0.13745606,-0.14755292,-0.10633376,0.113044724,0.6644876,0.13242963,-0.091131136,0.79013366,0.02169834,1.0992905
0.6594223,0.88766,0.6682296,0.13378742,0.056468993,-0.049792998,0.47013742,0.39622003,0.15788075,-0.012177959,0.5163548,-0.05077415,0.8767892
0.54963404,0.9094176,0.9052235,0.030304298,-0.13427466,0.14447096,0.39994133,0.6029614,0.24475099,0.12864548,0.88665473,-0.022770256,1.0963403
0.31505647,1.0422796,0.81228226,0.13439271,0.12081191,0.07165034,0.19920638,0.21535394,0.4883244,0.06423156,0.9356209,0.125882,1.1528747
0.41215855,0.9889143,0.7075374,-0.014537945,-0.05413699,0.035758376,0.26651224,0.42868313,0.26432636,-0.0075645745,0.97690076,-0.08313309,1.0763651
0.41157162,0.89425504,1.0409868,0.016481757,0.0011071265,0.054958507,0.035476685,0.59050477,0.26546347,-0.06900081,0.7833053,0.08483629,0.8757945
0.68124807,1.1172022,0.95580924,-0.14626923,-0.09459683,-0.01547794,0.12495969,0.76672834,0.026554018,-0.019104928,0.5399136,-0.033467285,1.0074692
0.37035227,0.9481667,0.9802857,0.050661728,-0.048662513,-0.041202128,0.258426,0.5922938,0.1542747,-0.033170827,0.43564606,-0.0115240365,0.948673
0.54905903,0.9758482,0.90714306,-0.0069087744,0.035450026,-0.14008686,0.14694974,0.38958496,0.2573095,-0.14432178,0.52490926,-0.037586533,1.1455164
0.2558515,0.9376787,0.78183043,0.10424489,-0.023803532,-0.13468447,0.13742006,0.13705383,0.30617726,-0.104102366,0.75974005,0.13733473,1.0911618
0.40717864,0.9869611,0.66216075,0.13608506,0.11257619,-0.013396367,0.19517905,0.39692658,0.12968406,0.028155074,0.7620831,-0.1043082,0.9416466
0.44653708,0.8758571,0.6693307,0.14615405,0.041890934,0.06616837,0.48142695,0.503683,0.46780637,-0.030263275,0.6828236,0.12785983,0.9423938
0.5601633,0.9707053,0.77306306,0.026758075,-0.13936728,-0.036399685,0.3420478,0.49242002,0.42351353,0.02713123,0.8926782,0.030227542,1.0125589
0.38237566,0.8096354,0.8488337,-0.100702435,-0.1207398,-6.592274e-05,0.029482469,0.4930943,0.3063916,-0.13092071,0.92010355,-0.13911329,1.1553814
0.535635,0.9750998,0.6709551,-0.13591781,0.09468223,0.08391532,0.24323359,0.82359457,0.059889242,-0.08374536,0.57650113,0.09727888,1.0796529
0.601795,0.60923725,0.9005225,-0.09295604,-0.115787,-0.046332352,0.37641865,0.7213191,0.4535901,-0.040648468,0.6557822,0.07184556,0.87659156
0.50710136,0.7674233,0.8967111,0.031531975,-0.048251063,0.026796311,0.29542935,0.64384705,0.40170577,0.13172188,0.98263663,-0.10203336,1.2742611
0.39063758,0.9875513,0.58118147,0.061041713,0.13787344,-0.14935404,0.22352698,0.19654098,0.23034129,0.011569142,0.8425522,0.076138094,1.0554976
0.81383884,0.86435086,0.9328443,-0.09081662,0.056015,0.08098762,0.13680774,0.76893306,0.25967088,0.06205994,0.7644358,-0.07746941,0.78694797
0.5412967,1.0602866,1.0421612,0.05091253,-0.032736145,0.061258435,0.1827921,0.49757016,0.29301184,0.13264707,0.6001986,-0.1102769,1.1766583
0.5015731,0.99778,0.8353642,0.00021611154,-0.058802783,-0.09612419,0.24208193,0.37254804,0.33435947,-0.09938382,0.740842,0.082888976,1.2165792
0.5905236,0.9984933,0.8351771,-0.1375619,-0.118050925,-0.100332946,-0.083864726,0.46572304,0.1979405,-0.01007618,0.7852075,-0.060299635,1.0077322
0.46420562,0.9471182,0.79635966,0.07979615,-0.14308824,-0.021853209,0.2498302,0.49578208,0.036353283,-0.11492644,0.4816029,-0.054730244,0.8652227
0.71444356,0.8481167,0.87283903,0.010867223,-0.013878986,-0.12254189,0.30344546,0.65623933,0.26815727,-0.003105715,0.5361713,0.05154027,1.0207286
0.58884287,1.0515766,0.9998474,-0.002055481,0.099736616,-0.094662294,0.10685673,0.53858626,0.2663694,-0.028090976,0.72591764,0.08264786,1.1097875
0.19094978,1.0197538,0.7526809,-0.00055745244,-0.008045629,-0.030989833,0.1470078,0.1823829,0.058680624,-0.013286531,0.5729335,0.14964923,0.986214
0.38353804,0.7631211,0.6447234,0.01811169,-0.09067237,-0.13942903,0.05700788,0.53157187,0.13161421,-0.078199625,0.47522047,-0.06673724,0.8640473
0.59926564,0.6921421,0.85822415,-0.062874526,0.024150774,-0.064636484,0.22828166,0.5292231,-0.0173586,0.012997061,0.5790769,-0.027041458,0.9203906
0.12720531,0.86551905,0.8326496,0.12482828,0.031136319,0.02636525,0.28155687,0.29498315,0.033683956,-0.1116917,0.3379687,0.02028428,0.94746476
0.27276367,0.8577226,0.700755,-0.015300661,-0.033037,-0.12784012,0.4196272,0.4730587,0.25884455,0.09951565,0.63580304,0.037057072,1.1881484
0.2344015,0.7631003,0.8559425,0.007948726,0.017249659,-0.0367838,0.011630446,0.11470668,0.4119969,-0.027706884,0.90776956,0.035227135,0.9393965
0.08592418,1.0024021,0.56571347,0.1274263,-0.11228046,0.011202723,0.014184877,0.137631,0.0075603053,-0.14185111,0.72223,-0.010055244,0.8385025
0.49267566,0.7201149,0.837339,-0.013094693,-0.102065176,-0.132123,0.36518535,0.6415452,0.18713546,0.060581446,0.11140153,0.06442997,0.87385106
0.64056253,0.78941244,0.90627575,-0.14252764,-0.10679875,-0.1456907,0.042522766,0.50668985,0.4628467,-0.022376314,0.8238715,0.109190166,1.1880505
0.027841963,1.0194256,0.66255295,0.048361644,-0.110116795,0.0034391433,0.255292,0.11255367,0.2112402,-0.116737574,0.6621816,0.059503436,1.0411551
0.4662767,0.7808011,0.035507202,0.00018879771,0.078628644,-0.06434337,0.17994866,0.4617131,0.34805334,0.11002621,0.6043664,0.042657405,1.1021227
