A,B,C,D,E,F,G,H,I,J,K,L,M,N,O,P,Q
0.37242505,0.08481707,-0.07694253,0.03868404,-0.09033906,0.7409888,0.026012078,-0.05576159,0.73125577,0.7283402,-0.008358583,0.096902385,-0.023161307,0.27768734,-0.108435005,-0.122236155,0.07552458
0.23799798,0.08640826,0.032255515,0.0800256,-0.09530121,0.96860486,0.049198583,0.10210508,0.94999874,0.5632195,0.14951485,0.14466092,0.07146527,0.24525687,0.062007666,-0.10510267,0.0351678
0.31718522,0.1171132,0.057907283,0.044923767,-0.06717734,0.8691786,-0.13855764,0.043909237,0.6023894,0.7614033,-0.07548598,-0.017432451,0.06574559,0.429122,-0.0501054,0.10021904,0.1141817
0.3214985,0.10646862,0.004286051,-0.073820405,0.04530546,0.7655399,0.083739,0.020410374,0.9978646,0.6107296,0.121739835,0.012400836,0.13084793,0.43958694,0.018215418,0.007472649,0.07418226
0.18832768,-0.029743284,0.12940589,-0.0547581,-0.06292992,0.848946,-0.13059144,-0.02568727,0.75294554,0.5864854,-0.101232335,-0.036614887,-0.008562937,-0.05470424,-7.742643e-05,-0.045910336,0.10508567
0.29612744,-0.05115196,0.023410395,-0.007721022,0.07474597,0.82136416,0.13596082,0.03520988,0.6557773,0.2898873,-0.065736674,0.03337364,0.10173124,0.10290891,0.100180835,0.048073903,0.13801792
0.16838679,0.030067846,-0.051639356,0.060191512,0.073950574,0.95494545,0.12902161,-0.03400723,0.6040156,0.36372888,0.0813051,-0.03297399,-0.020412028,0.15723151,-0.06400549,-0.016640723,0.13813788
0.054218896,0.11653921,0.10427415,-0.009584755,-0.039260767,0.8828404,0.02237688,0.14892143,0.58069956,0.47608176,0.029011682,0.14172229,-0.12175645,0.044927023,0.06659041,-0.10875269,-0.09777586
0.3354364,0.0971937,0.112844855,-0.04106328,0.14151835,0.83261186,0.026349276,-0.048233576,0.750183,0.3076195,0.04440424,0.008402571,0.14770898,0.3943747,-0.028853454,0.060686767,-0.11215657
0.2294052,-0.10904427,-0.019261405,-0.10643682,-0.0030571222,0.7885688,-0.010443643,-0.018848673,0.4885229,0.63630396,-0.008984342,0.009241283,0.07589042,0.29157132,-0.050220214,0.060015902,0.14938465
0.19791219,0.10373598,0.12645355,0.045240566,-0.14892954,0.5558379,0.062910914,0.09659313,0.9433846,0.6094445,-0.020473152,-0.13274875,-0.110677175,0.2955622,-0.03735035,-0.0779973,-0.026151255
0.27738023,-0.08326194,0.10804367,0.030391142,0.104359865,1.0529438,-0.073993586,0.079313695,0.73537266,0.29396075,-0.14212932,0.0040223002,0.07674906,0.14870042,0.09433164,-0.042872094,-0.019342393
0.40892175,-0.07118636,0.030004635,-0.04033442,-0.12969078,0.7388348,-0.06298192,0.004696086,0.6055719,0.4777963,-0.047019325,-0.07483589,-0.112632826,0.15145737,0.095188275,-0.05459653,-0.10227218
0.24686997,0.12692991,0.10086575,0.029337764,0.063192815,0.8023329,-0.13443506,-0.08426011,0.55019194,0.5601998,0.102716625,-0.032697402,0.06207785,0.37311804,-0.039006546,-0.057879858,0.13723165
0.32723042,-0.11577225,-0.021194384,0.005101472,-0.03076823,0.6039833,0.052010283,0.11498633,0.78552365,0.5020167,-0.14754114,-0.13848504,0.008297741,0.20935017,0.12211925,0.03965333,0.10705492
0.30856758,-0.061090425,-0.023217037,0.07887046,-0.01631695,0.8725618,0.008559391,0.11351836,0.684686,0.40563512,-0.058079213,0.056338638,-0.14580306,0.05525534,0.041049197,-0.049405128,0.024467811
0.32062453,-0.09029943,-0.067163624,-0.06613249,0.009648383,0.96512616,-0.026909731,0.053035304,0.6923713,0.4931007,-0.057080775,-0.04955238,-0.05636008,0.34323442,0.029590845,0.052349344,0.09912379
0.37219745,0.10380313,-0.08086805,0.01047565,0.057434127,0.8747512,0.09949212,0.14196587,0.8174105,0.59677637,0.12093055,-0.035303682,0.04004632,0.30976778,-0.11263184,-0.017187536,-0.018592179
0.40835547,-0.03775485,0.020256728,-0.028977282,0.13043857,1.0460508,0.11515576,0.011143431,0.8488983,0.7017871,-0.04201913,0.07446395,-0.079815716,0.13945192,0.13799566,-0.068190694,-0.013366163
0.31738326,-0.036849618,0.08348088,-0.018403769,0.030413449,1.0218744,0.0842451,-0.11546914,0.9302255,0.48010707,-0.11961952,0.13089961,-0.05940873,0.11428833,-0.0109330565,-0.087799236,0.11593479
0.26471454,-0.030108176,0.009368941,0.06080191,-0.07936909,0.81970614,-0.060137168,-0.12643892,0.78158295,0.38511845,-0.119802624,0.0928728,0.04955007,0.40850222,0.10367563,-0.10132351,-0.131434
0.025928795,-0.103216216,-0.010102183,0.10737118,-0.084141314,0.7414787,0.015136614,0.054198563,0.5556331,0.46776587,0.09103255,0.11301854,0.029138923,0.2211572,0.10012129,0.09868711,-0.062142067
0.25123936,-0.09303184,-0.0034793615,-0.034958303,0.022825047,0.82522726,0.040878385,-0.14508379,0.58183014,0.3551556,0.11522278,0.020013914,-0.08620783,0.31629914,0.00023791194,-0.11358301,0.038930997
0.2645771,0.061698735,0.13822314,0.04921089,0.12737486,0.8171438,-0.13969922,-0.110507056,0.71501756,0.5456935,0.025078937,0.08444749,0.0767203,0.36587435,-0.04734634,-0.07421514,0.09027743
0.30159956,0.004448533,0.13006723,0.049900576,0.019020736,0.86316526,0.09713884,-0.0075883865,0.65372646,0.6519558,0.010349497,0.105350405,-0.10976093,0.33649117,0.09405109,-0.11724745,-0.08008325
-0.01745978,0.0044636577,0.1359899,-0.048333034,-0.08691897,0.7170038,-0.14270787,0.11996746,0.71914613,0.4958638,0.05751443,-0.03160061,-0.037688702,0.23632947,-0.06673651,-0.041621916,0.04057306
0.048558503,-0.086146496,0.08618601,0.14469197,-0.041788153,0.72857696,0.05984068,0.07219918,0.73292756,0.34965006,-0.079086564,-0.08715409,-0.02754502,0.33396482,0.07788713,-0.07060546,0.03321871
0.2817371,0.10269901,0.07832603,-0.054942995,0.056777075,0.84510535,-0.026706114,-0.123793535,0.64917266,0.2707475,0.029107764,0.13303965,0.07949984,0.3143965,-0.06604486,-0.10328378,0.004588008
0.24929106,-0.021204188,-0.10425368,-0.008554488,-0.12781036,0.849475,-0.03289944,0.0073979795,0.4711881,0.53583395,0.017638192,0.06719345,-0.03343726,0.3288268,-0.1371474,0.050217748,0.10285795
0.018656477,0.058088586,-0.12134491,0.09269999,0.09864758,0.753313,-0.10964229,-0.103744775,0.7807634,0.54304725,0.012998059,-0.089442626,-0.01817885,0.27676684,0.10918501,0.06879616,-0.04156881
0.3557799,-0.09638885,0.059995607,-0.11653195,-0.059397824,0.911584,0.09661867,0.070451796,0.73175764,0.049994394,-0.09324387,0.07587911,-0.06616824,0.3466856,-0.06319487,-0.1394556,-0.026392207
0.23372242,-0.09228131,-0.0033943206,0.066872805,-0.10271722,0.75445724,-0.02682098,0.104265064,0.21932642,0.5499138,-0.100697786,0.071137056,0.1301023,0.4659293,-0.033380292,-0.10194138,0.012114018
0.1739165,-0.11000146,-0.1070794,-0.10305999,0.03677985,0.4331258,-0.12894733,0.034877867,0.5972347,0.35237628,0.13900694,0.020640701,0.0038670003,0.20503181,0.036824062,-0.010702044,0.09638804
0.4001211,-0.1347164,0.025939256,0.0076598227,-0.06272459,0.6230687,-0.001421839,0.14169225,0.60186625,0.6520933,0.08225548,-0.14137891,-0.13305593,0.08417088,-0.0780567,0.059424758,-0.064553194
0.3704936,-0.10149662,-0.11781934,-0.09576899,-0.07091822,0.9039649,0.14503878,0.015330404,0.6647667,0.8216634,-0.113756835,-0.033025645,-0.037681125,0.26100007,-0.057993993,-0.09106672,-0.038182177
0.2685995,0.048632607,0.028536096,-0.13541934,-0.13058986,0.8298286,0.12613642,0.058474347,0.95394504,0.61523557,0.1454663,0.13063565,0.08612859,0.3159324,0.07417016,-0.11492808,0.030165747
0.27633184,0.11402431,0.046764,-0.09092065,-0.13194907,1.0509772,-0.11713529,-0.14354831,0.6664539,0.71371627,0.120433986,0.04798588,0.09293364,0.24393898,-0.038648717,0.087752014,-0.04726719
0.28819072,-0.026040994,0.093741074,-0.14865398,-0.13591512,0.6764269,-0.044730395,-0.14672568,0.7428138,0.7505599,0.009800181,0.087289825,0.022168756,0.37457526,0.06875704,-0.048671685,0.100296706
0.21860947,-0.09374108,0.03472556,-0.04884725,0.09163408,0.79216486,0.025860935,-0.14267778,0.77891773,0.6445037,0.12369618,0.059127316,-0.009523705,0.35321978,0.1404706,-0.010378689,0.046138808
0.30205065,-0.082730055,-0.06988773,-0.13196936,0.11532834,0.75984126,-0.13327852,0.08575103,0.81086946,0.53892136,-0.09275478,0.095284894,0.12462735,-0.0250789,0.041473806,0.067087635,0.011060968
0.19057089,-0.06590576,0.12298554,-0.039568417,0.0080458075,0.82736284,-0.118156135,-0.06340467,0.61134017,0.43717843,-0.06375838,0.06209828,0.14709517,0.11399607,-0.01689811,0.11584866,0.122909606
0.36573234,0.055923134,-0.13778998,-0.07145323,0.0017043352,0.93019485,-0.00035718083,0.10108155,0.7854528,0.2976116,-0.098501265,0.10299358,-0.06539662,0.39560735,-0.0045440346,-0.09741258,0.08451153
0.16782853,0.032584578,-0.054684646,-0.1377011,-0.026430398,0.85014164,-0.041632943,-0.06919547,0.5324645,0.4511505,-0.12061061,0.13613045,-0.06539637,0.44695663,-0.123388454,-0.10432034,0.06758076
0.20724735,0.1319778,-0.10603894,0.11397079,0.06190358,0.623143,-0.021339044,-0.05646821,0.748526,0.11178967,-0.031826273,0.14611235,-0.12873608,0.44058567,0.028969526,-0.108060926,0.11995751
0.40878177,-0.096355915,0.12180334,0.06136541,0.06588149,0.9129846,0.107019186,0.029561177,0.20381922,0.5056157,0.0829269,-0.016466275,-0.08459977,0.30879313,-0.10318732,0.06926605,0.14602596
0.23243524,-0.012765408,-0.0860955,0.0034134835,0.0174703,0.4168545,-0.03511732,0.09727405,0.85103667,0.8472044,-0.045950554,0.03723806,-0.13690035,0.3133883,0.1324229,-0.113786414,0.076323494
0.03282752,0.11975962,-0.10619976,0.005673066,-0.05973702,1.0615402,-0.06661156,0.0048146844,0.9509314,0.4550677,-0.13589782,0.10420507,-0.030962601,0.29904726,-0.09449591,-0.039719656,-0.030519016
0.4896637,-0.012003437,-0.008172423,-0.102935426,-0.14926176,0.90320355,-0.048848696,-0.14850545,0.7448487,0.19985136,0.058312267,0.044085115,0.078951344,0.21679106,0.003576979,0.080193445,0.010940254
0.06657685,0.11469978,0.00019997358,0.12758285,0.040061086,0.86639446,-0.133879,0.12097186,0.36539114,0.8648149,0.07613814,-0.06526779,0.101609975,0.23735465,-0.13179676,-0.13638255,-0.008935034
0.219623,-0.08048485,-0.14413664,0.11240527,0.013022274,0.7524142,0.066985905,0.04504682,0.8740053,0.42240036,0.107849896,-0.07359558,-0.060962826,0.34516078,-0.119541556,-0.06322092,-0.07224482
0.39121452,-0.029680662,-0.11152221,-0.060259745,-0.028462604,1.0247452,0.078231156,-0.076716244,0.6700824,0.61862665,0.13640562,-0.12235625,0.1166251,0.3764981,-0.07578117,-0.077014916,0.028788477
0.095205694,0.055910304,-0.06890606,-0.114193484,-0.0016152263,0.8993541,0.08838269,0.09857388,0.8406202,0.7211845,-0.006433472,-0.082736745,0.06955211,0.19669652,0.059865803,0.123877615,-0.03307493
0.22048467,0.053313255,-0.06027925,0.07240462,-0.014315948,0.7774566,-0.07112015,-0.011041194,0.8182233,0.15843526,-0.08915904,0.11871129,-0.103638574,0.41473168,0.09713724,0.14766291,-0.13279893
0.1892814,-0.023749977,0.010782331,-0.04504513,0.04348816,0.9178052,0.12842408,0.03879884,0.2884944,0.40532854,-0.054298267,-0.008210063,0.06785336,0.5232494,-0.14518946,0.032319218,0.14289808
0.037725993,-0.07315845,0.0887766,0.04066378,0.05650717,0.6171936,-0.027788386,-0.12463863,0.5747757,0.4935586,-0.14820899,0.02259019,-0.04628309,0.07543166,0.023678824,0.066648155,0.050982416
0.26792616,-0.095364556,-0.11335876,-0.022225425,0.057283953,0.8277891,-0.087629095,-0.120083556,0.7281469,0.3832866,-0.0635511,-0.14229351,0.07706095,0.16958857,0.04733345,-0.117543116,0.11902219
0.21049428,-0.0069147944,0.079211235,-0.06390379,-0.08731805,0.71089756,-0.11260018,-0.0181835,0.67344207,0.5117961,0.04580258,0.006756574,-0.048242234,0.21395403,-0.12924168,-0.029242374,-0.069764614
0.20905569,-0.09626627,0.09117864,0.055746555,0.097103834,0.84658825,-0.07177904,-0.13269657,0.6541698,0.6028122,0.07732262,-0.024926305,0.07724911,0.18646617,0.1330688,0.14996043,-0.02444163
0.20686033,0.11797261,-0.1387375,-0.03812147,0.10960564,0.94042164,0.11836508,0.03307189,0.91562885,0.48110116,-0.0557917,0.11813772,-0.030896582,0.28010395,-0.01864314,0.031287327,0.002784133
0.41536748,0.06858306,0.019803002,0.12817484,0.017002314,1.0930183,-0.08650069,0.08439763,0.70908713,0.39341235,-0.012305453,-0.10184239,-0.020553648,0.062200345,0.08866583,-0.12740058,0.028923005
0.21743259,-0.088373,-0.04111097,-0.05047571,-0.13677143,0.92799175,-0.06763977,-0.10155225,0.5505407,0.7259778,-0.14475125,-0.1467212,0.056852475,0.3306933,-0.14354439,0.14979586,-0.070517495
0.4140254,-0.012698084,0.13091773,0.09199242,0.006593287,0.84671766,0.084913835,-0.008494288,0.92409164,0.2923007,-0.004770756,-0.08201192,-0.06370656,0.5328148,0.13561696,-0.021839768,-0.052785806
0.032737993,0.0439682,-0.08362917,0.061932534,0.0021781325,0.9709382,0.09962635,0.118422866,0.5691365,0.64766765,-0.084923446,-0.047333658,-0.05623827,0.14516193,-0.058914512,-0.08164804,0.14246851
0.21673173,-0.06775353,-0.015587196,-0.018475145,-0.10076307,0.6457307,0.14415416,0.06105438,0.81898504,0.14328021,0.109306574,0.048933223,0.086188555,0.3408777,0.1265859,-0.10637674,0.110492975
0.35517764,-0.13323744,-0.14835072,-0.080287546,-0.1327098,0.789143,0.081339374,-0.07199144,0.3317239,0.4955093,-0.12949605,-0.100781664,-0.026738316,0.43317613,0.07685411,0.11401725,0.03906101
0.44885218,0.03903584,-0.041625507,0.077472046,-0.13720873,0.48008156,0.03191954,-0.09464021,0.6497306,0.45015657,-0.10222708,0.1061174,-0.07186064,0.19820048,0.006645888,0.012636423,-0.11683914
0.08276272,0.038331077,0.047105804,0.062686875,-0.05759257,0.8443733,0.06049554,-0.035342686,0.77514523,0.5415455,0.1404185,-0.07859498,-0.02464582,-0.016481616,-0.0050750673,0.10995835,-0.06306356
0.12776738,-0.041332483,0.114877254,0.020572335,-0.13685094,0.8096504,0.13803571,-0.041973464,0.6536644,0.37964386,-0.13368125,0.14198685,-0.029072732,0.24520928,0.053190038,0.010519147,0.088462785
0.22115617,0.09843998,-0.09812012,-0.006858647,0.004120648,0.7871314,0.14269388,-0.053310208,0.4869435,0.11193866,-0.06536749,0.03845869,0.029164791,0.08077046,0.048783585,0.117417604,-0.11418307
0.30256653,0.08735843,0.0023340434,-0.10942619,-0.035546802,0.8095299,0.08655296,0.055296972,0.3135567,0.38416016,-0.108908504,0.029898852,-0.02861365,0.4918275,0.010860369,0.0966243,-0.07639641
0.18843439,0.030053467,-0.024522528,0.048878253,-0.051642142,0.5089023,0.1410707,0.13648507,0.5102436,0.49973333,0.0073459595,-0.07846998,0.046773776,0.4278116,-0.022711903,-0.12610929,0.016892165
0.074852556,-0.08610535,0.09698877,-0.11220385,0.013565883,0.69203997,-0.11966002,0.08320068,0.6111948,0.49709606,-0.08180679,-0.05407083,0.038394287,0.39054105,-0.14915267,0.08585967,0.009870112
0.1582326,-0.122899786,0.09862733,-0.053897314,0.13536927,0.6951296,-0.011526793,0.034543782,0.6446535,-0.009217747,-0.06350795,-0.0027288198,-0.017290056,0.2968924,-0.04647439,-0.08155802,0.004685223
0.25527644,-0.07197583,0.012223393,0.002390951,0.0035295933,0.89423496,-0.0803195,0.11610824,0.04875628,0.39339852,-0.03756457,-0.114920095,0.08281781,0.180763,0.01840067,-0.0056330115,-0.1358351
0.15104079,-0.122226104,0.0855829,-0.051046766,0.06318265,0.1410323,0.02110441,0.14595112,0.559343,0.44831595,0.060525656,-0.010137677,0.14138612,-0.0018038973,-0.120571956,0.018492728,0.049319014
0.33278477,-0.093053006,0.14171094,-0.0037594587,0.14901498,0.8647132,0.037402943,-0.023931652,0.5199386,0.38129976,0.013114378,-0.08635501,-0.09874192,0.039701827,0.05865693,-0.019499049,0.013080716
0.34380555,-0.047599845,0.118768215,0.101501405,-0.11103387,0.5796678,-0.043175556,0.1235176,0.5509721,0.47855705,-0.115860045,0.015556797,0.05660464,0.11364282,0.07117635,0.104569316,0.09805262
0.22796156,-0.07743309,0.03201464,-0.058351137,0.025079533,0.7295351,0.054744378,0.076122314,0.5514102,0.37835842,-0.1164566,0.1349665,0.060346276,0.34836483,0.01367034,-0.042195283,-0.045630954
0.12880848,-0.12533209,0.08874023,-0.023442298,-0.039455652,0.7714645,-0.020540878,-0.061354138,0.629693,0.3779546,0.07881555,-0.0039301664,-0.06481539,0.34316206,0.1448636,0.11398506,0.11827901
0.48381788,0.033634216,0.098962516,0.06819923,-0.13357274,0.88597226,-0.14562745,-0.07776863,0.7011959,0.36042097,-0.025719203,0.038189173,0.09835337,0.3246541,-0.13355362,-0.021265507,-0.117651135
0.2632206,-0.07534993,-0.0014564544,0.0018187314,-0.00059363246,0.92585576,0.13174674,-0.07552463,0.5722133,0.7491753,0.11296198,0.0665701,-0.116512254,0.2813502,-0.066557445,-0.08798137,-0.0014679581
0.16974603,0.030340225,-0.1217154,-0.124258704,0.09319368,0.7371271,0.080193505,-0.07224149,0.794725,0.7564307,-0.10955097,0.007784575,-0.1372302,0.37041423,0.10113594,0.079030916,0.041528508
0.32125157,0.007529229,-0.03862354,0.10564497,-0.03485302,0.8452389,-0.07177901,-0.12397315,0.73019403,0.28556275,0.02117446,0.11857775,0.09702532,0.35086995,0.05971569,0.10504019,-0.119506955
0.23608053,-0.032955788,-0.1421412,0.0016222894,-0.07387746,0.86253935,-0.09127745,0.13460165,0.6578887,0.7300753,0.072886944,-0.1285274,-0.06465115,0.34980643,-0.07113019,-0.13508244,-0.11365121
0.06352019,-0.09098013,0.041809633,-0.07180217,0.05342424,0.76524067,0.116289854,0.11354411,0.7767016,0.46963674,-0.096201345,-0.0056016743,0.011776328,0.3112397,0.005910307,-0.060852922,0.045538828
0.31851152,0.095533535,-0.03227617,0.0716929,0.000824064,0.73632103,0.008317828,0.13741457,0.75646067,0.3135426,0.09525667,0.14621577,-0.12261565,0.16254815,0.1484333,-0.06456263,-0.0026006103
0.31111965,-0.02470398,-0.10678565,0.10740775,0.004365489,0.7650973,-0.11106774,0.02520001,0.6687944,0.7112744,-0.031737633,-0.14658673,0.03334005,0.14334054,-0.06925891,-0.027802564,0.12654033
0.25792164,0.03379807,0.12980857,-0.12741391,-0.057066053,0.9588722,0.049754098,-0.037390605,0.78004134,0.4524483,-0.10672276,0.01857762,0.06790258,0.14784545,0.004952997,0.11949438,-0.12347201
0.18329881,-0.14147058,0.01382038,-0.14520085,0.14183706,0.7685344,0.1374624,-0.04531177,0.6549536,0.48222828,0.012446359,-0.07628911,0.13679698,0.40674764,0.0030432492,0.03911686,-0.044057786
0.28477082,-0.123821735,0.059589818,0.07348071,-0.013306588,0.8229024,0.0572982,-0.12608558,0.7216686,0.34332162,-0.054985374,-0.05154737,-0.06943358,0.33111155,0.010088056,-0.066346854,-0.12223106
0.49590772,0.07885344,0.100055724,-0.062161535,-0.03437709,0.84920144,-0.103662394,-0.015305072,0.65936846,0.5060371,0.0056646764,-0.13649228,0.13503176,0.25281924,-0.14970651,-0.070236504,0.023753718
0.4157215,-0.06059861,-0.107665926,0.09480624,0.100041926,0.84750545,0.12469837,-0.05904764,0.6660204,0.6060395,0.01953438,0.11900395,0.09960616,0.2744546,0.08517781,0.007820666,0.0467017
0.30162,-0.12250155,-0.061654456,-0.04678788,0.09909642,0.9594383,-0.08769123,-0.12350398,0.70438147,0.6586336,-0.019430622,0.066676855,-0.09570627,0.12335124,-0.14991711,-0.10069993,-0.023772001
0.21392988,-0.10772156,-0.010550588,-0.10715683,0.05823657,0.8467075,0.1462462,-0.14443174,0.92330635,0.441535,-0.1489705,0.019299135,0.10843098,0.43022734,-0.0069148988,-0.118594125,-0.052791707
0.2585821,0.14721027,0.051635534,-0.038823746,0.09800774,0.94094056,-0.11348781,-0.04981848,0.72368574,0.25933877,0.12776935,0.025378466,-0.06273702,0.45452318,-0.11601582,-0.104877904,-0.070867844
0.31410682,0.116550624,0.12191582,0.061974958,0.10200444,0.958465,-0.039055914,0.044902146,0.42398256,0.724516,0.05927235,-0.039085098,-0.14183092,0.44687697,-0.11741145,-0.0925616,-0.014536411
0.43927544,-0.115621895,-0.08486021,0.038969472,0.018156305,0.58621943,-0.100240126,0.0026161075,0.7078286,0.6789277,-0.006851107,-0.013540536,0.08409062,0.20246245,0.041807204,-0.009405062,0.091476604
0.21298474,0.021218657,0.09270023,-0.043525867,0.13850877,0.9406662,-0.04169535,-0.012029022,0.71727467,0.568503,-0.10567101,-0.12646076,0.03690435,0.18171379,0.12502795,-0.14677109,0.07890631
0.23321006,-0.066155255,-0.033720538,-0.055150084,0.13763928,0.79653245,0.021695971,0.03181468,0.8267,0.42256743,-0.052897237,0.108079046,0.0025996268,0.40927473,-0.11870246,0.108256996,-0.11516811
0.40290353,0.13260782,-0.04476192,0.045743912,0.025171727,0.83474576,-0.1350077,0.0767255,0.6022474,0.297032,0.031492233,0.0039378256,-0.021799654,0.31398165,-0.06477403,-0.07034399,0.07307993
0.46260348,0.009881288,-0.12261324,0.029229254,0.10804728,0.8055011,0.10629985,-0.008128136,0.585463,0.5706943,0.14828432,0.07329786,-0.017453343,0.1470223,0.08090182,-0.08004479,-0.0069446713
0.034923114,-0.118467584,-0.09924315,0.041759178,0.0010932535,0.8180934,-0.010501951,-0.07527461,0.8106928,0.7734891,0.12886316,-0.14030167,-0.004377246,0.42955768,0.123479724,0.021094337,0.13829744
0.40107322,-0.13579255,-0.14488938,0.09126642,-0.0824203,0.9194035,-0.12095758,-0.035917304,0.99840283,0.3237874,-0.008848697,0.08078252,0.12816739,0.10858679,0.016464725,0.008975416,-0.00071653724
0.33099687,0.031881884,0.047675148,0.025076225,0.059586257,0.9941801,-0.07364758,0.024110183,0.4359733,0.70729876,-0.07058965,-0.014698133,-0.08815127,0.03008984,0.053103074,-0.1430273,0.03233862
0.29312938,-0.13450566,0.09943475,-0.0779816,-0.0096000135,0.7154604,-0.001898557,0.0099350065,0.83476686,0.38802797,0.0091726035,-0.008573681,0.0297364,0.27445734,0.007678896,0.1076462,-0.015567243
0.44134223,0.13177961,0.08402808,-0.14713544,-0.013610348,0.83704704,0.07578108,0.1260787,0.5781948,0.6565848,-0.008203238,-0.017752632,0.12702194,0.22601885,-0.07136954,0.12991768,0.05705586
0.44120547,-0.11452967,0.07437076,-0.019148916,-0.024464697,0.84278095,0.04075317,-0.040488377,0.69969,0.67982715,0.11163312,-0.025372125,-0.016561672,0.4592976,-0.1383915,0.12158099,-0.10158427
0.20668441,0.016588569,-0.046869777,0.002361536,-0.019832253,0.81262636,-0.101752035,0.10396519,0.69269764,0.643948,0.14634964,0.13611415,0.07840115,0.24035946,-0.009624779,0.12650046,0.0835699
0.25785005,-0.14316966,0.096346244,0.013881475,-0.069229126,0.82940125,-0.062766075,0.0744891,0.7077034,0.6525697,-0.13539895,-0.020240456,-0.0046324134,0.4853549,-0.092017114,-0.061629727,0.14880931
0.42774808,0.101998985,0.010455549,0.012524381,-0.06858305,0.8677118,-0.13516632,0.061232388,0.7134009,0.46738905,0.005196959,-0.014213085,0.12249637,0.37385172,-0.03568241,-0.03527298,-0.077165045
0.39730132,0.044123217,-0.0025634468,0.10785368,0.03266844,0.9794065,0.0066095293,-0.08092781,0.60661435,0.61626035,0.077982426,0.03273119,0.031874657,0.09369387,-0.018934444,0.037017226,0.1173819
0.15626357,0.07003994,-0.09833102,-0.057715237,-0.04305414,0.8324317,0.10140097,-0.0026704073,0.8265019,0.74411637,-0.05643595,-0.035864748,-0.10468401,0.23339814,0.04654759,-0.050452374,0.12839738
0.3294546,-0.096649915,0.037111834,0.047628924,-0.012640357,0.7886206,-0.1021916,-0.08727018,0.97485924,0.29909018,0.13785422,-0.027480878,0.10056138,0.1400073,0.10333833,0.07318461,-0.00695844
0.28200015,-0.043157905,-0.1083422,0.043731973,-0.13435626,0.97755265,0.13872787,0.12951821,0.44344306,0.82564974,0.0791727,0.08338614,-0.021025151,0.2997205,0.019112691,0.0072433352,-0.10546008
0.29480302,-0.028843783,0.027372003,-0.01631859,0.019262522,0.8029406,-0.0030068308,-0.070466764,0.8008545,0.52764416,0.08397345,-0.12806982,0.12958801,0.18459885,-0.10310018,0.09106265,-0.05134853
0.030800983,0.018035963,0.06852622,0.112243086,0.07653585,1.0408301,-0.021079734,-0.011085242,0.72050714,0.5014034,-0.00049743056,0.05214487,0.07714409,0.2848761,-0.029364236,-0.014209822,0.011254653
0.19585662,-0.0009770095,0.12420085,-0.09897968,0.05752723,0.93423814,-0.007188514,-0.037260428,0.56990343,0.12472704,-0.11982895,0.04376982,-0.079781234,0.138039,0.06715204,-0.05652625,-0.12068225
0.07839091,-0.12467851,-0.14309235,0.12982357,-0.07199332,0.77092904,0.103830725,0.079080805,0.41524696,0.34435833,-0.042878903,-0.12406562,-0.09803671,0.09603599,0.095711395,0.11233324,0.03191124
0.4786702,-0.13148835,0.061925203,0.073101014,0.0050718933,0.49709195,-0.013454944,0.026093498,0.64824545,0.20031242,0.016140744,-0.118245386,0.14564905,0.21137409,-0.032261595,0.035980582,-0.09262596
0.44478244,-0.09722318,-0.073220074,-0.04044185,0.08571139,0.71650237,-0.083101206,-0.05404909,0.41495946,0.63668513,-0.01728703,-0.10410598,0.1408498,0.29051542,-0.13701186,0.0741238,0.050787434
0.34671736,0.029981017,0.06911351,-0.054759927,0.05212365,0.72387683,0.13069072,-0.03680651,0.7378526,0.5796928,-0.013453037,0.12855676,-0.022622824,0.15721776,0.063293114,-0.029218055,-0.13157755
0.15419224,0.13295862,-0.026330225,0.08006215,0.078102484,0.786882,3.966689e-05,0.07830483,0.7926714,0.5719353,0.028451622,-0.11821574,0.06533311,0.19471303,0.026902825,0.108709216,0.07184231
0.32700032,0.123069435,-0.11389552,0.14101571,-0.016139671,0.88596606,0.0041120052,0.0024085343,0.60777473,0.36540496,0.082767576,0.097130194,0.017463654,0.38198054,-0.062062867,0.016424224,-0.03714078
0.34685504,0.12058121,-0.14080381,0.090044215,-0.13895716,0.90709734,-0.13434082,0.13111097,0.6058606,0.57349694,-0.13283582,-0.14692469,-0.012980491,0.14538671,-0.019241035,0.09044571,-0.08564997
0.3462619,0.06268127,-0.060405195,0.029433578,-0.01450412,0.7060416,0.14394301,-0.023736626,0.6992698,0.40684342,-0.13991553,-0.019779742,-0.13476735,0.3255248,-0.07104054,0.08787924,0.13608232
0.27093568,0.035831466,-0.12534596,0.10204166,-0.09910804,0.85389316,0.08361931,0.04632087,0.50600266,0.523821,-0.07625374,-0.13724984,0.0467325,0.2673946,-0.1248087,-0.047789834,0.13845429
0.044073373,0.03757775,0.10883781,-0.10913657,0.122796714,0.85219395,0.11108586,0.14938289,0.59028035,0.58576953,0.04904729,0.07741122,-0.02200523,0.3193341,-0.070392594,0.07749389,0.049260527
0.17916092,0.14119774,-0.04474259,-0.06684795,-0.10209243,0.8814248,-0.046164036,0.038141504,0.6830612,0.37477595,0.05122228,0.024229884,-0.11490509,0.36515397,-0.05283092,0.10314658,0.032559976
0.29318443,-0.06206578,0.07776706,-0.08113051,0.070119545,0.9640417,0.14490461,-0.13637583,0.48681822,0.445739,0.11280927,-0.13588047,-0.1292246,0.36056614,-0.0604465,-0.0031312108,-0.0073254406
0.1670863,-0.04903543,-0.09164223,0.083383694,-0.025492914,0.5945213,-0.12215313,-0.039342463,0.7448289,0.7806107,0.14297256,0.047207326,-0.021957204,0.0027822666,0.03477992,-0.13714823,0.06673168
0.21902233,0.122367084,0.008510411,-0.048419707,0.0066829324,0.71540904,0.13827819,0.062803194,0.78931046,0.5275514,-0.09105499,0.06533022,-0.04158055,0.47103715,-0.07270058,0.049113274,-0.07628979
0.49934867,0.1383299,-0.10729183,-0.009416819,0.14635107,0.782727,-0.06301602,-0.02076538,0.5764147,0.2300734,-0.098294064,0.06632997,-0.08473762,0.16491818,0.07401286,-0.054283373,0.0107450485
0.31094968,0.00648953,-0.050219342,0.024775267,-0.046330832,0.630792,-0.11332467,0.04374394,0.3374523,0.50557303,0.06915577,0.012477636,-0.1363082,0.3000182,-0.11773834,-0.0963628,-0.06747417
0.037903935,-0.090277836,-0.12203717,-0.014599711,0.02417411,0.60892045,-0.11776815,0.05750665,0.59857386,0.6086328,-0.12295118,0.028711274,0.010459647,0.17833278,-0.040050015,-0.12140678,0.034423232
0.26326966,0.00807704,-0.015586078,-0.027217753,-0.054976664,0.62867105,-0.0041900724,-0.1272792,0.6649284,0.14691311,-0.04037533,0.043659702,-0.11167547,0.3856095,-0.06394178,0.050499186,0.034451738
0.096849345,-0.10986482,0.040450767,-0.021143764,0.015973836,0.73483837,0.09909651,-0.1153087,0.3588243,0.60182345,-0.028737098,0.03164938,-0.087849274,0.35346413,0.022339508,0.07990757,-0.11311184
0.33144763,-0.031693697,0.14950141,-0.020162106,0.06567748,0.5783888,-0.03957147,-0.13624732,0.8067454,0.39990813,0.10491577,0.12309381,0.11569074,0.31887054,-0.12218514,-0.10388343,0.065140545
0.30609694,0.14908516,0.111480236,-0.12746269,0.118127495,1.0297713,-0.08255834,0.093073964,0.55643296,0.6533408,0.0626927,0.031419903,-0.015908375,0.3179211,-0.00398764,0.13171494,0.010121107
0.47285193,0.1426264,0.11611301,0.09406543,-0.13090932,0.7658358,0.08369896,0.058256105,0.85481495,0.45871007,-0.12951839,-0.049424782,-0.054825388,0.38110662,0.049288437,-0.0057021827,-0.08027287
0.49050474,0.013391301,-0.11148557,0.035496145,-0.036269225,0.9864542,0.107287675,0.11488429,0.5496426,0.5142131,0.02493979,0.04055293,0.065387964,0.011534363,0.06884816,0.11906272,-0.05990029
0.0038483515,-0.085249975,-0.123965554,-0.068878256,-0.040943563,0.68910044,0.053483665,0.033127725,0.5984957,0.6135744,-0.060076244,0.027689308,0.14178687,0.20536092,-0.12236347,-0.1339134,0.033174276
0.23482335,-0.066082835,0.0013377964,0.10777745,0.003682062,0.90940356,0.03680405,-0.10933262,0.9050648,0.12462933,-0.09666326,-0.04937137,0.06904076,0.43142596,-0.087663755,-0.08481907,-0.07419586
0.14054549,-0.033569507,0.043009445,0.011875749,0.14025092,0.83235437,-0.017208323,0.13542572,0.31202185,0.2844353,-0.05809869,0.026148558,0.059899464,0.31374884,0.14519808,-0.006340489,0.015742406
0.114797056,-0.14009334,0.10641295,-0.117869034,-0.050211348,0.5719203,-0.0046978593,-0.08962709,0.439362,0.24132237,0.09882,0.10112411,0.08353172,0.21523178,0.09207876,0.10553315,-0.12199742
0.3114435,0.007153958,-0.05891934,0.07461351,-0.009845972,0.73132664,0.06324856,0.12847418,0.617386,0.42683297,-0.039758652,0.12854978,-0.13478206,0.35087904,-0.12871799,-0.058355123,0.10516775
-0.06357759,0.030422762,0.048617095,-0.005349204,-0.028762974,0.86712146,0.03234066,-0.036147974,0.63643587,0.5549143,-0.07478373,-0.011107683,0.036764532,0.3800903,0.11172733,0.1145587,0.09299256
0.09776834,0.13561869,0.031912,0.0032211393,0.10173404,0.78262424,-0.10983297,0.027538776,0.76136637,0.51578444,0.034756497,0.02242352,0.06873946,0.35113463,-0.13186282,-0.07782169,0.09777628
0.30682683,0.10872969,-0.021652788,0.032145917,0.11833879,0.8935488,0.016618192,-0.088410795,0.7573231,0.45576102,0.017162994,-0.116434604,-0.08180071,0.284956,-0.11237362,-0.053841792,-0.111766756
0.3070271,0.13896722,0.06664851,0.13321236,0.036952972,0.95104116,-0.017896771,-0.108471364,0.68242705,0.4220113,-0.05953975,-0.039125226,-0.112148166,0.1724467,0.08219595,-0.010319352,0.12581044
0.30769348,-0.11905996,0.017907053,-0.09877702,-0.077012554,0.90002185,0.12800872,-0.12549677,0.6343237,0.48705852,0.04584782,-0.02043721,0.0059862435,0.23041679,-0.051953964,0.09289166,-0.1255104
0.2795065,-0.1222059,-0.039504647,0.035066023,0.010120869,0.9084346,0.14900294,-0.06163025,0.62468934,0.5815866,0.1033757,0.06826308,-0.021555841,0.23722774,-0.00830473,0.026574403,0.033452585
0.26823485,0.132325,-0.05241652,-0.094335586,0.14945966,0.87803286,-0.00063347816,-0.11484309,0.70908403,0.7168502,0.08089252,0.13622609,0.045833558,0.31206232,0.020570964,-0.09878357,-0.102349654
0.30666143,-0.100857764,0.13781866,0.048709825,-0.099838346,0.8932854,0.043367192,-0.0030950606,0.79650927,0.48405233,0.029865056,0.11060378,-0.12027339,0.3959852,-0.06930698,-0.07770474,-0.060040466
0.43492624,0.043914124,-0.071929395,0.05063294,0.082325414,0.8306739,-0.07026953,-0.14631806,0.54759973,0.5832677,0.13981497,-0.08975749,0.05834499,0.41552228,-0.04694406,0.109196484,-0.13848692
0.16941106,0.041789666,0.046977624,-0.058499373,-0.038717978,0.687926,0.11455968,0.08536585,0.9055599,0.7831793,0.04607898,-0.09818517,0.090296894,0.1847068,-0.04180289,-0.030322373,0.060607165
0.15740606,0.13320637,-0.010435194,0.09169908,0.08401303,0.89023244,0.039006785,0.047433972,0.7936982,0.58166456,-0.09521474,0.035719886,-0.08520627,0.22008099,0.002300918,-0.12226838,0.10511613
0.21707812,0.12852243,0.06531435,0.104100466,0.10493606,0.7859361,0.1251063,0.10464364,0.78875506,0.11645815,0.056914523,0.14600119,0.05335772,0.20109227,0.11635801,-0.13051528,0.07125966
0.45547777,0.06380767,0.04490903,-0.0340176,0.06646724,0.9602132,0.14027992,0.14600629,0.2458126,0.52033454,-0.0478748,-0.12234504,-0.11705091,0.39915305,-0.08365148,-0.03638152,0.049383298
0.15247968,-0.12514123,-0.11652419,-0.0119547695,-0.0021429807,0.3757742,0.123001695,-0.05878453,0.5849002,0.6081852,0.0036350787,0.093328,0.040847003,0.26437056,-0.1381026,-0.11258825,0.1437136
0.4073186,-0.072891034,-0.10586943,0.043853372,-0.090946436,0.63141984,0.10276112,-0.1459074,0.7329152,0.41817272,0.06879169,-0.028296001,0.07528028,0.4845058,0.13025591,0.0562647,-0.13459446
0.25929525,0.10266864,-0.12671272,0.048365936,-0.11749905,0.7291276,-0.00049972534,-0.14851132,0.7619371,0.75079596,0.001801163,0.07487348,0.074972644,0.11238574,0.13358125,0.020780861,-0.07709661
0.33139786,0.107519805,0.05503854,0.08411248,0.045018077,0.8722397,0.08922741,0.097437605,0.83267784,0.6107906,0.09139414,-0.11192408,-0.078365855,0.24291182,0.02513872,0.06622937,0.0060958415
0.45874932,0.11261496,0.030893877,0.08165549,-0.077460915,0.8839161,0.008238599,-0.072066724,0.69584966,0.6174223,-0.059984922,0.0371501,0.03614436,0.13810763,-0.005699426,-0.07617375,0.08653416
0.40513217,-0.03479871,-0.09353918,0.009456307,0.09443359,0.8772466,0.03544469,0.12450397,0.76034683,0.663695,-0.10318689,-0.057919443,-0.14615686,0.13260809,-0.1252485,0.021541998,0.0031562746
0.19111148,-0.08175778,-0.12528357,0.13828525,-0.009796783,0.7893586,0.03103134,-0.10928318,0.7114486,0.4143738,-0.09175723,0.057016984,-0.12776732,0.19632855,-0.1393104,-0.063383624,-0.101457976
0.36246723,-0.0085424185,-0.11974517,0.08230534,-0.025653653,0.9629679,0.12115666,-0.13423723,0.606973,0.20931762,-0.123394445,0.006765336,-0.08768335,0.10947174,-0.016985744,-0.09221567,0.1410338
0.13543424,0.1454156,0.13468882,0.12543312,-0.13193785,0.90570253,-0.068629116,-0.05102089,0.40006527,0.40388095,-0.13838713,-0.062451378,-0.14502198,0.15988696,-0.011933118,-0.10693263,-0.044681028
0.3412978,-0.09944668,0.10610896,-0.01273644,0.05465491,0.54830515,0.10610762,-0.07985253,0.7618518,-0.020911463,-0.014516383,-0.05954685,0.08405292,0.22519222,-0.13700888,-0.051805474,0.0694928
0.39442754,0.045846537,0.14356902,0.14631692,-0.08655578,1.0125227,0.10851684,-0.07079503,0.08383892,0.58006626,0.09604731,0.038769677,0.028351098,0.32500193,-0.099362455,-0.14793079,-0.071856275
0.33815825,-0.114793584,-0.005925253,0.09990649,0.07375717,0.21816699,-0.10557443,-0.1203232,0.8218815,0.6562268,0.13654289,0.038985148,-0.14741077,0.2529357,0.099462345,-0.1268841,0.052175105
0.41023976,0.0044350326,-0.04997673,0.07962805,-0.007181555,0.8990196,-0.05172866,0.10798743,0.7799276,0.5536681,0.08595525,0.031778842,0.04507287,0.36979136,-0.1442307,-0.13956119,0.06640814
-0.06974412,0.08881904,0.1290105,0.14684463,-0.07108015,0.97143805,-0.06865901,-0.073550805,0.84502745,0.76847595,0.06480773,-0.148801,-0.14990847,0.2887324,0.08409281,0.11704254,0.06921083
0.33230478,-0.07176088,-0.05104001,-0.084273756,0.14076787,0.8252959,0.03593847,0.033427626,0.7542281,-0.0655197,-0.011751637,-0.012771279,0.121104,0.2709854,0.119784474,0.14281479,-0.1399242
0.22946797,-0.07203048,-0.07610364,0.011784628,0.13036218,0.8484505,0.07398847,0.038949832,0.2466964,0.61783373,-0.12761658,-0.051673435,0.11099392,0.5252363,0.13639063,0.12136516,0.081114024
0.1800752,-0.1257782,-0.038367055,-0.016167924,0.08582373,0.6154084,-0.07062983,-0.094531834,0.70269215,0.2961292,0.12982562,-0.0512752,0.070381746,0.2771232,0.077756405,0.009208396,0.07452072
0.26005477,-0.027582638,0.12700665,-0.14952606,0.08387394,0.8995945,0.10099164,0.049098298,0.52607656,0.4631384,0.08638416,-0.0679003,-0.08704228,0.12644783,0.013699174,0.04742329,-0.031068407
0.22694312,-0.02968923,-0.10578431,0.06160006,0.056721255,0.70459706,-0.0442371,0.03602396,0.70205283,0.43915632,0.0143868625,0.13416278,-0.03641378,0.35779536,-0.067847446,0.08463122,-0.046757646
0.21708003,-0.03276252,0.03783588,0.058177546,0.06863125,0.8012345,0.12836304,-0.13638924,0.5918575,0.489353,0.01641646,-0.0533387,-0.12712193,0.351466,-0.14070982,0.07566376,0.06604689
0.05924324,0.071951464,0.013579339,0.09194127,-0.075260855,0.82378685,-0.053533725,-0.04592312,0.5672598,0.48807126,-0.09472066,-0.1302432,-0.09681679,0.3707906,0.027956039,0.06811081,-0.122731075
0.397716,0.1380094,-0.08217652,0.0070041567,-0.058607057,0.8453169,-0.09414377,-0.010386944,0.78490925,0.28705224,-0.05397048,0.0052376986,-0.09818901,0.2791556,-0.04980024,-0.064481616,0.07102749
0.4335785,0.10256922,-0.054484516,-0.114277326,0.096587434,0.8018988,0.043161824,0.07774566,0.6459677,0.70993936,-0.09878578,0.12837896,0.03280711,0.4037987,0.026760682,0.12728542,0.05154705
0.2882535,0.01367186,0.08098863,0.14543453,0.14265206,0.7125994,0.12134075,0.08981565,0.9273735,0.71544665,0.1360524,-0.12022588,-0.11190017,0.41129142,0.12746447,0.036565557,-0.020403177
0.054010093,0.023987547,0.14708212,-0.13007602,0.11693072,0.98120487,0.14768425,0.0055434704,0.99524724,0.73926705,0.09819707,-0.099510714,0.0629594,0.09396012,-0.044624142,0.03755541,-0.091640174
0.19036596,0.0067094713,0.10094142,0.09372114,0.08836733,1.1198015,0.10781479,0.08711742,0.94700396,0.5227457,-0.020380437,0.13949731,0.14097446,0.110284835,-0.030748956,0.07778567,-0.05374489
0.23095566,0.044653192,0.08710821,0.059188977,0.08570477,0.82970744,0.024839789,-0.0028358847,0.58063126,0.3069852,-0.11232144,0.14056155,-0.015993759,0.35869044,0.017906323,-0.121328175,0.10152474
0.27211872,0.09115988,0.0709309,-0.058163494,0.14918941,0.79896533,-0.11690487,-0.0005072057,0.5196108,0.31487858,0.14378548,-0.123884015,0.107378304,0.25195998,0.12811807,0.02145937,0.10268402
0.25941625,0.14805222,0.11162084,0.07208516,0.03294289,0.5854162,-0.14750198,-0.027595572,0.67753685,0.7525814,-0.028076276,-0.01823029,0.024496824,0.07990728,-0.0656448,-0.14357029,0.13695523
0.52026635,0.12072632,0.11306575,-0.021699637,-0.006971061,0.84563255,0.05077015,0.023945883,0.79442555,0.46555936,-0.1206442,0.08057542,-0.12442407,0.238411,-0.018379122,0.005174279,0.043662682
0.27538112,0.1271387,-0.11684057,0.107269675,0.09136227,0.91791123,-0.06274134,0.05341798,0.54007375,0.730152,-0.04840506,0.061659858,-0.068714604,0.2073577,0.13977349,-0.07590503,-0.018146068
0.3715877,0.06838709,-0.06262189,0.1449337,-0.031868026,0.752083,-0.04540111,-0.10918717,0.9881437,0.4283409,-0.032428555,-0.08306206,0.0075330883,0.20001683,0.013877094,-0.07972931,-0.030951887
0.24263757,0.058814198,-0.07487252,0.04738705,-0.06398011,0.96170557,0.033207253,0.003038928,0.6608633,0.50997055,0.080575004,0.082307786,0.12422687,0.39401713,-0.024793684,0.027960092,-0.14702788
0.1925154,0.04028313,-0.046871208,-0.06582275,-0.138698,0.69790226,-0.024654433,-0.039404713,0.6787511,0.46408474,0.06741364,-0.038232744,-0.097976536,0.2921931,-0.04784008,0.13296506,-0.009874493
0.281251,0.005780235,0.039500102,0.0055493265,0.10150406,0.9241017,-0.03413236,0.08086832,0.60651773,0.6398504,-0.10464802,-0.052229963,-0.106395006,0.42895693,0.121421635,-0.05300106,0.048110962
0.124830544,0.0024081916,-0.10147473,-0.03367185,0.03404036,0.8255757,0.038781926,0.12971586,0.842241,0.45942414,-0.042656817,-0.1365985,-0.11470617,0.10539442,-0.088567585,-0.09497416,-0.06856034
0.046655226,0.077565104,0.08439238,0.06814115,-0.059067845,0.93724316,-0.11107048,0.012796998,0.80019236,0.32197535,-0.07012078,0.14386833,0.10348046,0.2503028,0.052063987,0.034351394,0.012907386
0.3567984,-0.108738564,0.13528731,0.07094158,-0.0708839,0.94879127,0.11977887,-0.1448215,0.6631801,0.24884878,-0.011709988,-0.10428639,-0.13250104,0.2784403,-0.013753504,-0.05292301,0.0873657
0.3584826,0.08082016,-0.05244731,-0.11292042,0.05151482,0.67629653,-0.1365579,0.06482002,0.3854925,0.68127346,-0.07581529,-0.036471948,0.024204358,0.26733816,0.049748406,0.1480718,-0.049718626
0.22927836,0.014971077,0.05893843,0.034654647,-0.10876764,0.7163608,-0.08483219,0.0065681636,0.70681477,0.5417172,0.10364005,0.051120058,-0.11834395,0.49236777,0.07701866,0.118870616,-0.13349022
0.1267974,0.037054345,0.12972894,-0.04468804,-0.081404544,0.7156166,0.006680548,-0.069519624,0.6094588,0.5946288,-0.09727967,0.03858778,-0.14555112,0.21180317,0.14557448,0.10041666,0.0639711
0.19515005,-0.10802674,0.0037605613,0.1314236,-0.11025986,0.78290796,0.022710279,-0.04992743,0.91057384,0.2624058,0.10996762,0.073934436,-0.07215044,0.3619032,0.09305279,0.11255604,0.05042769
0.42549586,0.022661954,0.10811922,0.033606842,0.13570493,0.9697995,0.035685778,-0.09026156,0.53820807,0.65413916,0.14436957,-0.011086538,0.12383574,0.38845617,-0.110933885,0.10278255,-0.13426922
0.18760449,0.07277644,0.030013844,-0.009525478,0.096002206,0.82211053,0.025151983,-0.07049214,0.85081136,0.8143601,-0.087273344,-0.012958273,-0.02233842,0.34897724,-0.11032826,-0.1407757,-0.038731582
0.121535495,-0.123284414,0.052929416,0.052831367,-0.07648498,0.7757338,0.010688052,0.12644836,0.88724494,0.17962751,-0.10124503,-0.09052722,-0.045621604,0.52267563,0.09253834,0.101278216,0.13062668
0.2207117,-0.042244777,-0.14077051,0.031317502,0.088475436,0.85129124,-0.072047174,-0.12095775,0.5598685,0.058933727,0.11767998,-0.015261069,-0.11573058,0.27943435,-0.104944006,-0.0031644702,0.064617634
0.123229764,0.0028622895,0.097136885,0.010168761,-0.07258945,0.6566667,0.14393288,-0.09125521,0.34829217,0.6523367,-0.09913489,-0.107889146,0.027133211,0.17033444,0.14669913,-0.043094017,0.04794234
0.18984912,-0.07003397,-0.07798308,0.014427483,-0.10046713,0.47216228,0.045392275,-0.025782846,0.84923685,0.2584166,0.045503393,-0.08380521,-0.047274433,0.26486742,-0.057264432,0.010823935,-0.041805662
0.27598256,-0.10699463,-0.0085969865,-0.057894915,0.03404066,0.80337477,0.1089541,-0.11646545,0.5088435,0.61021435,0.10306382,-0.094974324,0.06660783,0.0006369427,-0.03652917,0.046647444,-0.0900051
0.22215064,0.024751186,-0.035942964,0.1224632,-0.05343976,0.57567954,-0.07489756,-0.0855801,0.8411366,0.628811,-0.08717668,0.026635438,-0.028008595,0.32901525,-0.061439432,0.14183763,-0.12781131
0.30688608,-0.07627071,0.13556841,-0.037479475,0.11776793,0.93658835,-0.13599068,0.13816828,0.8711798,0.4521671,0.07142973,-0.07232838,0.040711805,0.5144594,-0.060116373,-0.05320421,0.06473428
0.2345311,0.13296542,-0.08818768,0.00035504997,-0.11157763,0.8713018,-0.095861256,-0.08253041,0.79864395,0.5152566,-0.085104614,-0.085413285,-0.015815526,0.21868798,0.09831303,-0.0040203035,-0.11165672
0.33363724,-0.05608549,0.03838344,-0.08774604,0.094522014,0.7739611,0.14017823,-0.10142781,0.7017132,0.2715478,0.08890365,-0.102976516,-0.11511319,0.071627624,0.04878913,0.06520116,0.14261228
0.3144628,-0.025351793,0.039484844,-0.030048557,0.12587085,0.69398105,-0.016774565,0.040820792,0.5701301,0.62268895,-0.0063994825,0.07874493,-0.11233632,0.37812924,0.14574721,0.0020542443,0.118503064
0.28494173,-0.117207035,-0.1236736,0.12494925,-0.12947322,0.74018943,-0.01649575,0.07275005,0.7860056,0.6106922,-0.023845538,-0.0024561584,0.010179356,0.15166728,0.093024805,-0.083193526,0.030471787
0.3529969,-0.121453114,0.0034735352,-0.03708764,-0.029931895,0.9143212,-0.08685769,-0.026293196,0.8700668,0.5531959,-0.024268076,0.108338326,0.14589038,0.41847333,0.11303258,0.073258325,0.14616957
0.3491007,0.13651893,-0.042232864,0.14976695,-0.117669426,0.89526445,0.12575734,0.07087387,0.65819365,0.65176237,-0.10343133,0.0216555,0.14872491,0.28690755,-0.06541145,0.13138086,0.13880932
0.46399862,-0.1196408,-0.09694627,-0.10783693,-0.14817518,0.9016299,-0.13585943,0.0033498108,0.723094,0.58778346,-0.08856678,-0.094464116,-0.08803743,0.44610792,-0.086112894,0.11924636,0.029414102
0.44841513,0.11425111,0.14066988,0.09932989,0.14407936,0.9117122,0.09729116,0.03570819,0.75392866,0.48917153,0.14999291,-0.016200304,-0.090332046,0.48311624,0.014953211,-0.1359203,-0.14646567
0.32780296,0.015275702,-0.124099344,0.11537996,-0.033428244,0.77390385,0.09662479,-0.10417493,0.7620381,0.68672746,-0.01052627,-0.07507217,-0.015483826,0.3040203,-0.064127475,-0.049100235,0.12883323
-0.0052425712,-0.05414819,0.04232809,-0.11725052,0.13776508,1.0192873,-0.12281805,0.10024795,0.9704973,0.6926484,-0.14753686,-0.032541476,-0.12083881,0.3523137,0.028352663,0.00898087,0.010008872
0.13355319,0.13707805,-0.06665583,-0.007699102,-0.04036875,1.068296,-0.12997851,0.057383806,0.7868369,0.3739577,-0.13490477,0.13946086,0.05268544,-0.025483534,-0.02693247,-0.13179454,-0.073631845
0.28802058,0.07029064,-0.12650268,0.13461357,-0.048518263,0.9055166,-0.10003932,-0.03345845,0.48275188,0.13074595,-0.058069527,-0.06840601,0.057461694,0.47439602,0.1371535,-0.058504343,-0.09646517
0.19779167,-0.008373976,0.019373804,0.03949751,0.07578705,0.6874452,-0.1430389,-0.124847986,0.41224724,0.6036515,-0.08420772,0.081775054,-0.018441617,0.23626383,0.13668764,0.015269741,0.030223504
0.12381305,0.08124156,-0.03477507,0.0012556016,0.023387909,0.6238166,-0.06465583,-0.05998805,0.7217617,0.34111887,-0.13251202,0.08287971,-0.14224127,0.060775235,-0.035177015,-0.019363701,0.12955457
0.2351372,0.12008342,-0.06419773,-0.009718537,-0.06893465,0.8453088,0.11797926,-0.047639035,0.6443057,0.1302428,0.0825692,0.1153889,0.06727454,0.015191816,-0.0964524,-0.14205173,-0.02178587
0.27830163,-0.12663288,-0.10363613,-0.061812013,-0.004206717,0.8194186,0.028424516,0.0649049,0.26230043,0.5097558,-0.05783467,0.07965577,-0.08589059,0.46536225,0.102645785,0.021840602,0.12219074
0.47841653,-0.052281708,-0.14731804,0.072591215,-0.02792734,0.6211996,-0.06083399,-0.085616134,0.6983967,0.42729473,-0.08444608,0.12539384,0.06869723,0.25961304,0.111112654,0.08872542,0.09368731
0.3263657,0.013815224,0.062548146,-0.077343896,0.05682069,0.8068824,-0.015093237,0.041062653,0.50854343,0.7619684,0.006461501,-0.03560003,0.08263014,0.44517857,0.14242229,0.0509644,0.004567653
0.11248167,0.0474851,-0.016686633,0.049715564,0.028026924,0.78444165,-0.07227858,0.06778236,1.0146769,0.6326169,-0.040190205,0.010405615,-0.042919032,0.12799835,-0.010688975,-0.07709536,-0.047261328
0.117622845,0.12321159,0.0057770163,0.13097265,-0.14191772,1.0053326,0.1314407,0.020805731,0.65986156,0.3273288,-0.057862848,0.044096917,-0.101938605,0.1402384,0.034007385,0.016182467,0.025712743
0.3095032,-0.068483114,0.13155255,0.09139399,0.05563803,0.8458311,0.011399925,0.12196821,0.5006764,0.1014428,0.12307453,0.07412112,0.12752917,0.18115687,-0.14507031,-0.0010480583,0.09368856
0.24731484,-0.14327087,-0.050743103,-0.10158326,-0.10144803,0.61589646,0.015992373,0.026586205,0.45348158,0.80723923,0.03216906,0.08895287,-0.1159852,-0.016610816,-0.14576276,0.13569534,-0.09187838
0.40186682,0.039338604,0.12366164,0.122502476,0.034813806,0.63647383,0.14241883,-0.10072428,0.96214056,0.52183914,0.128645,0.009597942,0.1098789,0.33865836,0.0681635,0.11998317,-0.087252975
0.30764896,0.12965345,0.11991212,-0.11789772,-0.042676933,0.8519567,-0.077050656,-0.066024385,0.5986004,0.79589534,0.11138898,0.024447352,-0.05856289,0.21608572,0.0043794066,0.0039809197,-0.14737636
0.4081092,-0.05073996,0.059105605,0.095301345,0.14872763,0.7562694,-0.009261668,0.12295273,0.95611006,0.7461551,0.1133112,-0.06365828,0.0016944557,0.056287557,-0.054437242,0.12272644,-0.10881916
0.2992387,-0.010738835,-0.14118361,0.069928005,0.080088705,0.8700237,0.10002604,-0.074867845,0.7651612,0.7427832,-0.11448847,0.09688291,0.04340768,0.33383855,-0.062372215,-0.04274179,0.0690016
0.14227441,0.041274115,-0.07910142,-0.016339824,-0.032714173,0.8415218,0.092636675,-0.021671072,0.9427046,0.51054543,-0.10479811,-0.019456118,0.026698604,0.15221706,-0.10922794,0.11508423,0.01099214
0.13144231,0.003279522,0.05501336,-0.109765515,0.11162701,0.8936538,-0.12020166,0.02489537,0.56655335,0.108549766,-0.0655158,-0.07576603,0.08254419,0.18987483,-0.06474971,-0.07256617,0.057086438
0.18281154,-0.084525384,-0.023240179,0.08929713,-0.1048885,0.7159141,0.07897894,0.12504607,0.30276597,0.18762659,0.10583213,-0.13783258,-0.0026512593,0.1244145,0.061880082,-0.08160344,-0.078632124
0.22839695,0.14080006,0.08084206,-0.021483496,0.006763369,0.5390589,0.10604748,-0.1415981,0.3453066,0.68546647,-0.10774883,0.1247035,-0.0602957,0.32640588,0.10672498,-0.071070835,-0.10136627
0.3604198,0.029144362,0.03973286,-0.037593685,0.06482123,0.44445464,-0.12811878,-0.046142958,0.76306915,0.31395084,0.14405578,-0.0594033,-0.031947397,0.135515,0.0014922917,0.002344042,0.10883126
0.19676338,0.104066044,0.03867151,0.023040801,-0.06470424,0.95103765,-0.0712146,0.01436165,0.5388278,0.69281006,0.086514115,-0.012615532,-0.0429093,-0.0974644,-0.11898561,-0.07012761,-0.12601446
0.25194913,0.12068382,-0.1411809,-0.14857,-0.12755546,0.8159087,0.1313996,0.12699762,0.6837645,0.4271358,0.10657528,0.09337185,-0.02284722,0.217662,-0.06875389,0.107032806,0.06780273
0.31299406,-0.12671551,-0.04848384,-0.08412933,-0.032161318,0.73540545,-0.052774392,-0.14166172,0.58090377,0.6613111,0.07747647,-0.13818288,-0.005779773,0.32086307,0.006827399,-0.12080604,-0.12850423
0.3947726,0.09740968,0.08662011,0.071092635,0.09619893,0.795848,0.06594972,0.14028457,0.8542693,0.49215126,-0.09266496,0.110908985,-0.14160728,0.41274035,-0.00091964006,0.04038468,0.04157628
0.40798312,0.1376859,0.13780361,0.05687897,0.08276233,0.82904476,-0.106986925,0.058118105,0.5920106,0.44620627,-0.098263085,-0.042743795,0.11976433,0.114136934,0.10929635,0.0021639466,0.09563638
0.50088066,0.041266233,-0.14600943,-0.11389835,-0.054332547,0.6951974,-0.046795607,0.106159896,0.58494425,0.5303135,-0.039873846,-0.07270743,0.07001585,0.054383535,0.1082817,-0.03142242,0.03642924
0.21511795,0.04011576,0.022463411,-0.10140809,0.0070406497,0.63008744,0.082123145,0.006703317,0.6500422,0.7584965,0.06425345,-0.013098568,0.00326173,0.1231464,-0.13581932,0.09523144,-0.04889842
0.17540215,-0.11438884,-0.038539484,0.06797321,-0.061764285,0.8464486,0.03418374,-0.027746402,0.7432199,0.53439444,-0.022398308,-0.123676196,-0.094130844,0.34281397,0.10503322,-0.016768262,-0.07818366
0.44883564,-0.10371722,-0.029392846,0.10778117,0.14304963,0.98013127,-0.06421895,-0.053949438,0.7890368,0.5091177,-0.07945394,-0.11568886,0.0074260235,0.23811068,0.06410551,-0.13681787,0.04465051
0.28424087,0.09091343,-0.13451442,-0.10946788,0.12461826,0.7870213,-0.12828822,-0.090756014,0.6131664,0.71167076,0.13481554,0.12185779,-0.118015006,0.43588704,0.04404281,0.13468748,-0.1246627
0.43333104,-0.1033745,0.026777282,0.121711046,-0.08352111,0.7544514,0.11204985,-0.03062611,0.72467816,0.6318436,0.07832962,0.05323863,-0.09983265,0.3028974,0.033350706,-0.12225474,-0.0025125295
0.28221303,-0.12217713,0.08860275,0.09099655,0.14058071,0.8556477,0.12697384,0.030394733,0.7770251,0.67233783,0.109292716,0.14076406,-0.12859532,0.2913186,0.042449504,-0.0026541948,-0.0991092
0.486708,-0.024958298,0.0569333,-0.07945426,0.10446715,0.8461951,-0.12601975,0.09008311,0.84986126,0.6158228,-0.12224338,-0.013024479,-0.041471332,0.16735983,-0.036915712,0.001921922,-0.114728704
0.018618584,0.019241393,-0.012098283,-0.00884822,-0.025860429,1.0560519,-0.13535452,0.04594879,0.7238563,0.5701662,0.0061610937,0.01241684,0.011462152,0.05760535,-0.020985007,-0.10624479,-0.03225641
0.12936851,-0.14915396,0.0751071,0.01436007,0.0046765357,0.77394813,0.038756013,-0.001001507,0.874748,0.0715697,-0.14170101,-0.14013393,0.14148238,0.45374492,-0.0769762,-0.04656767,0.034136027
0.49637142,-0.10344276,-0.015790716,-0.14074305,-0.11647713,0.942233,-0.053313754,-0.13871488,0.17546421,0.16128577,-0.043725014,0.10724485,-0.06564807,0.18355635,0.1316014,0.14032084,-0.14608249
0.3990546,-0.119518146,-0.1405476,-0.04833763,-0.045717575,0.4476636,-0.0063950866,-0.13857329,0.3429735,0.72349703,-0.08113834,0.05730903,-0.016985342,0.42236662,-0.0134476125,-0.11116263,-0.05976093
0.39719754,0.107034564,0.09840031,-0.11088535,0.03594573,0.6466243,-0.0453401,0.13713473,0.9950451,0.66046727,0.13303337,0.112366945,-0.02844347,0.41899234,0.071875826,0.08593097,0.12379345
0.43464717,-0.04842759,0.036438376,-0.054754525,-0.11856446,1.1064606,-0.038521707,0.03348136,0.72696024,0.59605,0.10265541,-0.035811014,0.13288757,0.29551673,-0.08775799,-0.05174502,-0.1352331
0.25966328,-0.078899294,0.055915296,-0.071840286,-0.043746345,0.9922423,-0.1479103,-0.025132678,0.72673976,0.8778287,0.06368567,0.08045784,0.035479575,0.27518383,-0.1230685,0.13906103,-0.13823885
0.42529875,-0.122138344,0.06801151,-0.0829279,0.05280225,0.7107734,-0.0443744,0.14118409,0.8246833,0.44737828,-0.14860156,-0.0070283413,-0.10863195,0.24189928,0.11416224,-0.06175874,-0.06877719
0.32455504,0.011977524,-0.07651942,0.1408853,0.07718192,1.0172088,-0.07990705,-0.10630216,0.68661386,0.47698882,0.09809935,-0.0008147955,-0.0070994645,0.394212,-0.100969166,-0.019647807,-0.14143583
0.24467203,-0.08119326,-0.053252883,0.036329016,0.03139603,0.8327608,-0.019292593,0.045106426,0.7254856,0.61533666,0.11989206,-0.084150486,0.0306893,0.020452514,0.039667085,0.10211885,0.116365045
0.25088128,0.124937,-0.10356854,-0.014446899,0.058390394,0.7490247,0.05184993,-0.0718562,0.6678029,0.62949866,-0.018527374,0.12953669,-0.07512682,0.17358407,0.029997483,0.10731441,0.043923274
0.49108878,0.037396774,-0.06882055,0.10453418,-0.13357824,0.8223127,-0.0624863,-0.09137537,0.74755526,0.34018606,0.043642372,-0.0945245,-0.11216301,0.44797516,0.106407344,-0.05990705,-0.06670472
0.27641395,0.016278505,0.0863498,-0.049133904,-0.1289091,0.932748,0.0932748,-0.11892465,0.5278963,0.7514097,0.09959361,-0.145434,0.13155225,0.14987452,-0.050327577,-0.034026936,-0.11486864
-0.0037919432,0.14202479,0.12925065,-0.049867474,-0.11696637,0.8607539,0.001375109,0.13286442,0.7639992,0.6024433,0.016502917,-0.05295194,0.11459783,0.24095948,0.1402319,0.14680803,-0.10035096
0.26068383,-0.05754444,0.01129365,0.12995172,0.11114892,0.8294405,-0.06725956,0.114985436,0.87376535,0.22114754,-0.0054581016,0.11824387,-0.00943166,0.3797027,0.11268234,-0.115399204,-0.043180294
0.176088,0.114187956,0.10158345,-0.09088784,-0.13134183,1.0620724,-0.119837545,0.0426912,0.39267176,0.6358647,0.09347816,-0.023159996,-0.056012377,0.31467077,0.14106756,0.03621216,0.13495591
0.33014727,0.12654218,-0.06701031,-0.14817797,-0.089772105,0.7130989,0.011129722,-0.10641032,0.84930557,0.46045852,-0.00354366,-0.052722447,-0.1172301,0.2743847,0.08247279,-0.0876739,0.02202931
0.48205283,0.014637291,-0.036433876,0.11293027,-0.009524554,0.8990065,0.024970755,0.019994274,0.5761919,0.47515947,0.11041564,-0.14056405,0.064509556,0.35708308,-0.08007921,-0.09541601,0.09715827
0.030728266,0.024831608,0.14828852,0.13370335,0.050311044,0.62887675,-0.03225346,0.13349041,0.7492136,0.76847005,-0.14055748,0.13517055,-0.071984895,0.27267244,0.12854752,-0.04652497,-0.029560626
0.25456202,-0.12159389,0.14890525,0.14756584,-0.06812264,0.8006936,0.1439195,0.05523087,0.8565324,0.30728966,0.10503423,0.08661237,-0.004935682,0.19426036,0.11369476,0.06499225,0.07181434
0.20749103,-0.11956421,-0.029220149,0.08036436,0.13316962,0.8597726,-0.06713131,0.04529488,0.664108,0.63895464,0.11941549,0.13363284,-0.14942725,0.1870442,-0.11333378,0.055997953,0.0022042692
0.21629506,0.13233966,-0.12512997,-0.14130725,0.14221853,0.881425,0.11097056,0.08978866,0.755406,0.5367837,-0.14999625,0.082456544,-0.060822383,0.2752775,0.040351257,-0.057433695,0.12320885
0.469413,0.0008481294,0.075710356,0.012229994,-0.07646878,0.96184886,0.033731297,-0.115313016,0.6099209,0.3718151,0.050654396,-0.09551282,0.08073841,0.37713212,0.14564162,-0.057522066,-0.019174129
0.14111628,-0.09876518,0.08748518,0.055325985,-0.077714,0.72080815,-0.06397629,-0.06585732,0.7145847,0.7822341,0.043815657,-0.099237606,0.12520456,0.17726213,0.008793101,0.0403302,-0.081742235
0.18376297,-0.10866295,0.10861796,0.013104543,-0.13596451,0.89056045,-0.13353416,-0.10623356,1.0038209,0.35769635,-0.036980316,-0.11840136,0.11214587,0.27957025,0.051255822,-0.04981778,-0.021986678
0.19952445,-0.008129701,0.12187287,-0.08485197,0.085708395,1.0313407,0.13031101,0.14675826,0.7311069,0.28047797,0.020360768,0.083308294,-0.062985405,0.12589432,0.03567484,0.090151146,0.08205743
0.17776908,-0.07532331,0.10689214,-0.07287881,0.023382872,0.9808676,0.14456275,0.11162847,0.6089827,0.40532354,-0.017442837,0.02903673,-0.120006435,0.28930923,0.11090934,-0.08348467,-0.088701695
0.2988576,0.066988096,0.12307185,0.026641577,-0.08811635,0.75989485,0.029511124,0.1088067,0.6530045,0.3466907,0.051111504,0.12797007,-0.01209864,0.15340546,-0.1194668,-0.071379185,0.035171747
0.38486922,0.11376387,-0.102622196,0.078587875,0.05853705,0.7720952,0.02312088,-0.023120314,0.7011297,0.5436556,0.071969405,0.13041714,-0.08415013,0.32456985,-0.124690466,-0.015602037,0.050321415
0.36676243,0.020858929,0.00783509,0.044870734,0.09899695,0.9074553,0.042234465,0.0674088,0.75124145,0.76872057,0.0139914155,0.006447941,0.12454766,0.084153466,0.07019116,0.03276606,-0.053051844
0.21026185,-0.021849915,0.012061834,-0.121045776,-0.1334651,0.87858695,0.06568745,0.04637693,0.78434867,0.7628578,-0.14025037,0.11608702,-0.064009435,0.09330058,-0.050655894,0.072697625,0.1371293
0.19778453,0.06040241,0.029245839,0.10075194,0.09669325,1.0001185,-0.06135369,-0.03357967,0.8793407,0.23175332,0.09614347,0.023194835,-0.0153018385,0.2915383,0.11148074,0.06271228,0.13074055
0.24904482,0.13980237,0.0062327236,-0.004013017,-0.031069748,0.9129924,-0.072631985,-0.123061344,0.33613122,0.3996628,-0.008210346,-0.024115264,0.1204803,0.25858578,0.02683711,-0.1110242,-0.024904683
0.5178146,0.10127643,-0.039956048,0.13170293,0.062174678,0.5460542,0.09438835,0.1358389,0.7175122,0.49440026,-0.048320174,0.09867558,-0.0349722,0.32364783,0.04204282,-0.030209206,0.121792376
0.36500317,0.039284542,0.016439795,-0.014652446,-0.07856348,0.84121454,0.12475595,0.10599196,0.7931206,0.80293393,-0.07234154,0.14370266,0.07712637,0.069542766,0.11851373,0.14908978,-0.0043130666
0.3189044,0.09361778,-0.093105376,-0.08941318,0.044419095,0.8173672,-0.11278492,-0.12581418,0.9536882,0.52004,0.08289988,-0.04026849,-0.09973126,0.50223964,-0.14453453,0.05422528,0.009560943
0.4020965,-0.12917265,-0.10937534,0.11201835,-0.13783555,0.90784854,0.12649068,-0.056437403,0.75761175,0.64807343,-0.024886936,-0.07592046,-0.05041407,0.108348235,-0.13811336,0.0532258,0.02512899
0.23417069,0.083524436,-0.01986599,-0.110188976,0.0723031,0.87568474,0.08932039,0.08617389,0.7418672,0.5181974,-0.059194475,-0.1095988,-0.030566208,0.31365663,-0.12776718,-0.047233097,-0.050421797
0.23316741,0.1398206,-0.08394374,0.06194462,0.13847941,0.9289476,0.1400989,0.14008206,0.8531169,0.5321908,-0.05029784,-0.11845576,-0.019994617,0.17838262,0.03534867,-0.0050114393,-0.10786092
0.41991827,0.041900024,0.10426396,0.12387326,0.12584531,0.8347666,0.014824137,-0.060484603,0.67179805,0.42206016,0.06974281,0.10158402,-0.0596599,0.08840478,0.14977527,-0.016866088,0.020565808
0.35163203,-0.09738642,0.018555522,0.04201062,0.03120789,0.8590153,-0.13192281,0.105943084,0.542843,0.6514999,0.01749003,0.10390177,-0.030953102,0.20155574,-0.096753806,0.095933065,0.04804559
0.42999297,0.09015261,-0.025104873,0.046922654,0.10298443,0.7103702,0.06419341,-0.083926305,0.678547,0.732718,0.06714453,0.050193876,0.06981425,0.37950456,0.042347983,0.0029077828,-0.047494054
0.24909416,0.01660493,-0.11920471,-0.08204881,0.04696752,0.7176814,-0.08861603,0.013376713,0.7962639,0.7376789,0.09775111,-0.13812706,-0.015173629,0.12724999,-0.10589369,-0.027246274,-0.046183027
0.12090574,0.060209885,0.1470598,0.14993018,-0.021691412,0.943031,0.012612194,0.035833433,0.9590467,0.7264769,-0.0961366,0.028669223,0.14879453,0.2398693,0.04391238,0.014555037,-0.07632632
0.26976913,-0.13007818,0.028154507,0.045536235,0.055191875,0.89516973,0.14892724,0.13563019,0.8342929,0.03178397,-0.11114095,-0.0967184,-2.7999282e-05,0.22869302,-0.06661102,0.116751045,-0.03010317
0.24933335,-0.13910514,-0.021585315,0.039599508,0.074433684,0.97432035,-0.09582017,0.047702685,0.12343845,0.45618647,-0.0330929,-0.09224561,-0.028562956,0.45796227,-0.07176936,-0.04700341,0.120351285
0.33291736,-0.123740986,0.07863073,-0.09385568,-0.017003834,0.42421114,0.044573724,-0.032085158,0.6562579,0.36240277,0.09760679,0.064120695,0.108039826,0.30162698,0.07029568,-0.0032163113,-0.117177024
0.49281153,-0.12070451,0.12207878,0.067347094,-0.002078265,0.8707859,-0.039176993,-0.09059988,0.50768614,0.56275624,0.0034669042,0.11455333,0.040721938,0.08909795,-0.13132799,0.092266455,-0.07848042
0.35044026,-0.047656313,-0.07876498,-0.08614628,0.0672351,0.7053435,-0.116160706,0.06103985,0.7840818,0.7928704,-0.0014733225,-0.11522245,0.005318612,0.3278253,-0.09842864,0.07364234,0.032588452
0.1539891,-0.088557586,0.10044563,-0.06516465,-0.012119502,0.77233225,-0.067005195,-0.119352154,0.8539834,0.52930367,0.12580836,0.013035893,0.12007153,0.33893603,-0.1190974,0.020462632,0.039400145
0.14961684,0.09465647,0.08432533,0.11167246,-0.032975577,1.0499611,0.10280782,0.10897234,0.62871605,0.5046225,0.006283045,0.07061501,-0.038130514,0.03586696,-0.025472797,0.004286647,-0.026552938
0.25578928,0.026185691,-0.06324991,0.08120246,0.05063419,0.82428306,0.03165935,0.07062337,0.75636554,0.28003266,0.048334494,0.029055446,-0.001368627,-0.032120205,-0.019225478,0.04504679,-0.12706451
0.1938403,0.050349146,0.07798596,-0.1443035,-0.117441565,0.98662734,0.07199581,0.0018657744,0.66388524,0.49830377,-0.014649898,-0.03500063,0.023542479,0.24354501,0.027795047,-0.09029594,0.05986969
0.16088143,-0.017828539,0.13172475,0.020151898,0.0525506,0.9230251,0.05274421,0.013463587,0.80143964,0.44017768,-0.057130665,-0.07303956,-0.04236871,0.36283013,0.1329655,0.018074676,-0.01904808
0.07268274,0.055139914,0.05937864,-0.07031547,-0.07634869,1.0273197,0.029836789,-0.12603322,0.56784236,0.40264857,0.044832647,0.018963546,-0.14594485,0.16525123,0.05529362,-0.14904338,0.106199056
0.20628563,-0.078683466,-0.12825546,-0.067963,-0.055620365,0.62422043,0.011741906,-0.14084727,0.5030426,0.21139202,-0.07500122,0.04424122,-0.054255277,0.34125125,-0.05712077,0.057750747,0.1359086
0.4049464,-0.0997625,-0.09003693,-0.0027939528,-0.038954996,0.8575939,0.06858979,0.06394325,0.4657226,0.48254508,0.07652813,0.036371708,-0.097363085,0.24486627,0.036645442,0.13207996,-0.008963823
0.38530135,0.0029669106,0.09705646,0.10079679,-0.14824997,0.8185282,0.016887456,0.04034154,0.8111484,0.74561936,-0.042024694,-0.10219102,0.14581436,0.39452362,-0.11566396,0.096442595,0.09771378
0.13318327,0.04923089,0.07678901,-0.10688963,-0.0039929748,0.8315309,0.11596826,-0.014526203,0.91652954,0.46737492,-0.07524863,0.008193582,0.11413875,0.31349507,-0.003078565,0.13252398,-0.14252076
0.23690742,-0.1076486,0.105953604,0.050996482,-0.007698834,1.0203435,0.019898802,-0.04825806,0.807209,0.3500355,-0.0793817,-0.11535703,-0.04242842,0.38149488,0.05102761,0.12504438,-0.01714009
0.23978654,-0.030502692,0.1133644,-0.05473783,-0.07068197,0.7741188,-0.1402113,0.05406125,0.48996162,0.37182897,-0.08480369,3.015995e-05,-0.0607284,0.28078607,0.11995825,-0.043424606,0.074137464
0.07287464,-0.028655991,0.069386676,-0.020279855,-0.14994985,0.6956118,-0.10245871,-0.031994782,0.53025246,0.41249192,-0.101655796,0.043600336,0.016493917,0.096201986,-0.07260129,-0.07008396,-0.102859646
0.28842068,-0.06848685,0.13918826,0.028810233,0.11586797,0.86222756,-0.09462465,0.06571628,0.5474835,0.03446023,0.06932524,-0.04671832,0.08198285,0.21129256,0.1494475,-0.13549344,0.04899852
0.32143646,0.118468106,-0.03635227,0.029321209,0.038630143,0.67374766,0.06760587,0.06714623,0.3048763,0.45368016,0.0153131485,0.011047393,-0.11321075,0.3923491,0.063984424,0.036002815,-0.1246934
0.40330523,-0.09967482,-0.12706906,0.020419136,0.118646055,0.5180511,0.13430178,0.0031429082,0.5917602,0.6252741,-0.015000686,0.14591163,-0.1262258,0.046266228,0.02340202,-0.07813447,0.13488126
0.45173115,0.020433336,-0.12564565,0.0933035,0.007117331,0.786613,-0.058324724,-0.1014767,0.82635754,0.65603244,-0.10536432,-0.05750508,0.03721419,0.29137218,-0.08595937,0.113794446,-0.043743305
0.023351766,0.015730321,0.047423318,0.11085498,0.017338663,1.0376114,-0.021391213,-0.14023235,0.9048219,0.51292026,-0.02454269,-0.018835783,0.02038464,0.31551388,0.015251964,0.05515763,-0.0026707351
0.062889405,-0.007701233,0.00989826,0.038047925,0.124613464,1.0492954,-0.017105907,0.028547645,0.7165157,0.06570087,-0.11641934,-0.0417974,-0.052588284,0.33380467,-0.09518125,0.020229667,-0.12506816
0.1300354,0.025942162,0.06332767,0.052562952,-0.044642508,0.9507023,-0.071219176,0.028000638,0.27530536,0.17974278,-0.088697225,-0.0785947,-0.050312772,0.07805957,0.07390495,-0.035203673,-0.08606279
0.019194245,0.013538778,-0.08676696,-0.1063092,-0.0065623075,0.51016295,0.12832502,0.07939045,0.5574275,0.2893249,-0.045149125,-0.103887096,-0.00041615963,0.24898498,0.0055444986,-0.06333786,-0.053927228
0.09251675,0.104079396,-0.019564211,0.08821662,-0.02564419,0.667145,0.13448337,-0.019729882,0.44357562,0.020844042,0.059391215,-0.049065903,0.012501806,0.21158597,0.05377114,-0.1256631,0.01891315
0.45484436,-0.06141358,0.13978022,0.08735491,-0.0891615,0.73236346,-0.09324505,0.088744566,0.19563723,0.47845614,0.061463505,-0.04897698,-0.08339201,0.493243,-0.0041557252,0.05012235,0.03838347
0.29318333,-0.008185506,-0.065884784,0.021191582,0.07470383,0.3643528,-0.105029695,0.12909791,0.81850785,0.5956527,0.07837619,-0.12842827,0.085693106,0.17332041,-0.11120401,0.026781842,-0.13870917
0.042363323,-0.046169758,-0.05060304,0.038592055,-0.14410558,0.88762265,-0.023191258,0.08284205,0.808799,0.55789155,-0.10143657,-0.04204434,-0.05166872,0.17872928,0.056187615,0.11330569,-0.046969377
0.11298774,0.10719809,-0.07336572,-0.042476,0.10810837,0.76101273,0.06762187,0.1294556,0.6814883,0.15109654,-0.028696887,0.06728698,-0.06776886,0.3073538,0.019065887,0.11213449,-0.0053662807
0.2861591,-0.07664987,0.064441666,-0.14318371,0.009425759,0.6899693,-0.059171736,-0.13767472,0.41625512,0.41503245,0.13563952,-0.051069513,0.052473485,0.3929253,0.11474252,-0.018869624,0.018466488
0.29996848,-0.110188335,-0.11397609,-0.1461353,0.12994927,0.58228254,-0.010845125,-0.07577434,0.7087747,0.7262515,0.12851316,0.011962548,0.131432,0.055644423,0.011173546,0.09825662,-0.011789128
0.42828053,-0.12100293,-0.11946361,-0.03162825,-0.058630466,0.8014219,0.03740178,-0.14616716,0.8837682,0.59977406,0.056778133,-0.07967327,0.08930163,0.2789908,-0.045292906,-0.07499741,-0.012339443
0.41255444,0.05546643,-0.1355117,-0.039532386,-0.13253984,1.0298507,-0.08241724,0.011367202,0.86679685,0.8242681,0.04528795,0.13708898,-0.067506574,0.30489987,-0.05482564,-0.04930149,-0.0410017
0.1951617,0.11894336,-0.009692907,-0.08590497,0.019020438,0.93787336,-0.081191756,0.036636412,1.0296959,0.6485104,-0.059010014,-0.057805113,-0.097962186,0.101521544,0.100506485,0.14186445,0.107786804
0.47883058,-0.081955366,0.07888053,-0.037852623,0.14468876,1.1401169,0.14933899,-0.086097986,0.91442245,0.45033458,-0.0067501366,-0.14914852,0.087869674,0.32148296,0.016428322,0.14277476,0.030015588
0.13806954,-0.12061648,0.09578684,-0.06400123,0.0990098,1.0697168,0.08113527,0.05947733,0.6012641,0.5543264,0.10214597,0.011924088,-0.079627454,0.37246585,-0.0024848282,0.090979725,0.103595436
0.23440623,-0.030153267,0.042885467,0.12243953,0.11541906,0.806813,-0.08619152,-0.09112704,0.88214105,0.42284316,0.0030468255,-0.03573668,0.041889563,0.359285,-0.07626261,0.11863205,-0.14856878
0.077644825,0.14576957,0.10671753,0.075919285,-0.12314841,0.9832214,-0.09088245,0.09890737,0.5287811,0.5007459,0.068417564,0.1448586,0.031526074,0.2759742,0.05093728,0.08846913,-0.023676634
0.40029854,0.07427649,0.13857055,-0.05052066,0.0005900264,0.6232561,0.022438645,-0.05187743,0.6967223,0.37684643,-0.024214238,-0.12662847,-0.056836657,0.4292566,-0.050842777,-0.008025855,-0.11098214
0.2212379,0.0050989687,-0.05441185,0.065410495,-0.060756862,0.7896004,-0.14720857,-0.108066276,0.56494397,0.7197522,0.14575598,0.068202645,0.075067,0.20616971,0.07843545,0.07226117,-0.023239553
0.12761791,-0.13811031,-0.117072344,-0.14422333,0.1258539,0.685299,-0.09279569,0.09583016,0.9252589,0.5040636,-0.08498304,-0.072589055,-0.080549404,0.20515689,0.12824559,0.11260724,0.06635785
0.41943628,-0.10782051,-0.050960526,-0.041895054,-0.118230276,0.98591495,0.005082369,0.027548447,0.7902696,0.33177793,0.06395689,-0.0040764958,0.1316233,0.4688245,0.1301727,0.14840809,0.10368261
0.44852558,0.14129806,0.14525485,0.12109238,0.0727313,0.8453459,-0.03587181,-0.051249288,0.5074714,0.8238411,-0.093190536,0.047068268,-0.09768236,0.5254542,0.124864876,0.010642573,0.07268675
0.28463477,0.14719671,-0.12733755,0.016965806,-0.041676775,0.8553055,-0.09681954,-0.121431135,0.90772736,0.6192221,-0.09323411,0.09197268,-0.086443126,0.20850053,0.014442712,0.11601487,0.013458192
0.38986546,0.13277793,0.01171425,0.12480873,0.015408918,1.0742747,-0.088916704,-0.07254496,0.6646372,0.4081779,0.06405942,-0.006366059,0.0076949745,0.38637906,0.08876209,-0.040473066,-0.070176356
0.4411153,-0.014793962,-0.044188894,-0.026147999,0.085823715,0.8504215,0.026840538,-0.05047279,0.56429875,0.5775405,0.012051135,0.1261225,0.10803679,0.07332076,0.011946738,0.01070115,0.04268521
0.14653477,-0.10682523,0.10701901,0.12571698,-0.060508348,0.71190983,0.07773173,-0.09136225,0.6480938,0.7814075,0.13001671,-0.13290563,-0.0952556,-0.04462737,0.12054077,-0.037395917,-0.067251116
0.30186957,-0.07357142,-0.0026193857,0.007948175,-0.11575949,0.77019197,-0.11561047,-0.053210273,0.810513,0.622255,-0.10952808,-0.00292404,-0.095657915,0.2798167,0.11265844,-0.043437235,-0.084316224
0.27130312,-0.066984184,-0.097907625,0.14246017,0.13692272,1.0016408,0.042517543,-0.036666565,0.89590037,0.42178938,-0.114367515,-0.072470576,0.0050572157,0.31594026,0.026840836,-0.039622955,-0.013281122
0.20336664,0.03159675,-0.13201712,0.015174046,-0.014309645,0.9627713,0.124738485,-0.047864966,0.56782687,0.46633148,-0.13810486,0.1249232,0.02716133,0.10188869,-0.00032043457,0.10662529,-0.07378693
0.27694327,-0.090699345,-0.0590609,-0.12265955,0.03227055,0.63555056,-0.0813092,-0.034417376,0.81339157,0.34380758,-0.14142929,-0.067893185,-0.06939688,0.2803592,-0.042324744,-0.023512363,0.07220979
0.3830598,-0.102347076,-0.13683204,0.05750206,0.0074121356,1.0188019,-0.093723,0.08617531,0.7358122,0.258843,0.13495266,-0.081041194,-0.03424298,0.101704985,0.14885303,0.11678824,-0.058342576
0.3977543,-0.002988845,-0.11549474,0.09777294,0.020536363,0.9273479,-0.050221346,0.014850661,0.49926478,0.643397,0.0030052513,0.09319113,0.14553419,0.43040383,0.007978857,-0.051921688,-0.007931203
0.17719999,0.1472255,0.0765899,-0.09844877,-0.09110299,0.682993,0.14398137,0.13986558,0.7235428,0.71021116,-0.022821292,0.0047483146,-0.10316034,0.1324526,0.14854771,0.071502596,0.05002384
0.24284333,-0.09537737,0.14245814,-0.101606354,-0.12313128,0.7202869,-0.08034557,0.024237067,0.86946493,0.4012828,-0.13063243,-0.017355174,0.0976892,0.3239957,-0.030551933,-0.1399298,0.124486625
0.3895551,-0.0535912,0.0136202425,-0.073065184,-0.1010793,1.01301,-0.083274156,0.13635665,0.6950914,0.47911265,0.009509936,-0.02022925,0.009454876,0.27697378,0.14647436,0.12090057,-0.042398646
0.0980919,-0.14835817,0.14515787,-0.01912564,0.111294955,0.85063255,0.1218628,-0.14070603,0.74526346,0.61030275,0.11782515,0.027290568,-0.12305047,0.27277616,0.07061005,-0.010863945,-0.007270053
0.34559226,-0.07357916,-0.12641045,0.03529893,0.049824446,0.86172485,0.015194237,-0.1264428,0.77672195,0.55937815,-0.010588363,-0.021020815,0.017432839,0.2145696,0.1033639,-0.054677777,-0.07811174
0.20027469,0.14014891,0.12477872,-0.08028247,0.037509143,0.82140386,-0.02597183,-0.07645957,0.6868131,0.70460296,0.10829419,-0.08082474,-0.118002735,0.31412113,0.14698187,0.060948297,0.12854066
0.37050575,-0.11735466,0.11945665,-0.0046506673,-0.06012193,0.9232969,0.05952917,0.050508127,0.98616284,0.4557641,0.115085036,-0.044784345,0.13940027,0.10307546,-0.08081945,-0.020086378,-0.01944764
0.23416089,-0.042698428,-0.13828026,0.08868572,-0.13130715,1.066465,0.061986655,-0.09856537,0.8023367,0.5716415,0.103979886,-0.012770236,-0.054299034,0.26896018,-0.102579944,-0.12552175,0.0053958
0.16858032,0.14162639,-0.028573573,0.10163337,0.08755477,1.0279331,-0.1368962,-0.08712089,0.6099103,0.6903653,0.1197471,-0.10924836,0.04282184,0.48005962,-0.020316124,0.13039148,-0.10849272
0.24539262,0.05683437,0.037650615,0.035671487,0.13407218,0.7243968,0.10277274,0.107219875,0.8783438,0.43514895,0.14417672,0.07292853,0.12097436,0.42106086,0.09812616,-0.12959206,0.059736
0.27359384,0.07942808,-0.13185246,0.11615592,0.018231317,0.95595133,0.14720047,0.09566738,0.7793913,0.71994936,-0.07282504,0.09695551,0.07464683,0.48653033,0.13658538,-0.00022560358,-0.13777842
0.37179917,0.11351937,-0.050910637,0.05097212,0.074538305,0.7751658,-0.089809805,-0.109689,0.88183945,0.31368902,0.04191096,0.104411334,0.019053087,0.15021631,0.12587637,0.14343652,-0.0295889
0.21479985,0.049753368,-0.048869334,-0.12739778,0.13535154,0.9775558,-0.115234375,0.080180496,0.5702464,0.67278636,0.016497523,0.04295908,0.0025633276,0.3617301,0.032190382,-0.06755594,-0.059039786
0.32501626,0.13680798,-0.1419369,-0.03642211,-0.0011735559,0.89864063,-0.06488489,-0.08553019,0.8985921,0.46249416,-0.13952471,-0.125457,-0.028048716,0.33654535,-0.04144387,-0.08638331,0.062233463
0.37900424,-0.14026156,0.011917338,0.14458376,0.104644805,0.8951616,-0.0035149306,-0.04873465,0.66788566,0.34630543,-0.051412813,-0.14088093,0.1247541,0.31642663,0.081915036,0.12323338,-0.08256966
0.36614394,-0.051940836,-0.044370964,-0.086986475,-0.04010398,0.66995615,-0.14982787,-0.14691682,0.6579532,0.7091744,0.05418867,-0.028240405,0.06761712,0.45179597,-0.09940101,0.09233521,0.019259185
0.3553447,-0.0048169047,-0.12831163,0.022269309,-0.11793733,0.7409343,-0.13604331,-0.052714936,0.98869336,0.61567676,-0.024287775,0.107251704,0.06701462,0.43385896,-0.023406237,-0.0074865967,-0.12503994
0.17049351,-0.0783084,0.121120155,0.01240541,-0.09544605,0.8810801,0.048788995,-0.08327292,0.84490126,0.6990105,0.020412132,0.111445785,-0.0587861,0.082685806,-0.14434525,-0.08063775,-0.06878531
0.28368917,0.0759514,-0.12904358,-0.0078988075,-0.1371379,1.0690504,0.012842447,0.10931748,0.9451335,0.5745151,0.092108995,0.07524924,0.043011323,0.16283697,0.004430905,0.019929022,-0.09129381
0.30891687,0.0013438761,0.0065004975,-0.03364647,0.11650875,0.82917595,0.06837353,-0.017059103,0.66078514,0.5027799,0.092379585,0.14803907,0.08788487,0.057110056,0.13902134,-0.020425275,-0.06772426
0.009829674,-0.06963385,-0.028879993,0.08267425,-0.028164268,0.7839126,-0.0070281774,0.06556612,0.7560457,0.5672066,0.053658664,-0.03994228,-0.12611146,0.04759764,-0.06224084,0.08293666,0.032079056
0.24041575,-0.06629477,-0.0053218454,0.12334365,-0.080460854,0.8926997,0.1282753,0.0056874305,0.88496053,0.3699164,-0.11829494,0.12832385,-0.12075749,0.14838314,0.08673315,0.13174108,0.12803191
0.24157506,-0.09906909,-0.09632148,0.06649844,0.081683725,0.90333617,0.120533735,-0.062055446,0.70238554,0.27049607,0.10557374,-0.092924014,-0.09746298,0.48033956,0.04496686,-0.08786812,0.09922947
0.3604232,-0.10135149,0.059037164,0.14520243,-0.015283838,0.74934477,0.010040656,-0.1426147,0.59351575,0.72005063,-0.12756325,-0.03662117,-0.06458602,0.3853976,-0.091621295,0.14179257,-0.109564416
0.23783433,0.061348617,-0.046974406,-0.08254743,0.08425988,0.7075614,0.022568822,-0.012697667,0.9653716,0.4053995,-0.12053038,0.04681143,-0.019565523,0.35372382,0.060607344,0.02412033,0.02591148
0.1846514,-0.10648517,-0.039546095,0.13158569,0.049439386,1.1268611,0.023177743,-0.14043754,0.6376567,0.45552927,0.047765136,0.09767158,-0.033148833,0.104519784,0.11115122,-0.13698639,0.030068487
0.37549257,-0.005974829,0.06312932,0.048641413,-0.13947976,0.846596,-0.056379855,-0.14147088,0.6477196,0.55266595,0.11801687,-0.09136817,0.025461614,0.36296272,-0.12354676,-0.048141092,0.07296236
0.01891525,0.12441823,-0.033849515,0.050254405,0.058759153,0.7315105,0.13299182,0.0759958,0.87629974,0.8433663,0.082164526,0.0007869452,0.12150079,0.13805431,0.07517673,0.02145636,-0.02515778
0.3762356,0.0016630441,-0.0021109283,0.0859476,-0.02396819,0.89248997,-0.13612431,-0.0017453283,0.90969783,0.27450767,-0.023590237,0.097304896,-0.07785003,0.28863996,-0.10079887,0.103847,-0.0134397745
0.12998968,-0.09394275,-0.03179314,-0.063310474,0.090337515,0.8106283,0.120081216,-0.012564212,0.46636093,0.53928345,-0.12286156,-0.0072803795,-0.02659598,0.3468325,0.13166413,-0.092902,-0.046552584
0.44599062,0.0053376257,0.11256719,-0.13451792,-0.10026082,0.6728773,0.12212366,-0.002896458,0.6395087,0.22197174,0.14149359,0.04541187,-0.11686917,0.32883033,-0.13994308,-0.005475983,0.031656846
-0.066467606,-0.08387731,0.019481763,-0.1278438,0.093446895,0.6880158,-0.060637757,0.105130464,0.44968295,0.622244,0.065387145,0.083307505,-0.06577277,0.15559731,0.05550383,0.033004314,-0.024764955
0.35562265,0.07939114,0.0726248,0.073311836,-0.14641584,0.729175,0.110058576,0.07281642,0.82426685,0.0293958,0.106018126,-0.047602646,0.09919247,0.20743863,0.07925172,0.01594302,0.050181687
0.1543107,-0.12996897,0.03245154,0.14957967,0.10991624,0.83561313,-0.06946981,-0.07793504,0.030311778,0.7807549,0.09050056,0.0615685,-0.053528473,-0.021400258,-0.0600466,-0.13481793,-0.095352374
0.23379388,-0.089369014,-0.107720196,-0.028691001,0.107774645,0.23655212,-0.0019763708,-0.020312995,1.0202096,0.638698,0.1273089,-0.0057463646,-0.10228993,0.43944913,0.029322535,0.034457475,-0.020494819
0.26835084,0.05249746,0.021652758,-0.06406723,0.14867038,1.0169425,0.102038026,0.13054466,0.75466,0.4979337,0.06684132,-0.009477958,-0.06698048,0.26953316,0.081076294,0.082448795,-0.07784014
0.21455052,-0.044521652,-0.08851462,-0.12190825,0.07885799,0.822561,-0.06247911,-0.079882696,0.6903454,0.6074245,-0.024554178,-0.03636834,0.117630094,0.1410953,-0.0005481243,-0.107776456,0.118080944
0.079646766,-0.00011847913,0.14225873,-0.075462274,-0.035200313,0.80838954,-0.07548804,0.09267685,0.71778905,0.48523164,0.09155755,0.13276523,0.010383427,0.2133498,0.13770404,-0.14767776,0.08321202
0.122494064,0.036630377,0.044763714,0.0076793283,0.12833118,0.9103461,0.131598,-0.12004562,0.59847045,0.37594894,-0.05718334,-0.09059568,0.03933604,0.27543166,-0.11027976,-0.10506812,0.14733016
0.15646462,0.14782354,0.090586945,0.017071098,0.044161215,0.8740907,-0.12728384,-0.14897877,0.6698938,0.20673764,-0.020088688,-0.023362681,-0.1261482,0.32915062,-0.13942394,-0.11069994,-0.030548967
0.39407682,-0.061849743,-0.13572168,0.1175555,0.084237054,0.78221667,0.10913199,-0.0032735616,0.43028286,0.3476369,-0.082296595,0.022013009,0.018384486,0.33272642,-0.02572859,-0.022570893,-0.079124756
0.2616761,-0.07170441,-0.0606865,0.042146534,-0.070562094,0.5959419,-0.14073145,0.12906331,0.599803,0.54886746,0.0031789392,0.043073878,-0.08415161,0.04527445,-0.14218345,-0.016653463,0.10899216
0.15478918,-0.0050786585,0.14208153,0.06995641,0.056776002,0.82326156,0.017857105,0.006492585,0.7257514,0.6048796,-0.00017786026,-0.071529835,0.06323871,0.13105486,0.092503026,0.09710245,0.0638867
-0.027156793,-0.05607473,0.11349717,0.118035644,0.06380269,0.8533342,0.13316473,-0.0787218,0.90592587,0.30296287,-0.11197515,0.08969979,0.078191325,0.27145138,0.10501289,-0.07891032,0.10247645
0.34874982,-0.1127605,-0.032392375,-0.14232033,0.010296077,1.091932,-0.06978064,0.12353605,0.54276896,0.4933382,-0.06250645,0.100420445,0.12961617,0.14200813,-0.08443174,0.14775696,0.008744895
0.2905078,-0.007775098,0.0054656416,-0.12315406,0.03339912,0.6338719,0.10849261,0.040698767,0.62216663,0.38848865,-0.11769634,-0.010846913,-0.024113864,0.24579476,0.08671419,0.020030186,-0.025012158
0.15804799,-0.047197096,-0.00049851835,0.13351718,-0.049741425,0.7300947,0.10216957,-0.026117116,0.58369553,0.416481,-0.02974677,-0.011257917,-0.09824483,0.036175676,-0.031404898,0.06603666,0.10965899
0.09839249,-0.14342512,0.083437055,-0.06267801,0.13020787,0.81783646,0.030230567,-0.11582051,0.56920004,0.33996534,-0.12770236,0.06466301,0.05760768,0.11193904,0.119461745,-0.13284172,0.108276576
0.2969812,-0.046722136,0.0444306,-0.08840154,0.096159756,0.73461235,-0.079636395,-0.06502873,0.70177007,0.28896323,0.057078212,0.014084548,-0.09007075,0.31847596,0.04477346,0.092890084,-0.14323755
0.13224177,0.0037101507,0.11648592,0.100050956,-0.03400492,0.97736907,-0.1333122,-0.055027254,0.47664917,0.6019244,-0.095789194,-0.04855051,0.011368185,0.44157284,0.088287935,0.0056710243,0.108796954
0.064926125,-0.14075842,-0.066358924,0.14910743,0.09404817,0.6747737,-0.06536721,-0.13134165,0.63391274,0.20960127,0.014282614,-0.09810534,-0.015260428,0.064830065,0.0827858,0.0902389,0.05619426
0.2511955,-0.14804833,-0.10048957,0.051666602,0.07201581,0.84058595,-0.09326388,0.053439274,0.3114285,0.32905382,0.114997506,-0.030652754,-0.0822029,0.38230932,0.121418834,0.0660148,0.10699174
0.39411235,0.017504647,0.055251315,0.10706493,-0.05969602,0.5396071,0.12053323,0.013544887,0.48105785,0.70884323,0.039840803,0.13626501,-0.009415701,0.31193247,-0.112899296,0.015590325,-0.0801828
0.18576656,-0.13830063,0.10357672,-0.032474667,0.111816406,0.5806422,0.041410193,-0.066749744,0.9007434,0.7197598,0.037587985,0.12988493,-0.021971643,0.17387533,0.10854927,0.0628925,-0.11968867
0.23272638,-0.020956203,0.07452728,-0.053622745,-0.00941965,0.80491126,0.059860334,0.069968805,0.9277203,0.61696327,-0.019381255,0.070358366,0.10272777,0.40050396,0.1439741,0.1164552,0.14652085
0.14022589,-0.06672682,0.007816523,0.119630724,-0.07846976,1.0837412,-0.070022166,-0.060501218,0.79947394,0.33359835,-0.0711588,-0.04290399,0.034839764,0.43071237,0.10722825,0.08293079,0.032224447
0.3727362,-0.10322489,-0.14333922,-0.05584102,0.011353686,0.84865695,0.12806648,0.12242508,0.5357457,0.11723629,-0.012697503,0.11892238,-0.11510631,0.15335876,-0.026629888,-0.11595288,0.04388325
0.20486967,-0.12899032,-0.12907209,8.150935e-05,-0.12900056,0.72914493,-0.012689829,0.097233,0.46027252,0.6375517,0.082957685,0.102813065,-0.051937275,0.4818206,0.011797413,0.050111175,-0.01805231
0.48192117,-0.035799354,-0.14821894,-0.08365744,0.07658419,0.7352942,0.0315246,0.0671006,0.71312094,0.63660884,-0.015288249,0.04130189,0.09484118,0.3599628,0.082467735,-0.026209243,0.04914102
0.24087429,-0.07951264,0.12637252,0.049194664,0.11839521,0.9551752,-0.027692966,-0.11538951,0.9057932,0.60461664,-0.04758271,0.10772461,-0.044739947,0.05725652,0.09013493,0.05877833,-0.02998896
0.30060494,0.034281284,-0.11148098,-0.12678733,0.06402789,0.8769512,-0.01164034,-0.03934162,0.8117745,0.5829845,0.055804953,-0.1469632,0.0046572834,0.13657323,-0.0700671,-0.13014129,0.043834865
0.06770961,0.04861465,-0.02624064,-0.049412638,0.13793266,0.999957,-0.14000076,-0.03324949,0.88279283,0.62925196,0.08133353,0.049173936,0.06252797,0.5094311,-0.09209698,0.13759977,0.02910462
0.26167148,-0.092067674,0.02794224,-0.14487423,-0.08584203,1.0683485,-0.046840742,-0.034669645,0.84827125,0.4703587,-0.057508603,-0.016604409,0.01829198,0.446577,0.08919646,0.0049973726,0.100620925
0.24333051,-0.0356287,-0.023377627,-0.14016336,-0.015313461,0.8877473,-0.10223081,-0.013380006,0.6754335,0.5068067,0.090829864,0.12942806,-0.10379749,0.115904175,-0.015299842,-0.0025749952,0.09465337
0.06800391,0.13809106,0.1182909,0.038624853,-0.14431259,0.72491044,0.12885109,0.043588594,0.7661171,0.5831454,0.061407566,-0.14044121,0.113718,0.092346415,-0.004021704,-0.13949507,0.08219978
0.48254222,0.1250039,-0.02768489,0.01739581,0.061794028,0.8639327,0.094720796,-0.12885751,0.8445564,0.4887283,0.039493904,0.101639,-0.0021580905,0.50966185,0.0046088547,-0.06601262,0.14168727
0.34343272,0.05417554,-0.005406797,0.011333972,-0.03738588,0.8217379,-0.10580014,0.11920643,0.7136931,0.7643503,-0.07412895,0.024341866,-0.08004463,0.15698501,-0.0025010407,0.04679258,0.1167469
0.35746902,0.112984836,0.1295906,-0.14935967,0.09663159,0.70409065,-0.03357085,0.11567995,0.8418658,0.5458719,0.09969328,-0.11120099,-0.013951942,0.15882951,-0.026470438,-0.11696021,0.0969654
0.3043642,-0.055821262,0.1410214,0.031264886,-0.13891008,0.9555121,0.026147678,-0.046418957,0.7925141,0.60158706,-0.099744335,0.14016137,0.081739664,0.44473258,0.009274542,-0.0027336031,-0.007404983
0.28628406,0.07672645,-0.09469357,0.07432203,0.13204241,0.90117383,-0.107579246,-0.06766677,0.7217686,0.41434702,0.08734745,0.014109254,0.09059797,0.061441083,0.1297549,-0.1065719,0.09133896
0.29407743,0.08847329,-0.0767375,-0.08873912,-0.015193313,0.91058964,-0.1343312,-0.016868502,0.5601707,0.4712211,-0.11047301,-0.1373766,0.0005103946,0.29157868,-0.07328448,-0.011210769,-0.09609472
0.39810482,-0.13853908,-0.068268895,0.06260924,0.07434119,0.73086256,-0.09221068,0.07050587,0.76786196,0.49669132,-0.07339672,0.13906553,-0.035259232,0.20062715,-0.030920826,-0.104710385,0.12228596
0.36309865,-0.076406986,0.050987408,0.063984185,0.03969954,0.86911595,-0.01150462,-0.11109969,0.6837553,0.5270983,0.14810896,-0.021360904,-0.08700243,0.41925994,-0.020569533,0.0863059,-0.06767065
0.33339262,0.082785174,0.113621354,0.1298419,0.14845723,0.94807804,0.024334043,0.091134444,0.61675274,0.59634775,-0.039549388,-0.11196609,-0.11979578,0.24343795,-0.07302053,-0.018340856,0.086407825
0.29246923,0.049881548,0.018398672,0.0700869,0.122796655,0.8174352,0.023306012,-0.11044867,0.7691432,0.62948525,0.09789379,-0.03542213,-0.068438604,0.08918833,0.13583076,0.08476737,0.048908636
0.16772568,-0.051126696,-0.002427414,0.11954859,-0.032304794,0.97490114,-0.026832268,-0.06300754,0.7026887,0.48670706,0.029925257,-0.10088214,0.027837306,0.22568013,-0.09643181,-0.07747386,0.0859966
0.34199756,-0.049236722,0.10391131,-0.106890544,-0.03764677,0.9412333,0.060805276,-0.090795785,0.7796561,0.30873525,-0.018397883,0.13944411,0.0051030517,0.29221722,-0.0591389,0.046337843,0.07145272
0.16155516,0.059261695,-0.1437152,0.015306354,-0.09827623,1.0132982,-0.0032758713,-0.10206355,0.55673975,0.49701965,-0.08047623,0.04365708,-0.08637584,0.109619305,-0.11263114,0.020265907,0.10698888
0.21401054,-0.071129166,0.062265128,0.09532696,-0.13576902,0.80579996,0.12028915,-0.06749438,0.7790692,0.35296968,0.0075012594,0.09687053,-0.13756321,0.23877853,0.08803563,-0.13241658,0.091587946
0.16817783,0.057547197,0.015933216,-0.109357506,0.08676101,0.9431797,0.108008295,-0.020928726,0.5543148,0.48251164,0.0199444,0.14336598,0.112837195,0.29275137,-0.062858,0.14333463,-0.12292529
0.14365338,-0.04483965,-0.0035887063,-0.00034672022,-0.0024688095,0.82518697,0.059826568,-0.1160436,0.7444482,0.50391775,-0.041411772,-0.08939478,-0.11350268,0.5060944,0.11428484,-0.11037158,-0.12232505
0.29353523,0.1383099,-0.013139278,0.09850401,0.052753687,0.9102901,-0.02240038,-0.12717675,0.745062,0.19002312,0.09350909,0.026599452,0.011680737,0.46432137,-0.08364332,-0.00050602853,0.007059023
0.41434735,0.020447403,-0.012197152,-0.11614059,-0.10616915,0.8665436,-0.09865932,0.120197,0.5030977,0.75389105,-0.09568955,0.13000166,-0.13631612,0.05078785,0.14478931,0.11819804,-0.09275269
0.17399742,0.1369535,0.0093869865,-0.07740187,0.051524892,0.81768,-0.10822557,-0.13272169,0.9031742,0.57909644,-0.0562213,0.0865725,0.08363314,0.29632932,0.10701084,-0.13593994,0.03489104
0.50853467,-0.028660946,-0.025566638,-0.09473105,0.14026442,1.038249,0.019508928,-0.14574854,0.74219865,0.37897575,0.03706622,0.059434444,-0.06898202,0.5155246,-0.0618985,-0.08374404,-0.04456117
0.21780801,0.03733097,0.086799294,0.06476258,0.06793438,0.96140516,-0.12457149,0.031339377,0.54909956,0.8567852,0.10292077,0.056092247,0.14636934,0.2597434,0.04535316,-0.06891675,-0.11007842
0.30475825,0.039200142,0.04451455,-0.11177885,-0.08689408,0.8566599,0.121474534,0.042205438,0.8469715,0.6929047,0.118713915,-0.014334589,-0.03826838,0.13415363,0.12985581,-0.022813454,0.0345826
0.050958052,0.07436246,0.083601326,0.046855167,0.13976821,0.98298234,-0.047597535,-0.022516146,0.9616325,0.5997042,0.05128835,-0.012242377,0.10140127,0.042454198,-0.022449106,0.06472716,-0.00081415474
0.33983874,0.060605332,0.107526004,0.1107856,0.052686244,0.874041,0.06160663,0.10629818,0.7340736,0.37766844,-0.11434899,-0.035956353,0.017529204,0.27240908,0.039178297,-0.07805096,0.036226258
0.16223426,-0.025542535,0.08401747,-0.04013166,0.038291797,0.79836017,0.029414505,-0.021165162,0.6912941,0.51617146,-0.077979565,0.027947202,0.057451755,0.27270085,-0.07362344,-0.12969048,0.1438855
0.30482286,-0.012356669,0.14130396,-0.08039822,-0.12803134,0.821522,0.048706025,0.14437133,0.7180561,0.37221658,-0.10162434,0.063800365,-0.11389133,0.47837752,0.11312872,0.032357067,0.07800436
0.20042694,0.11112189,0.10659692,0.06851119,0.09644316,0.9369216,0.026648283,0.11156264,0.57994956,0.3217578,-0.05412703,0.042887077,-0.14905676,0.10710186,-0.072674334,0.07596095,-0.12290692
0.2608848,-0.023241088,-0.009123474,0.015913695,-0.031412497,0.7205045,-0.029020034,-0.015180677,0.6719744,0.41101834,0.05164063,-0.10588233,-0.03613349,0.2431893,-0.032585032,0.1178,0.0036840737
0.15677115,-0.14227979,0.019262835,-0.059762627,-0.09856768,0.7384021,-0.10540354,-0.0548987,0.7629082,0.631021,0.040161565,0.12169829,-0.11465203,0.28337735,0.10068676,0.14263347,-0.06870402
0.4925855,0.019506305,-0.122872554,0.10342127,0.14619657,0.9747167,0.09524065,0.088129,0.84930116,0.41115436,0.14951637,-0.0053358227,-0.08530518,0.35942566,0.026341379,-0.069941856,0.12175828
0.12408084,-0.04889621,-0.11760296,-0.1322749,-0.14176998,0.9153746,-0.12210281,-0.08966328,0.5971198,0.7538941,0.017054439,0.044636518,0.11932835,0.17266233,-0.06204,0.10858804,-0.02805242
0.3044987,0.12818787,-0.10051647,-0.0077824146,0.08417912,0.8021651,-0.14484331,0.11096999,0.845825,0.45733494,-0.08981347,0.09139295,0.051648438,0.47319266,0.078433335,0.14520058,0.016834185
0.35060415,-0.03356851,-0.0028995425,-0.022492826,0.060150385,0.96466947,0.11648291,0.058492616,0.52798396,0.4435702,-0.13241108,0.09913312,-0.13983834,0.35577178,-0.054282263,0.062448427,-0.07815684
0.3203115,0.07236366,-0.11265631,0.073499486,0.12549943,0.8079932,-0.12080348,0.05121495,0.5506915,0.41904762,-0.14744312,-0.064061254,-0.08141696,0.3353917,-0.11357133,0.0639144,0.144447
0.1728073,-0.11946429,0.12621915,0.036043465,0.055520758,0.65038514,0.053314522,-0.1282922,0.61091435,0.5006058,0.02437003,0.071365714,0.06456773,0.22440308,0.1120567,-0.08632329,0.14699703
0.24258739,-0.0721451,-0.1326043,0.1397272,-0.07123053,0.7212125,0.089917764,0.019768864,0.58533996,0.45111507,0.120242566,-0.046087824,0.04522212,0.19969186,-0.037107594,-0.0049743503,0.118446976
0.23948957,0.016386181,0.05575128,-0.036004417,0.082980394,0.76404905,-0.14114901,0.022157371,0.81168205,0.53440404,0.09932488,-0.13235734,0.1009275,0.10856898,0.14863461,0.053285375,-0.02871707
-0.0043527484,0.002725497,-0.027445689,0.05436051,-0.0277194,0.83210504,-0.0035587251,0.09750967,0.68840504,0.45984662,-0.11560738,0.07826714,-0.08412273,0.33266562,-0.13548301,-0.06088502,-0.01831013
0.092411324,0.1298489,-0.01558423,0.06533913,-0.117447965,0.75919306,-0.02940894,-0.10801613,0.6901952,0.39877066,0.0742024,-0.034929805,-0.14051262,0.12487351,-0.08250098,0.09800185,-0.040673338
0.5088389,0.044111535,0.028551683,0.013764575,0.12588379,0.7736024,0.09040804,-0.048801668,0.61798805,0.4528121,0.10692367,0.10965434,0.06340836,0.21829674,-0.04701165,0.102553576,0.084886
0.29241446,0.09784421,0.12174407,0.0512013,-0.05787623,0.7925675,0.122609705,-0.12620413,0.82010007,0.90669805,-0.104822025,0.049509823,0.04409069,0.24689251,0.102751315,-0.10720664,-0.054850087
0.42523086,0.14129522,-0.08038652,-0.12126236,0.08315216,0.99268013,0.08699532,-0.14822954,1.0195614,0.5796143,-0.012878597,-0.1433164,0.1495449,0.46815515,0.12740675,0.13658702,-0.038180836
0.41093594,-0.1326562,-0.054543026,-0.1411812,0.026670545,1.1447163,0.1163148,-0.07970846,0.6594069,0.51309407,-0.08461046,0.042594016,-0.08682706,0.23469329,-0.077604085,-0.018257886,0.08037311
0.5028726,-0.14787531,-0.11791614,0.1321216,-0.0714975,0.8222694,0.026723325,-0.09068853,0.68869245,0.4485721,-0.03116659,-0.055220693,-0.03564786,0.0059218407,0.08155435,0.0697204,0.10773477
0.43827665,-0.07352894,0.022269607,0.13269845,-0.1194679,0.8087245,-0.13449718,-0.14015184,0.66936946,0.54838514,0.07519193,0.14011246,0.0727468,0.21465,-0.10016258,-0.07367342,-0.0002773404
0.2718823,-0.11316855,0.068733945,-0.095781505,-0.03352853,0.84296334,0.08430658,-0.018341333,0.7216439,0.82793957,-0.14199549,0.12944189,0.0072135627,0.19682917,-0.06306033,-0.061404385,-0.06927958
0.32449257,-0.01820761,0.027081013,-0.087045625,-0.095280975,0.85700846,-0.13235587,0.13587499,0.8178608,0.42351395,0.109561116,-0.032117665,-0.0058189034,0.11808321,0.12623289,-0.12346316,-0.09606895
0.058597825,-0.096159935,0.13031963,-0.0015001595,-0.121303014,0.97778934,-0.13772395,-0.10177535,0.6019712,0.5352052,-0.07119828,0.024103433,-0.08221457,0.21060602,0.072412655,0.0528706,0.088308066
0.40436882,-0.052348457,-0.10226579,-0.12102664,0.030881062,0.89806795,0.03225784,0.066207245,0.63007325,-0.030826949,-0.03230281,-0.010310695,-0.057660542,0.11515613,-0.02416867,0.09667437,0.022167489
0.31541765,0.10356209,-0.05932138,-0.042595826,-0.10916641,0.81237495,0.11699772,-0.010366589,0.28664666,0.5347583,0.110966235,0.043831453,-0.13191234,0.36982185,-0.14022464,0.11530638,0.045138255
0.2792694,0.038104087,-0.13766664,0.036798477,0.09614153,0.623794,0.10061005,-0.03390532,0.83549094,0.6605524,-0.027275078,-0.09663908,0.009021357,0.3284245,0.11179066,-0.08387257,0.03678152
0.16220231,0.06633283,0.088934794,-0.12310468,-0.018493682,0.90157837,-0.006562844,0.026663378,0.68462634,0.5086448,-0.1217736,-0.04833831,0.06397994,0.4312375,0.11412862,0.13341123,0.1339533
0.14828561,0.08797051,-0.036393665,0.13819826,0.12968716,0.9451406,0.08482595,-0.14346316,0.5783626,0.28161836,0.11517167,-0.03435754,0.14686096,0.42585826,-0.09223272,0.08036405,-0.01862964
0.43002155,0.06931691,-0.11978231,0.074447006,-0.061273813,0.8630966,-0.019394755,0.082684964,0.680603,0.4205441,0.014581978,-0.020774528,-0.020581454,0.36729205,0.035160184,0.14585671,0.050970152
0.14602855,-0.11337203,-0.06369771,0.021210521,-0.03499557,0.8514615,0.07390089,-0.07696125,0.6085556,0.5396872,-0.060893767,-0.058813266,0.03621635,0.5020184,-0.14385612,0.030267224,-0.0946884
0.20700221,0.08036846,0.08895248,-0.079119235,0.042630196,0.8923316,0.02381882,-0.07360524,0.80849403,0.3400533,-0.100257814,-0.01687333,0.06575988,0.19846793,-0.14748384,-0.034852892,0.03859222
0.37058026,-0.064757526,-0.12962222,-0.09952529,0.08605753,1.0473235,0.071409404,-0.09444489,0.4788408,0.18728966,-0.08847052,-0.04885848,-0.09655003,0.25277185,-0.14461377,-0.1359421,-0.019167453
0.37787762,-0.003077209,0.004505247,-0.048179433,-0.093823,0.75501543,-0.09075038,0.03282237,0.5287355,0.6139942,0.048837915,-0.13494404,-0.017929256,0.44831258,-0.013538808,-0.098206155,0.023076937
0.13523698,-0.008517146,-0.090777084,-0.14778636,-0.13367875,0.6806539,0.07695174,0.0758277,0.76772064,0.74812865,-0.12630315,-0.011050418,-0.0018202066,0.25354654,-0.059632808,-0.12607372,0.031376094
0.19279245,0.11062476,-0.10070222,-0.073852375,-0.015981048,0.86168575,0.037124738,0.041500315,0.9425865,-0.04024277,-0.029918544,-0.05435785,-0.124555014,0.38120252,-0.13333505,-0.061074138,0.018111587
0.25504678,0.13712576,-0.09865281,0.01009202,-0.060796402,0.84500265,0.050750002,0.09746933,0.29452163,0.26880595,-0.13551643,-0.14380652,0.079973236,0.23352052,-0.0024377108,-0.012006611,0.032150537
0.26561135,0.13471165,0.14815155,0.039491832,-0.14008817,0.6589054,0.11561528,-0.115412205,0.6159297,0.36870238,-0.053605556,0.0072240233,-0.009094119,0.14111546,0.08154558,0.0598021,0.05993168
0.29386976,0.025284931,-0.013067082,-0.06243693,-0.050847962,0.76136786,0.10916054,-0.05777096,0.72158873,0.31209236,0.14895973,-0.060724087,-0.0014332533,0.21394436,-0.13921392,0.08480771,-0.09750082
0.12146573,0.04005982,-0.035038397,-0.010667518,0.10703975,0.8492681,-0.07188642,-0.03206923,0.48794097,0.64044505,0.034049824,-3.606081e-05,-0.027818583,0.14914058,0.07563572,-0.06077367,-0.09524335
0.32077724,0.0062580407,-0.12840617,-0.014904216,0.1065599,0.5911974,0.05082211,-0.04286202,0.9415164,0.45734763,-0.10083559,-0.12524731,-0.006662771,0.1255902,0.03451392,-0.018578976,-0.006586522
0.21054502,0.063252375,0.09294638,0.14643922,-0.106939316,0.9301658,0.13268498,-0.12332204,0.78431284,0.3552034,0.012566313,0.08854832,0.06108682,0.1964736,0.10168773,-0.042873017,0.13731086
0.1551344,0.14197975,-0.13714328,-0.05609093,0.10743618,0.95929617,0.072890356,0.045591086,0.54882693,0.48955956,-0.12044977,0.044425607,-0.06891373,0.102018535,-0.037745386,-0.020127192,0.06566121
0.41133946,-0.09091355,0.13399386,-0.14043783,0.0448502,0.65169287,0.038790002,-0.10440358,0.65723944,0.1747703,0.019727483,-0.042123698,-0.03745936,0.0756783,-0.109944396,0.06212665,0.025089905
0.31489795,-0.03223277,-0.094435126,-0.0427533,-0.060964487,0.9407689,-0.031045191,-0.13309485,0.5138544,0.7239623,-0.029819906,0.049094304,0.0987037,0.39326465,-0.04304792,0.09763987,0.10239655
0.052735403,-0.06310365,-0.1069569,-0.025198087,-0.10298657,0.6449261,0.123542935,0.076242924,0.9173768,0.63033587,-0.03817288,0.06333661,0.055327624,0.25469485,0.11354247,0.027499244,0.019095749
0.25055826,-0.068590075,-0.029542945,0.107384294,0.012735859,0.9633248,-0.020628035,0.1491588,0.7056875,-0.023306556,0.04919915,0.05189295,0.08797127,0.25278133,-0.056641996,-0.0065657496,0.12884298
0.29001838,-0.13823617,-0.024374023,0.1208061,-0.05478339,0.86846584,-0.02703917,-0.0004210919,0.122906975,0.6075486,-0.02177009,-0.13100664,-0.12942861,-0.047513574,0.10983065,0.086928025,-0.13105631
0.3710216,-0.020049393,-0.030628502,0.04407896,-0.07245298,0.2313969,-0.048070498,-0.06130472,0.8812369,0.63282955,-0.09748082,0.042283475,-0.07795369,0.42776132,0.13733977,0.100492686,0.12825748
0.004431173,-0.09857773,-0.14584404,0.10791513,0.10726774,0.94892853,0.13778993,-0.0876617,0.7739098,0.42989618,-0.06271441,0.025792629,0.031806678,0.4220681,-0.01899892,-0.111391805,0.029853344
0.22678363,-0.13407919,0.1297366,-0.010648653,-0.088706255,0.8419101,0.09013145,-0.066821426,0.75543916,0.13103913,-0.059031256,0.09612383,0.044313148,0.45349208,-0.030499898,-0.121253505,-0.091083616
0.22637975,-0.06595779,-0.12425747,-0.08881821,-0.013371319,0.89266574,-0.04838516,0.026765615,0.36588585,0.5514251,-0.040021062,-0.108597144,-0.14636746,0.36720413,0.054083943,0.011887118,0.01890716
0.15862714,-0.08613108,-0.091879115,-0.13030887,0.05445142,0.5463469,-0.12444601,-0.14221506,0.83149445,0.30110347,0.049957052,-0.059719726,-0.10504949,0.1837894,0.104760826,0.09075424,0.05489467
0.4270135,0.030718833,-0.1191452,-0.0719212,0.05352527,0.8096674,0.1041204,0.11408052,0.6516206,0.5734329,-0.118885346,0.036820292,0.092499375,0.41853687,0.06637643,-0.012513816,0.093342036
0.18677817,-0.044523954,0.043507293,0.02632612,0.070142195,0.81973994,-0.0078021884,-0.053964846,0.7043566,0.5848583,-0.14505552,0.11931381,-0.036615625,0.08469207,-0.06303871,-0.035501793,0.1036793
0.35456526,0.119893014,-0.02683264,-0.13943347,0.05401565,0.7343717,-0.12659699,-0.12619594,0.65238935,0.24022074,0.025800586,0.019334167,0.11986223,0.25577685,0.12259528,0.017133743,0.14171639
0.36794794,0.12190646,-0.062097505,-0.0022151768,0.12480989,0.7373061,0.14259318,-0.1156688,0.6196543,0.7062353,0.123070985,0.14168549,0.13914067,0.23375325,-0.032432646,-0.053167693,0.06881091
0.28447172,-0.05627103,-0.05169078,-0.109969735,-0.056530453,0.84569216,-0.0025707781,0.13251287,0.9584092,0.70929086,-0.104637966,0.01581785,0.017999262,0.31510657,0.07671341,0.07777484,0.093438506
0.100836426,0.10678682,0.10347098,0.06881957,-0.012531474,1.0187719,0.088033214,-0.09209977,0.8998375,0.407998,-0.05454489,0.047562003,0.060274556,0.16144146,-0.09866819,0.12940797,0.1015622
